package	score	source	blacklisted
ggplot2	825793	cran	FALSE
rlang	823617	cran	FALSE
vctrs	746036	cran	FALSE
cli	716968	cran	FALSE
lifecycle	685718	cran	FALSE
Rcpp	680927	cran	FALSE
R6	646408	cran	FALSE
RcppEigen	642454	cran	FALSE
glue	620581	cran	FALSE
tibble	618949	cran	FALSE
magrittr	605035	cran	FALSE
scales	604711	cran	FALSE
dplyr	582083	cran	FALSE
cpp11	577178	cran	FALSE
pillar	570769	cran	FALSE
withr	555034	cran	FALSE
fs	543856	cran	FALSE
S7	496473	cran	FALSE
gtable	494449	cran	FALSE
rstan	491071	cran	FALSE
isoband	488006	cran	FALSE
jsonlite	484019	cran	FALSE
callr	477958	cran	FALSE
utf8	472730	cran	FALSE
processx	464619	cran	FALSE
bslib	462195	cran	FALSE
pkgconfig	460603	cran	FALSE
StanHeaders	458583	cran	FALSE
curl	453674	cran	FALSE
rmarkdown	453342	cran	FALSE
generics	452229	cran	FALSE
viridisLite	444523	cran	FALSE
ps	441374	cran	FALSE
farver	439052	cran	FALSE
purrr	435490	cran	FALSE
sass	430035	cran	FALSE
xfun	430022	cran	FALSE
RColorBrewer	422285	cran	FALSE
otel	419790	cran	FALSE
labeling	404407	cran	FALSE
pkgbuild	403578	cran	FALSE
tidyr	400429	cran	FALSE
stringr	392004	cran	FALSE
knitr	389044	cran	FALSE
digest	386808	cran	FALSE
tidyselect	384222	cran	FALSE
httr	374982	cran	FALSE
htmltools	373945	cran	FALSE
yaml	367290	cran	FALSE
backports	366508	cran	FALSE
stringi	365956	cran	FALSE
desc	361970	cran	FALSE
tinytex	357152	cran	FALSE
pkgload	354451	cran	FALSE
gridExtra	352237	cran	FALSE
jquerylib	350707	cran	FALSE
highr	350324	cran	FALSE
evaluate	348916	cran	FALSE
base64enc	347650	cran	FALSE
mime	346800	cran	FALSE
crayon	346431	cran	FALSE
cachem	345993	cran	FALSE
rappdirs	340849	cran	FALSE
fastmap	340780	cran	FALSE
fontawesome	339524	cran	FALSE
memoise	338163	cran	FALSE
testthat	334288	cran	FALSE
BH	322314	cran	FALSE
systemfonts	320662	cran	FALSE
openssl	311770	cran	FALSE
readxl	299481	cran	FALSE
checkmate	295335	cran	FALSE
RcppParallel	294663	cran	FALSE
data_table	293517	cran	FALSE
tidyverse	293412	cran	FALSE
abind	285016	cran	FALSE
numDeriv	284723	cran	FALSE
textshaping	283782	cran	FALSE
htmlwidgets	280007	cran	FALSE
loo	274194	cran	FALSE
xml2	273376	cran	FALSE
posterior	268669	cran	FALSE
rstudioapi	268375	cran	FALSE
distributional	264005	cran	FALSE
ragg	260798	cran	FALSE
bit64	253551	cran	FALSE
shiny	253544	cran	FALSE
matrixStats	253539	cran	FALSE
readr	253006	cran	FALSE
zoo	247543	cran	FALSE
rprojroot	247032	cran	FALSE
commonmark	246188	cran	FALSE
hms	246115	cran	FALSE
askpass	239418	cran	FALSE
promises	235791	cran	FALSE
sys	235629	cran	FALSE
waldo	235462	cran	FALSE
later	235446	cran	FALSE
httpuv	229165	cran	FALSE
prettyunits	227718	cran	FALSE
vroom	222916	cran	FALSE
diffobj	221110	cran	FALSE
clipr	220884	cran	FALSE
QuickJSR	219040	cran	FALSE
bit	218640	cran	FALSE
brio	218226	cran	FALSE
RcppArmadillo	216753	cran	FALSE
igraph	216157	cran	FALSE
lubridate	211549	cran	FALSE
praise	210457	cran	FALSE
progress	209501	cran	FALSE
DBI	205255	cran	FALSE
broom	204719	cran	FALSE
tzdb	203517	cran	FALSE
inline	200441	cran	FALSE
plyr	190428	cran	FALSE
lazyeval	189362	cran	FALSE
timechange	187946	cran	FALSE
xtable	185760	cran	FALSE
reshape2	184756	cran	FALSE
tensorA	183528	cran	FALSE
lme4	183297	cran	FALSE
sourcetools	180161	cran	FALSE
crosstalk	174931	cran	FALSE
DT	166848	cran	FALSE
miniUI	166319	cran	FALSE
car	163723	cran	FALSE
remotes	160123	cran	FALSE
nloptr	155595	cran	FALSE
Rdpack	155080	cran	FALSE
lmtest	154389	cran	FALSE
blob	154073	cran	FALSE
colorspace	152610	cran	FALSE
ggrepel	151972	cran	FALSE
haven	150138	cran	FALSE
cellranger	150108	cran	FALSE
forcats	147823	cran	FALSE
mvtnorm	147606	cran	FALSE
reformulas	147081	cran	FALSE
rematch	146916	cran	FALSE
markdown	144511	cran	FALSE
rbibutils	143882	cran	FALSE
litedown	143418	cran	FALSE
modelr	142654	cran	FALSE
uuid	140688	cran	FALSE
dbplyr	138715	cran	FALSE
minqa	137865	cran	FALSE
openxlsx	137162	cran	FALSE
V8	136602	cran	FALSE
forecast	136075	cran	FALSE
ggridges	135912	cran	FALSE
rvest	134848	cran	FALSE
timeDate	130275	cran	FALSE
future	130135	cran	FALSE
zip	129603	cran	FALSE
fracdiff	125893	cran	FALSE
gargle	125799	cran	FALSE
e1071	125584	cran	FALSE
xts	123600	cran	FALSE
Formula	122219	cran	FALSE
quantreg	122067	cran	FALSE
shinyjs	121962	cran	FALSE
cowplot	121668	cran	FALSE
googledrive	121161	cran	FALSE
globals	121032	cran	FALSE
urca	120911	cran	FALSE
googlesheets4	120655	cran	FALSE
png	119738	cran	FALSE
MatrixModels	119688	cran	FALSE
selectr	119042	cran	FALSE
proxy	118972	cran	FALSE
sf	118699	cran	FALSE
parallelly	116618	cran	FALSE
httr2	115608	cran	FALSE
pbkrtest	115382	cran	FALSE
pak	115371	cran	FALSE
coda	113853	cran	FALSE
microbenchmark	112988	cran	FALSE
gtools	112374	cran	FALSE
SparseM	111607	cran	FALSE
dtplyr	110182	cran	FALSE
reprex	108596	cran	FALSE
doBy	108585	cran	FALSE
patchwork	107323	cran	FALSE
dygraphs	106646	cran	FALSE
conflicted	105629	cran	FALSE
colourpicker	103163	cran	FALSE
shinythemes	101938	cran	FALSE
ids	101761	cran	FALSE
rematch2	101537	cran	FALSE
s2	101489	cran	FALSE
carData	99923	cran	FALSE
roxygen2	99602	cran	FALSE
foreach	98761	cran	FALSE
threejs	98564	cran	FALSE
listenv	98310	cran	FALSE
shinystan	98304	cran	FALSE
devtools	98218	cran	FALSE
arrow	97949	cran	FALSE
iterators	95699	cran	FALSE
svglite	95340	cran	FALSE
Deriv	94972	cran	FALSE
bayesplot	94398	cran	FALSE
writexl	91093	cran	FALSE
units	90146	cran	FALSE
renv	89670	cran	FALSE
future_apply	88574	cran	FALSE
rstantools	88225	cran	FALSE
sandwich	88082	cran	FALSE
plotly	87092	cran	FALSE
sessioninfo	85944	cran	FALSE
ggpubr	85707	cran	FALSE
corrplot	84658	cran	FALSE
ellipsis	83864	cran	FALSE
BiocManager	82708	cran	FALSE
gh	81504	cran	FALSE
bitops	81180	cran	FALSE
rstatix	80681	cran	FALSE
classInt	80598	cran	FALSE
rex	79875	cran	FALSE
brew	75715	cran	FALSE
sp	75694	cran	FALSE
psych	75270	cran	FALSE
janitor	74774	cran	FALSE
usethis	74581	cran	FALSE
RSQLite	74384	cran	FALSE
wk	74324	cran	FALSE
covr	71960	cran	FALSE
maps	71531	cran	FALSE
gert	70222	cran	FALSE
pkgdown	70209	cran	FALSE
shape	69843	cran	FALSE
fansi	69220	cran	FALSE
XML	68436	cran	FALSE
whisker	67631	cran	FALSE
kableExtra	66751	cran	FALSE
Hmisc	66721	cran	FALSE
here	66647	cran	FALSE
progressr	66415	cran	FALSE
credentials	65522	cran	FALSE
profvis	65096	cran	FALSE
htmlTable	63630	cran	FALSE
insight	63551	cran	FALSE
viridis	62738	cran	FALSE
MASS	62495	cran	FALSE
magick	62424	cran	FALSE
quadprog	62243	cran	FALSE
gitcreds	61726	cran	FALSE
downlit	61169	cran	FALSE
ini	60248	cran	FALSE
ggsci	59934	cran	FALSE
gdtools	59674	cran	FALSE
RCurl	59578	cran	FALSE
assertthat	59241	cran	FALSE
R_utils	59049	cran	FALSE
rcmdcheck	58616	cran	FALSE
emmeans	57413	cran	FALSE
terra	57259	cran	FALSE
xopen	57036	cran	FALSE
R_oo	55933	cran	FALSE
jpeg	55661	cran	FALSE
recipes	54927	cran	FALSE
R_methodsS3	54697	cran	FALSE
rversions	54640	cran	FALSE
RcppTOML	54529	cran	FALSE
glmnet	54265	cran	FALSE
reticulate	53956	cran	FALSE
polynom	53248	cran	FALSE
pROC	53233	cran	FALSE
TTR	52732	cran	FALSE
vegan	52642	cran	FALSE
hexbin	51923	bioc_fallback_rank,cran	FALSE
lattice	51489	cran	FALSE
cluster	51150	cran	FALSE
lava	51081	cran	FALSE
Matrix	50861	cran	FALSE
mnormt	50727	cran	FALSE
multcomp	50386	cran	FALSE
ggsignif	50370	cran	FALSE
datawizard	50339	cran	FALSE
hardhat	50337	cran	FALSE
doParallel	50161	cran	FALSE
caret	49804	cran	FALSE
plumber	49779	cran	FALSE
leaflet	49616	cran	FALSE
GPArotation	49582	cran	FALSE
odbc	49500	cran	FALSE
nlme	48888	cran	FALSE
pdftools	48801	cran	FALSE
urlchecker	48583	cran	FALSE
survival	48152	cran	FALSE
prodlim	47638	cran	FALSE
nycflights13	47319	cran	FALSE
ggthemes	46985	cran	FALSE
sparsevctrs	46261	cran	FALSE
FNN	46147	cran	FALSE
clock	45599	cran	FALSE
palmerpenguins	45381	cran	FALSE
statmod	45366	cran	FALSE
quantmod	44285	cran	FALSE
SQUAREM	44046	cran	FALSE
ape	44008	cran	FALSE
estimability	43870	cran	FALSE
gt	43828	cran	FALSE
TH_data	43245	cran	FALSE
pbapply	42624	cran	FALSE
ipred	41784	cran	FALSE
randomForest	41494	cran	FALSE
tseries	40905	cran	FALSE
deldir	40634	cran	FALSE
diagram	40441	cran	FALSE
permute	39690	cran	FALSE
reactable	39585	cran	FALSE
fontquiver	39433	cran	FALSE
polyclip	39424	cran	FALSE
Lahman	39283	cran	FALSE
rpart	39090	cran	FALSE
gower	38980	cran	FALSE
furrr	38936	cran	FALSE
futile_logger	38760	cran	FALSE
formatR	38488	cran	FALSE
ggforce	38161	cran	FALSE
officer	37809	cran	FALSE
fontLiberation	37556	cran	FALSE
snakecase	37378	cran	FALSE
tidymodels	37374	cran	FALSE
duckdb	37288	cran	FALSE
flextable	37158	cran	FALSE
fontBitstreamVera	36855	cran	FALSE
reactR	36191	cran	FALSE
FactoMineR	35749	cran	FALSE
spam	35617	cran	FALSE
caTools	35160	cran	FALSE
snow	35113	cran	FALSE
performance	34979	cran	FALSE
tweenr	34960	cran	FALSE
raster	34923	cran	FALSE
factoextra	34872	cran	FALSE
lambda_r	34299	cran	FALSE
scatterplot3d	33770	cran	FALSE
juicyjuice	33680	cran	FALSE
jose	33630	cran	FALSE
bayestestR	33617	cran	FALSE
multcompView	33204	cran	FALSE
lmerTest	32938	cran	FALSE
vdiffr	32552	cran	FALSE
tesseract	32461	cran	FALSE
ModelMetrics	32287	cran	FALSE
bigD	32277	cran	FALSE
DEoptimR	32221	cran	FALSE
gplots	32087	cran	FALSE
gapminder	32068	cran	FALSE
gridtext	31951	cran	FALSE
repurrrsive	31940	cran	FALSE
tinytest	31746	cran	FALSE
futile_options	31652	cran	FALSE
webp	31425	cran	FALSE
leaps	31240	cran	FALSE
pracma	31139	cran	FALSE
rjson	30738	cran	FALSE
quarto	30718	cran	FALSE
pheatmap	30654	cran	FALSE
boot	30578	cran	FALSE
sodium	30452	cran	FALSE
irlba	30416	cran	FALSE
robustbase	30346	cran	FALSE
parameters	30172	cran	FALSE
locfit	30008	cran	FALSE
babynames	29852	cran	FALSE
survey	29845	cran	FALSE
ggiraph	29202	cran	FALSE
spatstat_geom	29166	cran	FALSE
Rsolnp	28781	cran	FALSE
filelock	28289	cran	FALSE
nanonext	28181	cran	FALSE
dendextend	28117	cran	FALSE
mgcv	28027	cran	FALSE
webutils	27434	cran	FALSE
mclust	27366	cran	FALSE
spelling	27337	cran	FALSE
ordinal	27221	cran	FALSE
lavaan	27198	cran	FALSE
spatstat_random	27139	cran	FALSE
ellipse	27130	cran	FALSE
hunspell	27072	cran	FALSE
spatstat_utils	26989	cran	FALSE
plotrix	26977	cran	FALSE
spatstat_univar	26898	cran	FALSE
spatstat_explore	26650	cran	FALSE
ucminf	26610	cran	FALSE
mirai	26496	cran	FALSE
yulab_utils	26307	cran	FALSE
rugarch	26127	cran	FALSE
spatstat_sparse	26037	cran	FALSE
expm	25923	cran	FALSE
ggtext	25735	cran	FALSE
fastmatch	25530	cran	FALSE
ggraph	25463	cran	FALSE
R_cache	25367	cran	FALSE
ks	25228	cran	FALSE
bookdown	25129	cran	FALSE
rgl	25073	cran	FALSE
visNetwork	24833	cran	FALSE
RcppProgress	24757	cran	FALSE
kernlab	24612	cran	FALSE
xgboost	24477	cran	FALSE
ROCR	24225	cran	FALSE
mice	24209	cran	FALSE
RSpectra	24179	cran	FALSE
nnet	24145	cran	FALSE
gtsummary	24028	cran	FALSE
GGally	24026	cran	FALSE
spdep	23711	cran	FALSE
graphlayouts	23688	cran	FALSE
clue	23391	cran	FALSE
tidygraph	23384	cran	FALSE
foreign	23317	cran	FALSE
dotCall64	23311	cran	FALSE
flashClust	23302	cran	FALSE
rJava	23237	cran	FALSE
mitools	23124	cran	FALSE
lobstr	23093	cran	FALSE
labelled	23018	cran	FALSE
lpSolve	22842	cran	FALSE
nleqslv	22761	cran	FALSE
ggplotify	22619	cran	FALSE
pkgKitten	22097	cran	FALSE
rsconnect	22077	cran	FALSE
RUnit	21988	cran	FALSE
lintr	21904	cran	FALSE
libcoin	21641	cran	FALSE
nortest	21619	cran	FALSE
gridGraphics	21577	cran	FALSE
fastDummies	21537	cran	FALSE
cards	21534	cran	FALSE
Seurat	21494	cran	FALSE
ca	21390	cran	FALSE
modeltools	21326	cran	FALSE
effectsize	21256	cran	FALSE
munsell	21232	cran	FALSE
showtext	21044	cran	FALSE
ggstats	21008	cran	FALSE
ggfun	21001	cran	FALSE
ranger	20929	cran	FALSE
xmlparsedata	20928	cran	FALSE
logger	20844	cran	FALSE
mapproj	20774	cran	FALSE
bdsmatrix	20757	cran	FALSE
circlize	20460	cran	FALSE
aplot	20446	cran	FALSE
stringdist	20446	cran	FALSE
deSolve	20396	cran	FALSE
spData	20314	cran	FALSE
brms	20196	cran	FALSE
ggnewscale	20175	cran	FALSE
RcppHNSW	20099	cran	FALSE
websocket	19970	cran	FALSE
jomo	19871	cran	FALSE
slider	19769	cran	FALSE
mitml	19763	cran	FALSE
Cairo	19691	cran	FALSE
spatstat_data	19656	cran	FALSE
SeuratObject	19640	cran	FALSE
tidytree	19489	cran	FALSE
cardx	19487	cran	FALSE
GlobalOptions	19255	cran	FALSE
leaflet_providers	19232	cran	FALSE
AsioHeaders	19161	cran	FALSE
class	19005	cran	FALSE
styler	19003	cran	FALSE
RANN	18994	cran	FALSE
warp	18982	cran	FALSE
pbivnorm	18943	cran	FALSE
pan	18941	cran	FALSE
KernSmooth	18908	cran	FALSE
mathjaxr	18893	cran	FALSE
registry	18803	cran	FALSE
DescTools	18784	cran	FALSE
bridgesampling	18777	cran	FALSE
moments	18753	cran	FALSE
fitdistrplus	18730	cran	FALSE
sysfonts	18517	cran	FALSE
mockery	18503	cran	FALSE
DiagrammeR	18153	cran	FALSE
slam	18147	cran	FALSE
rsample	17960	cran	FALSE
repr	17930	cran	FALSE
metafor	17848	cran	FALSE
goftest	17835	cran	FALSE
chromote	17767	cran	FALSE
snowflakeauth	17758	cran	FALSE
codetools	17518	cran	FALSE
gmp	17505	cran	FALSE
Rtsne	17431	cran	FALSE
broom_mixed	17382	cran	FALSE
survminer	17370	cran	FALSE
uwot	17363	cran	FALSE
RPostgres	17353	cran	FALSE
shinyWidgets	17265	cran	FALSE
showtextdb	17256	cran	FALSE
TSP	17244	cran	FALSE
shinydashboard	17210	cran	FALSE
restfulr	17206	cran	FALSE
TMB	17108	cran	FALSE
vcd	17077	cran	FALSE
servr	16979	cran	FALSE
packrat	16962	cran	FALSE
seriation	16958	cran	FALSE
RcppAnnoy	16920	cran	FALSE
lmom	16844	cran	FALSE
interp	16825	cran	FALSE
rapidjsonr	16819	cran	FALSE
ggdist	16748	cran	FALSE
ade4	16732	cran	FALSE
glmmTMB	16553	cran	FALSE
rootSolve	16545	cran	FALSE
collapse	16446	cran	FALSE
corpcor	16390	cran	FALSE
fixest	16348	cran	FALSE
rpart_plot	16313	cran	FALSE
gclus	16294	cran	FALSE
PKI	16292	cran	FALSE
SnowballC	16257	cran	FALSE
latticeExtra	16168	cran	FALSE
fields	16137	cran	FALSE
pacman	16134	cran	FALSE
scatterpie	16105	cran	FALSE
sfheaders	15989	cran	FALSE
plm	15852	cran	FALSE
reshape	15809	cran	FALSE
signal	15809	cran	FALSE
chron	15776	cran	FALSE
sitmo	15770	cran	FALSE
dqrng	15764	cran	FALSE
AER	15686	cran	FALSE
tensor	15663	cran	FALSE
geometries	15658	cran	FALSE
qap	15632	cran	FALSE
pander	15525	cran	FALSE
gld	15507	cran	FALSE
Brobdingnag	15416	cran	FALSE
mlbench	15407	cran	FALSE
ggplot2movies	15273	cran	FALSE
config	15259	cran	FALSE
strucchange	15254	cran	FALSE
truncnorm	15139	cran	FALSE
CompQuadForm	15109	cran	FALSE
qpdf	15104	cran	FALSE
GetoptLong	15071	cran	FALSE
stars	14934	cran	FALSE
tidytext	14895	cran	FALSE
rstanarm	14817	cran	FALSE
AzureAuth	14785	cran	FALSE
geojsonsf	14646	cran	FALSE
yardstick	14634	cran	FALSE
sctransform	14451	cran	FALSE
metadat	14394	cran	FALSE
exactRankTests	14368	cran	FALSE
ggbeeswarm	14131	cran	FALSE
jsonify	14105	cran	FALSE
stargazer	14071	cran	FALSE
pcaPP	14039	cran	FALSE
pixmap	14024	cran	FALSE
AzureGraph	14011	cran	FALSE
agricolae	13896	cran	FALSE
coin	13863	cran	FALSE
spatial	13769	cran	FALSE
stringmagic	13720	cran	FALSE
Exact	13624	cran	FALSE
parsnip	13592	cran	FALSE
VGAM	13562	cran	FALSE
skimr	13522	cran	FALSE
rio	13480	cran	FALSE
dbscan	13407	cran	FALSE
ggtangle	13297	cran	FALSE
mlr3	13191	cran	FALSE
AzureRMR	13115	cran	FALSE
rsvg	13057	cran	FALSE
dreamerr	13037	cran	FALSE
scam	13014	cran	FALSE
modelsummary	13009	cran	FALSE
arm	12979	cran	FALSE
bnlearn	12765	cran	FALSE
multicool	12737	cran	FALSE
rngtools	12630	cran	FALSE
UpSetR	12619	cran	FALSE
combinat	12613	cran	FALSE
pingr	12572	cran	FALSE
git2r	12566	cran	FALSE
miscTools	12511	cran	FALSE
maxLik	12480	cran	FALSE
gdata	12421	cran	FALSE
effects	12327	cran	FALSE
anytime	12243	cran	FALSE
beeswarm	12204	cran	FALSE
gbm	12178	cran	FALSE
googleAuthR	12147	cran	FALSE
tables	12078	cran	FALSE
rentrez	12019	cran	FALSE
bibliometrix	11982	cran	FALSE
otelsdk	11961	cran	FALSE
vipor	11953	cran	FALSE
lwgeom	11936	cran	FALSE
RMySQL	11875	cran	FALSE
maxstat	11837	cran	FALSE
janeaustenr	11799	cran	FALSE
webshot2	11781	cran	FALSE
RhpcBLASctl	11770	cran	FALSE
gson	11758	cran	FALSE
workflows	11742	cran	FALSE
ggalluvial	11723	cran	FALSE
ggeffects	11715	cran	FALSE
stringfish	11646	cran	FALSE
RPostgreSQL	11591	cran	FALSE
network	11522	cran	FALSE
urltools	11518	cran	FALSE
scattermore	11479	cran	FALSE
webfakes	11430	cran	FALSE
tokenizers	11426	cran	FALSE
RSpincalc	11381	cran	FALSE
tm	11371	cran	FALSE
doRNG	11353	cran	FALSE
marginaleffects	11333	cran	FALSE
segmented	11242	cran	FALSE
rms	11231	cran	FALSE
nanoarrow	11228	cran	FALSE
meta	11209	cran	FALSE
leafem	11201	cran	FALSE
qs2	11181	cran	FALSE
tune	11153	cran	FALSE
dials	11135	cran	FALSE
implied	11099	cran	FALSE
ismev	11068	cran	FALSE
modeldata	11043	cran	FALSE
shinycssloaders	11027	cran	FALSE
rnaturalearth	10991	cran	FALSE
pscl	10957	cran	FALSE
webshot	10936	cran	FALSE
spatstat	10881	cran	FALSE
geosphere	10854	cran	FALSE
bbmle	10820	cran	FALSE
admisc	10734	cran	FALSE
pls	10673	cran	FALSE
triebeard	10539	cran	FALSE
corrr	10333	cran	FALSE
PerformanceAnalytics	10330	cran	FALSE
statnet_common	10298	cran	FALSE
rlist	10229	cran	FALSE
R_rsp	10203	cran	FALSE
GauPro	10178	cran	FALSE
flexmix	10169	cran	FALSE
tmap	10136	cran	FALSE
countrycode	10134	cran	FALSE
xlsx	10133	cran	FALSE
rbenchmark	10085	cran	FALSE
timeSeries	10017	cran	FALSE
minpack_lm	9997	cran	FALSE
mlr3learners	9882	cran	FALSE
languageserver	9880	cran	FALSE
modelenv	9863	cran	FALSE
IRdisplay	9776	cran	FALSE
tinytable	9710	cran	FALSE
zeallot	9689	cran	FALSE
ncdf4	9616	cran	FALSE
infer	9583	cran	FALSE
aws_signature	9490	cran	FALSE
dunn_test	9484	cran	FALSE
ica	9464	cran	FALSE
collections	9462	cran	FALSE
sjlabelled	9412	cran	FALSE
maptiles	9399	cran	FALSE
fastICA	9363	cran	FALSE
ggcorrplot	9327	cran	FALSE
OpenMx	9294	cran	FALSE
coro	9283	cran	FALSE
gam	9274	cran	FALSE
egg	9260	cran	FALSE
gmodels	9260	cran	FALSE
DHARMa	9247	cran	FALSE
cmprsk	9244	cran	FALSE
lbfgs	9216	cran	FALSE
data_tree	9183	cran	FALSE
formattable	9159	cran	FALSE
vars	9159	cran	FALSE
sparklyr	9141	cran	FALSE
PRROC	9136	cran	FALSE
gap	9083	cran	FALSE
rsvd	9067	cran	FALSE
workflowsets	9055	cran	FALSE
mixopt	9038	cran	FALSE
phangorn	9037	cran	FALSE
DiceDesign	9004	cran	FALSE
Rmpfr	8967	cran	FALSE
googleAnalyticsR	8903	cran	FALSE
AlgDesign	8890	cran	FALSE
downloader	8870	cran	FALSE
lgr	8851	cran	FALSE
splitfngr	8836	cran	FALSE
mi	8831	cran	FALSE
sem	8805	cran	FALSE
sna	8802	cran	FALSE
sfd	8781	cran	FALSE
polspline	8771	cran	FALSE
proto	8747	cran	FALSE
RcppRoll	8702	cran	FALSE
tidydr	8702	cran	FALSE
leaflegend	8661	cran	FALSE
tailor	8647	cran	FALSE
yyjsonr	8593	cran	FALSE
mapview	8573	cran	FALSE
stabledist	8566	cran	FALSE
measurementProtocol	8559	cran	FALSE
extraDistr	8513	cran	FALSE
sjPlot	8506	cran	FALSE
wordcloud	8488	cran	FALSE
afex	8471	cran	FALSE
sjmisc	8445	cran	FALSE
mlr3pipelines	8413	cran	FALSE
geepack	8412	cran	FALSE
paletteer	8397	cran	FALSE
shadowtext	8381	cran	FALSE
mlogit	8364	cran	FALSE
bench	8363	cran	FALSE
dichromat	8275	cran	FALSE
Metrics	8275	cran	FALSE
gsl	8257	cran	FALSE
mlr3misc	8250	cran	FALSE
party	8249	cran	FALSE
leafgl	8221	cran	FALSE
ggfortify	8206	cran	FALSE
VennDiagram	8155	cran	FALSE
testit	8145	cran	FALSE
Rcmdr	8126	cran	FALSE
feather	8124	cran	FALSE
rrcov	8122	cran	FALSE
fBasics	8108	cran	FALSE
scrutiny	8040	cran	FALSE
NLP	8003	cran	FALSE
spatstat_model	7986	cran	FALSE
cols4all	7952	cran	FALSE
mediation	7948	cran	FALSE
spatstat_linnet	7928	cran	FALSE
IRkernel	7900	cran	FALSE
RJSONIO	7882	cran	FALSE
semPlot	7882	cran	FALSE
pwr	7877	cran	FALSE
magic	7872	cran	FALSE
katex	7857	cran	FALSE
sfsmisc	7789	cran	FALSE
correlation	7788	cran	FALSE
MatchIt	7785	cran	FALSE
MuMIn	7777	cran	FALSE
fdrtool	7743	cran	FALSE
operator_tools	7710	cran	FALSE
decor	7699	cran	FALSE
rjags	7697	cran	FALSE
installr	7691	cran	FALSE
seqinr	7678	cran	FALSE
RMariaDB	7656	cran	FALSE
crul	7641	cran	FALSE
questionr	7629	cran	FALSE
harmony	7628	cran	FALSE
tmaptools	7608	cran	FALSE
prismatic	7598	cran	FALSE
profmem	7596	cran	FALSE
qgraph	7590	cran	FALSE
leafsync	7577	cran	FALSE
naniar	7572	cran	FALSE
Rfast	7509	cran	FALSE
optparse	7503	cran	FALSE
ggrastr	7488	cran	FALSE
cubature	7465	cran	FALSE
rpf	7443	cran	FALSE
mlr3measures	7400	cran	FALSE
formula_tools	7398	cran	FALSE
gss	7374	cran	FALSE
autoann	7371	cran	FALSE
msigdbr	7365	cran	FALSE
spacesXYZ	7335	cran	FALSE
see	7332	cran	FALSE
tableone	7312	cran	FALSE
visdat	7252	cran	FALSE
semTools	7218	cran	FALSE
httpcode	7213	cran	FALSE
leafpop	7208	cran	FALSE
leidenbase	7205	cran	FALSE
mockr	7202	cran	FALSE
satellite	7174	cran	FALSE
BayesFactor	7170	cran	FALSE
micsr	7143	cran	FALSE
waiter	7143	cran	FALSE
swagger	7142	cran	FALSE
hdf5r	7133	cran	TRUE
rnaturalearthdata	7128	cran	FALSE
gstat	7124	cran	FALSE
prettydoc	7016	cran	FALSE
gifski	7002	cran	FALSE
qgam	6986	cran	FALSE
ggpp	6985	cran	FALSE
ggh4x	6972	cran	FALSE
doFuture	6960	cran	FALSE
norm	6960	cran	FALSE
base64url	6939	cran	FALSE
optimx	6936	cran	FALSE
drc	6910	cran	FALSE
elliptic	6907	cran	FALSE
msm	6891	cran	FALSE
biglm	6886	cran	FALSE
keyring	6885	cran	FALSE
broom_helpers	6868	cran	FALSE
FSA	6840	cran	FALSE
pool	6828	cran	FALSE
cyclocomp	6823	cran	FALSE
lpSolveAPI	6788	cran	FALSE
extrafont	6786	cran	FALSE
paradox	6763	cran	FALSE
partykit	6762	cran	FALSE
jtools	6760	cran	FALSE
sparkline	6749	cran	FALSE
hypergeo	6735	cran	FALSE
bigmemory	6704	cran	FALSE
gridBase	6656	cran	FALSE
gap_datasets	6653	cran	FALSE
sjstats	6612	cran	FALSE
glasso	6600	cran	FALSE
bbotk	6588	cran	FALSE
chk	6580	cran	FALSE
gsubfn	6572	cran	FALSE
modelbased	6520	cran	FALSE
DEoptim	6519	cran	FALSE
betareg	6511	cran	FALSE
pbdZMQ	6466	cran	FALSE
linprog	6455	cran	FALSE
geometry	6443	cran	FALSE
gamlss_dist	6439	cran	FALSE
archdata	6435	cran	FALSE
ggspatial	6424	cran	FALSE
nanoparquet	6412	cran	FALSE
bsicons	6395	cran	FALSE
linreg	6394	cran	FALSE
earth	6374	cran	FALSE
EnvStats	6358	cran	FALSE
tidyterra	6358	cran	FALSE
RJDBC	6357	cran	FALSE
rvg	6347	cran	FALSE
tsibble	6344	cran	FALSE
dfidx	6343	cran	FALSE
fastGHQuad	6314	cran	FALSE
Rttf2pt1	6308	cran	FALSE
SuppDists	6306	cran	FALSE
ggfittext	6296	cran	FALSE
evd	6267	cran	FALSE
paws_common	6251	cran	FALSE
zigg	6251	cran	FALSE
texreg	6231	cran	FALSE
secretbase	6186	cran	FALSE
networkD3	6179	cran	FALSE
cobalt	6169	cran	FALSE
metabook	6155	cran	FALSE
contfrac	6141	cran	FALSE
ggmap	6141	cran	FALSE
klaR	6134	cran	FALSE
diptest	6131	cran	FALSE
fresh	6124	cran	FALSE
gganimate	6119	cran	FALSE
BSDA	6099	cran	FALSE
getPass	6098	cran	FALSE
mlr3tuning	6098	cran	FALSE
ISOcodes	6082	cran	FALSE
xlsxjars	6065	cran	FALSE
fastcluster	6051	cran	FALSE
extrafontdb	6029	cran	FALSE
targets	6016	cran	FALSE
polycor	6003	cran	FALSE
gamlss	5989	cran	FALSE
nonnest2	5984	cran	FALSE
mets	5981	cran	FALSE
aws_s3	5973	cran	FALSE
sqldf	5973	cran	FALSE
diffviewer	5941	cran	FALSE
rockchalk	5922	cran	FALSE
plotmo	5891	cran	FALSE
WGCNA	5854	cran	FALSE
tweedie	5848	cran	FALSE
RODBC	5839	cran	FALSE
bayesm	5830	cran	FALSE
venn	5826	cran	FALSE
tictoc	5807	cran	FALSE
learnr	5803	cran	FALSE
epiR	5799	cran	FALSE
MCMCpack	5781	cran	FALSE
wordcloud2	5781	cran	FALSE
sn	5780	cran	FALSE
tiff	5776	cran	FALSE
pagedown	5768	cran	FALSE
fpc	5752	cran	FALSE
lhs	5731	cran	FALSE
transformr	5731	cran	FALSE
highs	5724	cran	FALSE
sftime	5724	cran	FALSE
nnls	5713	cran	FALSE
makedummies	5711	cran	FALSE
summarytools	5687	cran	FALSE
contentanalysis	5677	cran	FALSE
inum	5656	cran	FALSE
investr	5626	cran	FALSE
RcppML	5616	cran	FALSE
enrichit	5602	cran	FALSE
clusterGeneration	5597	cran	FALSE
actuar	5582	cran	FALSE
quanteda	5562	cran	FALSE
carrier	5542	cran	FALSE
babelgene	5541	cran	FALSE
ggdendro	5518	cran	FALSE
cleanrmd	5514	cran	FALSE
shades	5511	cran	FALSE
spacetime	5510	cran	FALSE
NMF	5498	cran	FALSE
compositions	5485	cran	FALSE
aisdk	5473	cran	FALSE
forestplot	5471	cran	FALSE
splines2	5462	cran	FALSE
RcmdrMisc	5436	cran	FALSE
fmsb	5430	cran	FALSE
muhaz	5429	cran	FALSE
intervals	5414	cran	FALSE
DiagrammeRsvg	5409	cran	FALSE
memuse	5391	cran	FALSE
MLmetrics	5380	cran	FALSE
geodata	5373	cran	FALSE
qvcalc	5370	cran	FALSE
systemfit	5356	cran	FALSE
lm_beta	5349	cran	FALSE
gamlss_data	5341	cran	FALSE
expint	5339	cran	FALSE
optimParallel	5324	cran	FALSE
riskRegression	5323	cran	FALSE
Cubist	5316	cran	FALSE
shinyBS	5286	cran	FALSE
whoami	5284	cran	FALSE
osqp	5270	cran	FALSE
timetk	5260	cran	FALSE
phytools	5259	cran	FALSE
trust	5253	cran	FALSE
arules	5247	cran	FALSE
margins	5241	cran	FALSE
latex2exp	5226	cran	FALSE
tensorflow	5221	cran	FALSE
prabclus	5213	cran	FALSE
spatialreg	5185	cran	FALSE
aod	5181	cran	FALSE
themis	5172	cran	FALSE
rosm	5136	cran	FALSE
itertools	5124	cran	FALSE
PMCMRplus	5121	cran	FALSE
lfe	5105	cran	FALSE
lars	5102	cran	FALSE
ff	5081	cran	FALSE
stopwords	5080	cran	FALSE
ppcor	5063	cran	FALSE
shinytest2	5054	cran	FALSE
BiasedUrn	5038	cran	FALSE
arg	5032	cran	FALSE
jsonvalidate	4996	cran	FALSE
timereg	4988	cran	FALSE
readstata13	4986	cran	FALSE
tidyquant	4976	cran	FALSE
openxlsx2	4964	cran	FALSE
pbmcapply	4945	cran	FALSE
CVXR	4942	cran	FALSE
gmm	4910	cran	FALSE
splancs	4906	cran	FALSE
sets	4892	cran	FALSE
VIM	4891	cran	FALSE
shinydashboardPlus	4890	cran	FALSE
interactions	4882	cran	FALSE
coxme	4861	cran	FALSE
devEMF	4846	cran	FALSE
tree	4846	cran	FALSE
DistributionUtils	4842	cran	FALSE
kSamples	4842	cran	FALSE
nanotime	4832	cran	FALSE
shinyAce	4826	cran	FALSE
ROSE	4816	cran	FALSE
relimp	4815	cran	FALSE
kutils	4806	cran	FALSE
GeneralizedHyperbolic	4803	cran	FALSE
fst	4801	cran	FALSE
stinepack	4791	cran	FALSE
fastglm	4783	cran	FALSE
dagitty	4781	cran	FALSE
audio	4780	cran	FALSE
Kendall	4763	cran	FALSE
fds	4748	cran	FALSE
debugme	4747	cran	FALSE
xaringan	4731	cran	FALSE
bigmemory_sri	4726	cran	FALSE
thematic	4716	cran	FALSE
energy	4707	cran	FALSE
fpCompare	4705	cran	FALSE
logistf	4691	cran	FALSE
randtoolbox	4691	cran	FALSE
pubmedR	4676	cran	FALSE
smotefamily	4674	cran	FALSE
watcher	4673	cran	FALSE
imputeTS	4671	cran	FALSE
dynamicTreeCut	4659	cran	FALSE
LearnBayes	4656	cran	FALSE
prediction	4656	cran	FALSE
logging	4655	cran	FALSE
lisrelToR	4649	cran	FALSE
gridSVG	4639	cran	FALSE
beepr	4605	cran	FALSE
mcmc	4605	cran	FALSE
tsfeatures	4602	cran	FALSE
mda	4585	cran	FALSE
RcppThread	4584	cran	FALSE
spacefillr	4580	cran	FALSE
fda	4579	cran	FALSE
clubSandwich	4578	cran	FALSE
gee	4570	cran	FALSE
FlexParamCurve	4565	cran	FALSE
vip	4563	cran	FALSE
estimatr	4561	cran	FALSE
archive	4525	cran	FALSE
partitions	4525	cran	FALSE
TSA	4519	cran	FALSE
exactextractr	4518	cran	FALSE
fstcore	4514	cran	FALSE
bibtex	4510	cran	FALSE
ggExtra	4490	cran	FALSE
SkewHyperbolic	4488	cran	FALSE
ash	4469	cran	FALSE
hdrcde	4460	cran	FALSE
brglm	4443	cran	FALSE
mailR	4437	cran	FALSE
adegenet	4430	cran	FALSE
binom	4430	cran	FALSE
filehash	4420	cran	FALSE
av	4415	cran	TRUE
bigrquery	4403	cran	FALSE
rngWELL	4386	cran	FALSE
ggpattern	4380	cran	FALSE
tigris	4365	cran	FALSE
ResourceSelection	4364	cran	FALSE
openalexR	4363	cran	FALSE
ars	4359	cran	FALSE
Ecdat	4359	cran	FALSE
rstpm2	4353	cran	FALSE
alabama	4344	cran	FALSE
tfruns	4344	cran	FALSE
mlmRev	4328	cran	FALSE
keras	4326	cran	FALSE
Publish	4316	cran	FALSE
wooldridge	4314	cran	FALSE
fit_models	4312	cran	FALSE
mstate	4307	cran	FALSE
DiceKriging	4303	cran	FALSE
AzureStor	4291	cran	FALSE
alr4	4290	cran	FALSE
outliers	4290	cran	FALSE
ggpmisc	4284	cran	FALSE
spd	4277	cran	FALSE
mirt	4269	cran	FALSE
qqconf	4266	cran	FALSE
dynlm	4265	cran	FALSE
misc3d	4258	cran	FALSE
irr	4243	cran	FALSE
foghorn	4242	cran	FALSE
profileModel	4221	cran	FALSE
flexsurv	4216	cran	FALSE
reactlog	4202	cran	FALSE
ggVennDiagram	4198	cran	FALSE
robust	4197	cran	FALSE
huxtable	4187	cran	FALSE
RcppCCTZ	4178	cran	FALSE
rainbow	4169	cran	FALSE
BBmisc	4165	cran	FALSE
mixtools	4156	cran	FALSE
ISLR	4147	cran	FALSE
copula	4134	cran	FALSE
emdbook	4127	cran	FALSE
tikzDevice	4126	cran	FALSE
pec	4125	cran	FALSE
Rglpk	4114	cran	FALSE
rcompanion	4108	cran	FALSE
RcppNumerical	4108	cran	FALSE
BradleyTerry2	4102	cran	FALSE
pandoc	4096	cran	FALSE
psychTools	4095	cran	FALSE
MBESS	4084	cran	FALSE
ggformula	4081	cran	FALSE
np	4080	cran	FALSE
fGarch	4075	cran	FALSE
BWStest	4067	cran	FALSE
dfoptim	4066	cran	FALSE
phylolm	4064	cran	FALSE
bibliometrixData	4049	cran	FALSE
laeken	4046	cran	FALSE
clarabel	4045	cran	FALSE
LaplacesDemon	4030	cran	FALSE
pamr	4012	bioc_fallback_rank,cran	FALSE
listviewer	4007	cran	FALSE
rscopus	3984	cran	FALSE
missForest	3981	cran	FALSE
lsoda	3970	cran	FALSE
padr	3954	cran	FALSE
tfautograph	3950	cran	FALSE
attempt	3941	cran	FALSE
ellmer	3938	cran	FALSE
did	3934	cran	FALSE
flexdashboard	3898	cran	FALSE
crs	3890	cran	FALSE
rncl	3888	cran	FALSE
merDeriv	3887	cran	FALSE
plot3D	3884	cran	FALSE
effsize	3882	cran	FALSE
gamm4	3881	cran	FALSE
torch	3879	cran	FALSE
umap	3871	cran	FALSE
HSAUR3	3859	cran	FALSE
memisc	3851	cran	FALSE
cvar	3849	cran	FALSE
speedglm	3847	cran	FALSE
seasonal	3806	cran	FALSE
DRDID	3802	cran	FALSE
arulesViz	3800	cran	FALSE
RcppDate	3800	cran	FALSE
gbutils	3788	cran	FALSE
topicmodels	3774	cran	FALSE
heatmaply	3768	cran	FALSE
neuralnet	3767	cran	FALSE
doSNOW	3761	cran	FALSE
shinybusy	3749	cran	FALSE
poLCA	3734	cran	FALSE
nabor	3732	cran	FALSE
MVN	3727	cran	FALSE
brglm2	3723	cran	FALSE
wesanderson	3718	cran	FALSE
paws_storage	3708	cran	FALSE
kknn	3701	cran	FALSE
aplpack	3694	cran	FALSE
readODS	3689	cran	FALSE
MEMSS	3664	cran	FALSE
spls	3663	cran	FALSE
NbClust	3662	cran	FALSE
shinydisconnect	3654	cran	FALSE
fasttime	3652	cran	FALSE
netmeta	3652	cran	FALSE
eulerr	3650	cran	FALSE
xslt	3647	cran	FALSE
x13binary	3640	cran	FALSE
fmesher	3637	cran	FALSE
SimDesign	3631	cran	FALSE
subplex	3630	cran	FALSE
shinyalert	3629	cran	FALSE
DBItest	3628	cran	FALSE
faraway	3618	cran	FALSE
BMisc	3605	cran	FALSE
Amelia	3595	cran	FALSE
butcher	3579	cran	FALSE
tis	3577	cran	FALSE
golem	3576	cran	FALSE
dimensionsR	3568	cran	FALSE
ivreg	3568	cran	FALSE
fabletools	3561	cran	FALSE
dtw	3531	cran	FALSE
sm	3528	cran	FALSE
JuliaCall	3518	cran	FALSE
scoringRules	3517	cran	FALSE
mosaicCore	3511	cran	FALSE
ergm	3504	cran	FALSE
ez	3498	cran	FALSE
superpc	3496	cran	FALSE
WriteXLS	3495	cran	FALSE
enrichwith	3487	cran	FALSE
mosaic	3484	cran	FALSE
highcharter	3477	cran	FALSE
gridpattern	3476	cran	FALSE
phyr	3469	cran	FALSE
semEff	3460	cran	FALSE
modeest	3431	cran	FALSE
docopt	3430	cran	FALSE
tidycensus	3427	cran	FALSE
ltm	3426	cran	FALSE
dismo	3419	cran	FALSE
R_devices	3409	cran	FALSE
mixsqp	3407	cran	FALSE
mfx	3402	cran	FALSE
RobStatTM	3370	cran	FALSE
WRS2	3366	cran	FALSE
pyinit	3365	cran	FALSE
googleCloudStorageR	3363	cran	FALSE
gtExtras	3359	cran	FALSE
report	3357	cran	FALSE
Epi	3345	cran	FALSE
tinyplot	3345	cran	FALSE
rr2	3341	cran	FALSE
Boruta	3339	cran	FALSE
ggm	3333	cran	FALSE
ggstatsplot	3326	cran	FALSE
lsmeans	3318	cran	FALSE
safetensors	3302	cran	FALSE
mclogit	3295	cran	FALSE
matrixcalc	3289	cran	FALSE
table1	3275	cran	FALSE
ggside	3254	cran	FALSE
R_matlab	3253	cran	FALSE
mlr	3229	cran	FALSE
tcltk2	3226	cran	FALSE
igraphdata	3224	cran	FALSE
brand_yml	3214	cran	FALSE
qcc	3214	cran	FALSE
rapportools	3211	cran	FALSE
mvnfast	3208	cran	FALSE
ggstance	3196	cran	FALSE
rticles	3189	cran	FALSE
logspline	3184	cran	FALSE
MCMCglmm	3184	cran	FALSE
bigassertr	3181	cran	FALSE
mapdata	3178	cran	FALSE
rgenoud	3170	cran	FALSE
FinTS	3162	cran	FALSE
scs	3144	cran	FALSE
shinyFiles	3144	cran	FALSE
float	3129	cran	FALSE
mondate	3123	cran	FALSE
minty	3121	cran	FALSE
metap	3110	cran	FALSE
pkgsearch	3102	cran	FALSE
changepoint	3101	cran	FALSE
miceadds	3101	cran	FALSE
enrichR	3099	cran	FALSE
descr	3086	cran	FALSE
grf	3085	cran	FALSE
TeachingDemos	3081	cran	FALSE
MplusAutomation	3075	cran	FALSE
nor1mix	3073	cran	FALSE
rgbif	3067	cran	FALSE
WeightIt	3054	cran	FALSE
ADGofTest	3044	cran	FALSE
statsExpressions	3043	cran	FALSE
numbers	3042	cran	FALSE
rsm	3039	cran	FALSE
giscoR	3037	cran	FALSE
epitools	3036	cran	FALSE
pspline	3028	cran	FALSE
parallelMap	3026	cran	FALSE
fable	3017	cran	FALSE
weights	3014	cran	FALSE
sampling	3007	cran	FALSE
qqplotr	3005	cran	FALSE
rmutil	3005	cran	FALSE
ISLR2	3002	cran	FALSE
invgamma	2997	cran	FALSE
dcurver	2994	cran	FALSE
fftwtools	2972	cran	FALSE
formatters	2961	cran	FALSE
ROI	2958	cran	FALSE
GenSA	2948	cran	FALSE
cobs	2935	cran	FALSE
gnm	2933	cran	FALSE
hash	2933	cran	FALSE
etm	2928	cran	FALSE
R2jags	2914	cran	FALSE
lemon	2911	cran	FALSE
rARPACK	2905	cran	FALSE
qrng	2896	cran	FALSE
KFAS	2892	cran	FALSE
directlabels	2889	cran	FALSE
mcanalysis	2884	cran	FALSE
hwriter	2883	cran	FALSE
hrbrthemes	2876	cran	FALSE
rtables	2868	cran	FALSE
lmodel2	2867	cran	FALSE
Rcsdp	2865	cran	FALSE
osmdata	2855	cran	FALSE
marquee	2851	cran	FALSE
pkgcache	2851	cran	FALSE
splus2R	2842	cran	FALSE
HH	2838	cran	FALSE
blme	2830	cran	FALSE
DataExplorer	2830	cran	FALSE
blastula	2818	cran	FALSE
pdp	2818	cran	FALSE
treemapify	2813	cran	FALSE
WDI	2812	cran	FALSE
stable	2807	cran	FALSE
GA	2805	cran	FALSE
asciicast	2803	cran	FALSE
seasonalytics	2803	cran	FALSE
Lmoments	2800	cran	FALSE
titanic	2795	cran	FALSE
officedown	2794	cran	FALSE
rle	2793	cran	FALSE
cplm	2792	cran	FALSE
R2WinBUGS	2787	cran	FALSE
Signac	2787	cran	FALSE
CausalImpact	2784	cran	FALSE
pals	2783	cran	FALSE
doconv	2781	cran	FALSE
AICcmodavg	2770	cran	FALSE
googleVis	2763	cran	FALSE
GLMMadaptive	2757	cran	FALSE
ggbreak	2752	cran	FALSE
prophet	2752	cran	FALSE
ggvenn	2744	cran	FALSE
olsrr	2734	cran	FALSE
ggnetwork	2732	cran	FALSE
calibrate	2724	cran	FALSE
patrick	2723	cran	FALSE
locatexec	2722	cran	FALSE
pegas	2721	cran	FALSE
BiocVersion	2720	bioc_fallback_rank	FALSE
BiocGenerics	2719	bioc_fallback_rank	FALSE
S4Vectors	2718	bioc_fallback_rank	FALSE
IRanges	2717	bioc_fallback_rank	FALSE
BiocParallel	2716	bioc_fallback_rank	FALSE
XVector	2715	bioc_fallback_rank	FALSE
Biobase	2714	bioc_fallback_rank	FALSE
SparseArray	2713	bioc_fallback_rank	FALSE
twosamples	2713	cran	FALSE
Biostrings	2712	bioc_fallback_rank	FALSE
GenomicRanges	2711	bioc_fallback_rank	FALSE
RcppGSL	2711	cran	FALSE
srvyr	2711	cran	FALSE
BB	2710	cran	FALSE
DelayedArray	2710	bioc_fallback_rank	FALSE
S4Arrays	2709	bioc_fallback_rank	FALSE
SummarizedExperiment	2708	bioc_fallback_rank	FALSE
MatrixGenerics	2707	bioc_fallback_rank	FALSE
GenomeInfoDb	2706	bioc_fallback_rank	FALSE
AnnotationDbi	2705	bioc_fallback_rank	FALSE
KEGGREST	2704	bioc_fallback_rank	FALSE
limma	2703	bioc_fallback_rank,cran	FALSE
UCSC_utils	2702	bioc_fallback_rank	FALSE
ggtree	2701	bioc_fallback_rank	FALSE
DESeq2	2700	bioc_fallback_rank	FALSE
r2rtf	2700	cran	FALSE
Seqinfo	2699	bioc_fallback_rank	FALSE
BiocFileCache	2698	bioc_fallback_rank	FALSE
Rsamtools	2697	bioc_fallback_rank	FALSE
treeio	2696	bioc_fallback_rank	FALSE
fgsea	2695	bioc_fallback_rank	FALSE
edgeR	2694	bioc_fallback_rank	FALSE
enrichplot	2693	bioc_fallback_rank	FALSE
Rhdf5lib	2692	bioc_fallback_rank	FALSE
clusterProfiler	2691	bioc_fallback_rank	FALSE
Rhtslib	2690	bioc_fallback_rank	FALSE
rhdf5	2689	bioc_fallback_rank	FALSE
DOSE	2688	bioc_fallback_rank	FALSE
GenomicAlignments	2687	bioc_fallback_rank	FALSE
qvalue	2686	bioc_fallback_rank,cran	FALSE
fru	2685	cran	FALSE
rhdf5filters	2685	bioc_fallback_rank	FALSE
GOSemSim	2684	bioc_fallback_rank	FALSE
biomaRt	2683	bioc_fallback_rank	FALSE
rtracklayer	2682	bioc_fallback_rank	FALSE
graph	2681	bioc_fallback_rank,cran	FALSE
ComplexHeatmap	2680	bioc_fallback_rank	FALSE
BiocIO	2679	bioc_fallback_rank	FALSE
SingleCellExperiment	2678	bioc_fallback_rank	FALSE
annotate	2677	bioc_fallback_rank	FALSE
beachmat	2676	bioc_fallback_rank	FALSE
uroot	2676	cran	FALSE
GenomicFeatures	2675	bioc_fallback_rank	FALSE
svUnit	2675	cran	FALSE
sparseMatrixStats	2674	bioc_fallback_rank	FALSE
DelayedMatrixStats	2673	bioc_fallback_rank	FALSE
HDF5Array	2672	bioc_fallback_rank	FALSE
Rmisc	2672	cran	FALSE
entropy	2671	cran	FALSE
preprocessCore	2671	bioc_fallback_rank	FALSE
assorthead	2670	bioc_fallback_rank	FALSE
akima	2669	cran	FALSE
BiocSingular	2669	bioc_fallback_rank	FALSE
ScaledMatrix	2668	bioc_fallback_rank	FALSE
AnnotationHub	2667	bioc_fallback_rank	FALSE
genefilter	2666	bioc_fallback_rank	FALSE
BSgenome	2665	bioc_fallback_rank	FALSE
BiocNeighbors	2664	bioc_fallback_rank	FALSE
GEOquery	2663	bioc_fallback_rank	FALSE
logcondens	2663	cran	FALSE
multtest	2662	bioc_fallback_rank,cran	FALSE
impute	2661	bioc_fallback_rank,cran	FALSE
ProtGenerics	2660	bioc_fallback_rank	FALSE
AnnotationFilter	2659	bioc_fallback_rank	FALSE
h5mread	2658	bioc_fallback_rank	FALSE
BiocBaseUtils	2657	bioc_fallback_rank	FALSE
GSEABase	2656	bioc_fallback_rank	FALSE
scuttle	2655	bioc_fallback_rank	FALSE
ensembldb	2654	bioc_fallback_rank	FALSE
Rgraphviz	2653	bioc_fallback_rank,cran	FALSE
GSVA	2652	bioc_fallback_rank	FALSE
RBGL	2651	bioc_fallback_rank,cran	FALSE
sva	2650	bioc_fallback_rank	FALSE
C50	2649	cran	FALSE
ExperimentHub	2649	bioc_fallback_rank	FALSE
VariantAnnotation	2648	bioc_fallback_rank	FALSE
cigarillo	2647	bioc_fallback_rank	FALSE
affyio	2646	bioc_fallback_rank	FALSE
h2o	2645	cran	FALSE
scater	2645	bioc_fallback_rank	FALSE
snowfall	2645	cran	FALSE
affy	2644	bioc_fallback_rank	FALSE
pwalign	2643	bioc_fallback_rank	FALSE
SpatialExperiment	2642	bioc_fallback_rank	FALSE
bluster	2641	bioc_fallback_rank	FALSE
MultiAssayExperiment	2640	bioc_fallback_rank	FALSE
blavaan	2639	cran	FALSE
dir_expiry	2639	bioc_fallback_rank	FALSE
BiocStyle	2638	bioc_fallback_rank	FALSE
ggokabeito	2637	cran	FALSE
phyloseq	2637	bioc_fallback_rank	FALSE
scran	2636	bioc_fallback_rank	FALSE
vcdExtra	2636	cran	FALSE
EnhancedVolcano	2635	bioc_fallback_rank	FALSE
biomformat	2634	bioc_fallback_rank	FALSE
confintr	2634	cran	FALSE
ggimage	2633	cran	FALSE
ShortRead	2633	bioc_fallback_rank	FALSE
metapod	2632	bioc_fallback_rank	FALSE
KEGGgraph	2631	bioc_fallback_rank	FALSE
vsn	2630	bioc_fallback_rank	FALSE
bigparallelr	2629	cran	FALSE
pcaMethods	2629	bioc_fallback_rank	FALSE
glmGamPoi	2628	bioc_fallback_rank	FALSE
som	2628	cran	FALSE
alluvial	2627	cran	FALSE
biovizBase	2627	bioc_fallback_rank	FALSE
flock	2626	cran	FALSE
TCGAbiolinks	2626	bioc_fallback_rank	FALSE
apeglm	2625	bioc_fallback_rank	FALSE
plotlyGeoAssets	2625	cran	FALSE
txdbmaker	2624	bioc_fallback_rank	FALSE
SingleR	2623	bioc_fallback_rank	FALSE
pathview	2622	bioc_fallback_rank	FALSE
graphite	2621	bioc_fallback_rank,cran	FALSE
unmarked	2621	cran	FALSE
biocViews	2620	bioc_fallback_rank	FALSE
ReactomePA	2619	bioc_fallback_rank	FALSE
tmvtnorm	2619	cran	FALSE
DirichletMultinomial	2618	bioc_fallback_rank	FALSE
ggdag	2618	cran	FALSE
alabaster_base	2617	bioc_fallback_rank	FALSE
tximport	2616	bioc_fallback_rank	FALSE
batchelor	2615	bioc_fallback_rank	FALSE
ResidualMatrix	2614	bioc_fallback_rank	FALSE
alabaster_matrix	2613	bioc_fallback_rank	FALSE
alabaster_ranges	2612	bioc_fallback_rank	FALSE
alabaster_se	2611	bioc_fallback_rank	FALSE
basilisk	2610	bioc_fallback_rank	FALSE
alabaster_schemas	2609	bioc_fallback_rank	FALSE
pins	2609	cran	FALSE
mzR	2608	bioc_fallback_rank	FALSE
statip	2608	cran	FALSE
mixOmics	2607	bioc_fallback_rank,cran	FALSE
gypsum	2606	bioc_fallback_rank	FALSE
MsCoreUtils	2605	bioc_fallback_rank	FALSE
DNAcopy	2604	bioc_fallback_rank	FALSE
MSnbase	2603	bioc_fallback_rank	FALSE
geneplotter	2602	bioc_fallback_rank	FALSE
ashr	2601	cran	FALSE
mzID	2601	bioc_fallback_rank	FALSE
glmnetUtils	2600	cran	FALSE
monocle	2600	bioc_fallback_rank	FALSE
seqLogo	2599	bioc_fallback_rank	FALSE
flexclust	2598	cran	FALSE
TFBSTools	2598	bioc_fallback_rank	FALSE
QFeatures	2597	bioc_fallback_rank	FALSE
Gviz	2596	bioc_fallback_rank	FALSE
Spectra	2595	bioc_fallback_rank	FALSE
siggenes	2594	bioc_fallback_rank	FALSE
DECIPHER	2593	bioc_fallback_rank	FALSE
AUCell	2592	bioc_fallback_rank	FALSE
tufte	2592	cran	FALSE
flowCore	2591	bioc_fallback_rank	FALSE
basilisk_utils	2590	bioc_fallback_rank	FALSE
feasts	2589	cran	FALSE
scDblFinder	2589	bioc_fallback_rank	FALSE
OrganismDbi	2588	bioc_fallback_rank	FALSE
randomForestSRC	2587	cran	FALSE
zellkonverter	2587	bioc_fallback_rank	FALSE
STRINGdb	2586	bioc_fallback_rank	FALSE
MetaboCoreUtils	2585	bioc_fallback_rank	FALSE
oligo	2584	bioc_fallback_rank	FALSE
ConsensusClusterPlus	2583	bioc_fallback_rank	FALSE
EBImage	2582	bioc_fallback_rank	FALSE
illuminaio	2581	bioc_fallback_rank	FALSE
PSMatch	2580	bioc_fallback_rank	FALSE
dada2	2579	bioc_fallback_rank	FALSE
TrajectoryUtils	2578	bioc_fallback_rank	FALSE
slingshot	2577	bioc_fallback_rank	FALSE
maftools	2576	bioc_fallback_rank	FALSE
RefManageR	2576	cran	FALSE
cytolib	2575	bioc_fallback_rank	FALSE
ggbio	2574	bioc_fallback_rank	FALSE
DropletUtils	2573	bioc_fallback_rank	FALSE
bumphunter	2572	bioc_fallback_rank	FALSE
RProtoBufLib	2571	bioc_fallback_rank	FALSE
ChIPseeker	2570	bioc_fallback_rank	FALSE
heplots	2570	cran	FALSE
minfi	2569	bioc_fallback_rank	FALSE
scico	2569	cran	FALSE
MAST	2568	bioc_fallback_rank	FALSE
mutoss	2568	cran	FALSE
gdsfmt	2567	bioc_fallback_rank,cran	FALSE
topGO	2566	bioc_fallback_rank	FALSE
TreeSummarizedExperiment	2565	bioc_fallback_rank	FALSE
snpStats	2564	bioc_fallback_rank	FALSE
microbiome	2563	bioc_fallback_rank	FALSE
distro	2562	cran	FALSE
msa	2562	bioc_fallback_rank	FALSE
xcms	2561	bioc_fallback_rank	FALSE
markovchain	2560	cran	FALSE
oligoClasses	2560	bioc_fallback_rank	FALSE
decoupleR	2559	bioc_fallback_rank	FALSE
affxparser	2558	bioc_fallback_rank	FALSE
btergm	2558	cran	FALSE
regioneR	2557	bioc_fallback_rank	FALSE
RLRsim	2557	cran	FALSE
Rsubread	2556	bioc_fallback_rank	FALSE
biocmake	2555	bioc_fallback_rank	FALSE
geoarrow	2554	cran	FALSE
ineq	2554	cran	FALSE
marray	2554	bioc_fallback_rank	FALSE
timeROC	2554	cran	FALSE
censReg	2553	cran	FALSE
MassSpecWavelet	2553	bioc_fallback_rank	FALSE
AnnotationForge	2552	bioc_fallback_rank	FALSE
SNPRelate	2551	bioc_fallback_rank,cran	FALSE
globaltest	2550	bioc_fallback_rank	FALSE
BiocCheck	2549	bioc_fallback_rank	FALSE
UCell	2548	bioc_fallback_rank	FALSE
metagenomeSeq	2547	bioc_fallback_rank	FALSE
CNEr	2546	bioc_fallback_rank	FALSE
Wrench	2545	bioc_fallback_rank	FALSE
decontam	2544	bioc_fallback_rank	FALSE
leaflet_extras	2543	cran	FALSE
ropls	2543	bioc_fallback_rank	FALSE
singscore	2542	bioc_fallback_rank	FALSE
ggtreeExtra	2541	bioc_fallback_rank	FALSE
ANCOMBC	2540	bioc_fallback_rank	FALSE
DEXSeq	2539	bioc_fallback_rank	FALSE
MultiDataSet	2538	bioc_fallback_rank	FALSE
aroma_light	2537	bioc_fallback_rank	FALSE
mia	2536	bioc_fallback_rank	FALSE
box	2535	cran	FALSE
DoE_base	2535	cran	FALSE
tkWidgets	2535	bioc_fallback_rank	FALSE
clisymbols	2534	cran	FALSE
lsr	2534	cran	FALSE
variancePartition	2534	bioc_fallback_rank	FALSE
InteractionSet	2533	bioc_fallback_rank	FALSE
ISOweek	2532	cran	FALSE
MsFeatures	2532	bioc_fallback_rank	FALSE
infercnv	2531	bioc_fallback_rank	FALSE
EDASeq	2530	bioc_fallback_rank	FALSE
survcomp	2529	bioc_fallback_rank,cran	FALSE
widgetTools	2528	bioc_fallback_rank	FALSE
bsseq	2527	bioc_fallback_rank	FALSE
beanplot	2526	cran	FALSE
DynDoc	2526	bioc_fallback_rank	FALSE
motifmatchr	2525	bioc_fallback_rank	FALSE
ballgown	2524	bioc_fallback_rank	FALSE
flowWorkspace	2523	bioc_fallback_rank	FALSE
methylumi	2522	bioc_fallback_rank	FALSE
tximeta	2521	bioc_fallback_rank	FALSE
GENIE3	2520	bioc_fallback_rank	FALSE
systemPipeR	2519	bioc_fallback_rank	FALSE
treemap	2519	cran	FALSE
goseq	2518	bioc_fallback_rank	FALSE
ALDEx2	2517	bioc_fallback_rank	FALSE
MsExperiment	2516	bioc_fallback_rank	FALSE
future_callr	2515	cran	FALSE
GOstats	2515	bioc_fallback_rank	FALSE
imager	2515	cran	FALSE
ncdfFlow	2514	bioc_fallback_rank	FALSE
Category	2513	bioc_fallback_rank	FALSE
lcmm	2513	cran	FALSE
Mfuzz	2512	bioc_fallback_rank	FALSE
kernelshap	2511	cran	FALSE
OmnipathR	2511	bioc_fallback_rank	FALSE
ROC	2510	bioc_fallback_rank	FALSE
DiffBind	2509	bioc_fallback_rank	FALSE
gcrma	2508	bioc_fallback_rank	FALSE
flowViz	2507	bioc_fallback_rank	FALSE
picante	2507	cran	FALSE
Nebulosa	2506	bioc_fallback_rank	FALSE
chromVAR	2505	bioc_fallback_rank	FALSE
lumi	2504	bioc_fallback_rank	FALSE
runjags	2503	cran	FALSE
universalmotif	2503	bioc_fallback_rank	FALSE
affyPLM	2502	bioc_fallback_rank	FALSE
scrapper	2501	bioc_fallback_rank	FALSE
sendmailR	2501	cran	FALSE
bamsignals	2500	bioc_fallback_rank	FALSE
GlobalAncova	2499	bioc_fallback_rank	FALSE
opdisDownsampling	2499	cran	FALSE
plyranges	2498	bioc_fallback_rank	FALSE
dittoSeq	2497	bioc_fallback_rank	FALSE
lpsymphony	2496	bioc_fallback_rank	FALSE
alabaster_sce	2495	bioc_fallback_rank	FALSE
flowClust	2494	bioc_fallback_rank	FALSE
GreyListChIP	2493	bioc_fallback_rank	FALSE
ParamHelpers	2492	cran	FALSE
viper	2492	bioc_fallback_rank	FALSE
FlowSOM	2491	bioc_fallback_rank	FALSE
simplifyEnrichment	2490	bioc_fallback_rank	FALSE
ggcyto	2489	bioc_fallback_rank	FALSE
RNeXML	2489	cran	FALSE
bizdays	2488	cran	FALSE
Rigraphlib	2488	bioc_fallback_rank	FALSE
pcalg	2487	cran	FALSE
PCAtools	2487	bioc_fallback_rank	FALSE
karyoploteR	2486	bioc_fallback_rank	FALSE
missMethyl	2485	bioc_fallback_rank	FALSE
ChIPpeakAnno	2484	bioc_fallback_rank	FALSE
MOFA2	2483	bioc_fallback_rank	FALSE
EnrichedHeatmap	2482	bioc_fallback_rank	FALSE
DMRcate	2481	bioc_fallback_rank	FALSE
destiny	2480	bioc_fallback_rank	FALSE
ggtime	2479	cran	FALSE
tradeSeq	2479	bioc_fallback_rank	FALSE
fastseg	2478	bioc_fallback_rank	FALSE
ggsurvfit	2478	cran	FALSE
IHW	2477	bioc_fallback_rank	FALSE
joineRML	2477	cran	FALSE
GenomicDataCommons	2476	bioc_fallback_rank	FALSE
celda	2475	bioc_fallback_rank	FALSE
acepack	2474	cran	FALSE
RUVSeq	2474	bioc_fallback_rank	FALSE
openCyto	2473	bioc_fallback_rank	FALSE
GenomicFiles	2472	bioc_fallback_rank	FALSE
SeqArray	2471	bioc_fallback_rank	FALSE
ChemmineR	2470	bioc_fallback_rank	FALSE
forecTheta	2470	cran	FALSE
RaggedExperiment	2469	bioc_fallback_rank	FALSE
methylKit	2468	bioc_fallback_rank	FALSE
gage	2467	bioc_fallback_rank	FALSE
RCy3	2466	bioc_fallback_rank	FALSE
Maaslin2	2465	bioc_fallback_rank	FALSE
miloR	2464	bioc_fallback_rank	FALSE
Glimma	2463	bioc_fallback_rank	FALSE
motifStack	2462	bioc_fallback_rank	FALSE
genomation	2461	bioc_fallback_rank	FALSE
seqPattern	2460	bioc_fallback_rank	FALSE
MotifDb	2459	bioc_fallback_rank	FALSE
phylobase	2459	cran	FALSE
GeneOverlap	2458	bioc_fallback_rank	FALSE
wateRmelon	2457	bioc_fallback_rank	FALSE
sesame	2456	bioc_fallback_rank	FALSE
SPIA	2455	bioc_fallback_rank	FALSE
quantiseqr	2454	bioc_fallback_rank	FALSE
UniProt_ws	2453	bioc_fallback_rank	FALSE
botor	2452	cran	FALSE
EpiDISH	2452	bioc_fallback_rank	FALSE
DSS	2451	bioc_fallback_rank	FALSE
progeny	2450	bioc_fallback_rank	FALSE
flowStats	2449	bioc_fallback_rank	FALSE
RWeka	2448	cran	FALSE
zinbwave	2448	bioc_fallback_rank	FALSE
rGREAT	2447	bioc_fallback_rank	FALSE
muscat	2446	bioc_fallback_rank	FALSE
TCGAutils	2445	bioc_fallback_rank	FALSE
bspm	2444	cran	FALSE
minet	2444	bioc_fallback_rank,cran	FALSE
ChAMP	2443	bioc_fallback_rank	FALSE
trackViewer	2442	bioc_fallback_rank	FALSE
dlm	2441	cran	FALSE
ReportingTools	2441	bioc_fallback_rank	FALSE
MSstats	2440	bioc_fallback_rank	FALSE
Rdisop	2439	bioc_fallback_rank	FALSE
simona	2438	bioc_fallback_rank	FALSE
chipseq	2437	bioc_fallback_rank	FALSE
kinship2	2436	cran	FALSE
LEA	2436	bioc_fallback_rank	FALSE
oai	2436	cran	FALSE
R4RNA	2435	bioc_fallback_rank	FALSE
scRepertoire	2434	bioc_fallback_rank	FALSE
recount3	2433	bioc_fallback_rank	FALSE
GWASTools	2432	bioc_fallback_rank	FALSE
GenomicScores	2431	bioc_fallback_rank	FALSE
beadarray	2430	bioc_fallback_rank	FALSE
slackr	2430	cran	FALSE
annotatr	2429	bioc_fallback_rank	FALSE
paws_management	2429	cran	FALSE
safe	2428	bioc_fallback_rank	FALSE
rrvgo	2427	bioc_fallback_rank	FALSE
CytoML	2426	bioc_fallback_rank	FALSE
gwascat	2425	bioc_fallback_rank	FALSE
mlflow	2425	cran	FALSE
derfinder	2424	bioc_fallback_rank	FALSE
poorman	2424	cran	FALSE
CAMERA	2423	bioc_fallback_rank	FALSE
MLInterfaces	2422	bioc_fallback_rank	FALSE
multiMiR	2421	bioc_fallback_rank	FALSE
AnVIL	2420	bioc_fallback_rank	FALSE
microRNA	2419	bioc_fallback_rank	FALSE
rols	2418	bioc_fallback_rank	FALSE
quantsmooth	2417	bioc_fallback_rank	FALSE
scds	2416	bioc_fallback_rank	FALSE
orthogene	2415	bioc_fallback_rank	FALSE
taxize	2415	cran	FALSE
base64	2414	cran	FALSE
grpreg	2414	cran	FALSE
RTCGAToolbox	2414	bioc_fallback_rank	FALSE
pRoloc	2413	bioc_fallback_rank	FALSE
ggmsa	2412	bioc_fallback_rank,cran	FALSE
DEGreport	2411	bioc_fallback_rank	FALSE
MsBackendMgf	2410	bioc_fallback_rank	FALSE
MungeSumstats	2409	bioc_fallback_rank	FALSE
sangerseqR	2408	bioc_fallback_rank	FALSE
csaw	2407	bioc_fallback_rank	FALSE
optmatch	2406	cran	FALSE
piano	2406	bioc_fallback_rank	FALSE
Ckmeans_1d_dp	2405	cran	FALSE
lamW	2405	cran	FALSE
mbkmeans	2405	bioc_fallback_rank	FALSE
BumpyMatrix	2404	bioc_fallback_rank	FALSE
AnnotationHubData	2403	bioc_fallback_rank	FALSE
rasterVis	2403	cran	FALSE
rpx	2402	bioc_fallback_rank	FALSE
NOISeq	2401	bioc_fallback_rank	FALSE
qdapRegex	2401	cran	FALSE
baySeq	2400	bioc_fallback_rank	FALSE
proxyC	2399	cran	FALSE
QuasR	2399	bioc_fallback_rank	FALSE
densvis	2398	bioc_fallback_rank	FALSE
Rmpi	2398	cran	FALSE
rdrobust	2397	cran	FALSE
TOAST	2397	bioc_fallback_rank	FALSE
EnrichmentBrowser	2396	bioc_fallback_rank	FALSE
MSstatsConvert	2395	bioc_fallback_rank	FALSE
mboost	2394	cran	FALSE
RTCGA	2394	bioc_fallback_rank	FALSE
genefu	2393	bioc_fallback_rank,cran	FALSE
modeltests	2393	cran	FALSE
splatter	2392	bioc_fallback_rank	FALSE
SeqVarTools	2391	bioc_fallback_rank	FALSE
TSCAN	2390	bioc_fallback_rank	FALSE
BeadDataPackR	2389	bioc_fallback_rank	FALSE
CATALYST	2388	bioc_fallback_rank	FALSE
M3C	2387	bioc_fallback_rank	FALSE
derfinderHelper	2386	bioc_fallback_rank	FALSE
fishpond	2385	bioc_fallback_rank	FALSE
cBioPortalData	2384	bioc_fallback_rank	FALSE
lefser	2383	bioc_fallback_rank	FALSE
rBiopaxParser	2382	bioc_fallback_rank	FALSE
CGHbase	2381	bioc_fallback_rank	FALSE
QDNAseq	2380	bioc_fallback_rank	FALSE
iSEE	2379	bioc_fallback_rank	FALSE
LoomExperiment	2378	bioc_fallback_rank	FALSE
arrayQualityMetrics	2377	bioc_fallback_rank	FALSE
mschart	2377	cran	FALSE
SRAdb	2376	bioc_fallback_rank	FALSE
biocthis	2375	bioc_fallback_rank	FALSE
eurostat	2374	cran	FALSE
flowAI	2374	bioc_fallback_rank	FALSE
aTSA	2373	cran	FALSE
GENESIS	2373	bioc_fallback_rank	FALSE
hopach	2372	bioc_fallback_rank,cran	FALSE
TCseq	2371	bioc_fallback_rank	FALSE
cmapR	2370	bioc_fallback_rank	FALSE
AIMS	2369	bioc_fallback_rank	FALSE
SC3	2368	bioc_fallback_rank	FALSE
CGHcall	2367	bioc_fallback_rank	FALSE
affycoretools	2366	bioc_fallback_rank	FALSE
EBSeq	2365	bioc_fallback_rank	FALSE
recount	2364	bioc_fallback_rank	FALSE
GenomicInteractions	2363	bioc_fallback_rank	FALSE
maSigPro	2362	bioc_fallback_rank	FALSE
Icens	2361	bioc_fallback_rank,cran	FALSE
InteractiveComplexHeatmap	2360	bioc_fallback_rank	FALSE
scde	2359	bioc_fallback_rank	FALSE
ATACseqQC	2358	bioc_fallback_rank	FALSE
bugsigdbr	2357	bioc_fallback_rank	FALSE
IsoformSwitchAnalyzeR	2356	bioc_fallback_rank	FALSE
anndataR	2355	bioc_fallback_rank	FALSE
rmapshaper	2355	cran	FALSE
ArrayExpress	2354	bioc_fallback_rank	FALSE
Rbowtie	2353	bioc_fallback_rank	FALSE
ExperimentHubData	2352	bioc_fallback_rank	FALSE
RnBeads	2351	bioc_fallback_rank	FALSE
BayesSpace	2350	bioc_fallback_rank	FALSE
SuperLearner	2350	cran	FALSE
AUC	2349	cran	FALSE
MicrobiotaProcess	2349	bioc_fallback_rank	FALSE
MutationalPatterns	2348	bioc_fallback_rank	FALSE
qs	2348	cran	TRUE
DRIMSeq	2347	bioc_fallback_rank	FALSE
AnVILBase	2346	bioc_fallback_rank	FALSE
HubPub	2345	bioc_fallback_rank	FALSE
qusage	2344	bioc_fallback_rank	FALSE
NanoStringNCTools	2343	bioc_fallback_rank	FALSE
PharmacoGx	2342	bioc_fallback_rank,cran	FALSE
crlmm	2341	bioc_fallback_rank	FALSE
tidySEM	2341	cran	FALSE
BioNet	2340	bioc_fallback_rank	FALSE
escape	2339	bioc_fallback_rank	FALSE
qpgraph	2338	bioc_fallback_rank	FALSE
BiocSet	2337	bioc_fallback_rank	FALSE
ClusterR	2336	cran	FALSE
M3Drop	2336	bioc_fallback_rank	FALSE
iCOBRA	2335	bioc_fallback_rank	FALSE
adephylo	2334	cran	FALSE
EBarrays	2334	bioc_fallback_rank	FALSE
fuzzyjoin	2334	cran	FALSE
lbfgsb3c	2334	cran	FALSE
made4	2333	bioc_fallback_rank	FALSE
mc2d	2333	cran	FALSE
mygene	2332	bioc_fallback_rank	FALSE
GeomxTools	2331	bioc_fallback_rank	FALSE
muscle	2330	bioc_fallback_rank,cran	FALSE
Cardinal	2329	bioc_fallback_rank	FALSE
scmap	2328	bioc_fallback_rank	FALSE
snifter	2327	bioc_fallback_rank	FALSE
CoreGx	2326	bioc_fallback_rank,cran	FALSE
diffcyt	2325	bioc_fallback_rank	FALSE
clusterExperiment	2324	bioc_fallback_rank	FALSE
rWikiPathways	2323	bioc_fallback_rank	FALSE
shinyjqui	2323	cran	FALSE
RankProd	2322	bioc_fallback_rank	FALSE
glmmML	2321	cran	FALSE
SGSeq	2321	bioc_fallback_rank	FALSE
cancerclass	2320	bioc_fallback_rank	FALSE
aCGH	2319	bioc_fallback_rank	FALSE
FME	2319	cran	FALSE
QCA	2319	cran	FALSE
scMerge	2318	bioc_fallback_rank	FALSE
HMMcopy	2317	bioc_fallback_rank	FALSE
CompoundDb	2316	bioc_fallback_rank	FALSE
merTools	2316	cran	FALSE
rotl	2316	cran	FALSE
chemometrics	2315	cran	FALSE
PWMEnrich	2315	bioc_fallback_rank	FALSE
ChemmineOB	2314	bioc_fallback_rank	FALSE
annaffy	2313	bioc_fallback_rank	FALSE
cn_mops	2312	bioc_fallback_rank	FALSE
ENmix	2311	bioc_fallback_rank	FALSE
TCC	2310	bioc_fallback_rank,cran	FALSE
Heatplus	2309	bioc_fallback_rank	FALSE
HTSFilter	2308	bioc_fallback_rank	FALSE
decontX	2307	bioc_fallback_rank	FALSE
intergraph	2307	cran	FALSE
vioplot	2307	cran	FALSE
ChIPQC	2306	bioc_fallback_rank	FALSE
mosaicData	2305	cran	FALSE
MSnID	2305	bioc_fallback_rank	FALSE
cytomapper	2304	bioc_fallback_rank	FALSE
HiCcompare	2303	bioc_fallback_rank	FALSE
keras3	2302	cran	FALSE
pvca	2302	bioc_fallback_rank	FALSE
cicero	2301	bioc_fallback_rank	FALSE
huge	2301	cran	FALSE
RbcBook1	2300	bioc_fallback_rank	FALSE
ACME	2299	bioc_fallback_rank	FALSE
amap	2298	cran	FALSE
ClassifyR	2298	bioc_fallback_rank	FALSE
modules	2298	cran	FALSE
satuRn	2297	bioc_fallback_rank	FALSE
VanillaICE	2296	bioc_fallback_rank	FALSE
binGroup	2295	cran	FALSE
ggkegg	2295	bioc_fallback_rank	FALSE
Rqc	2294	bioc_fallback_rank	FALSE
cqn	2293	bioc_fallback_rank	FALSE
orthopolynom	2293	cran	FALSE
CAGEr	2292	bioc_fallback_rank	FALSE
iClusterPlus	2291	bioc_fallback_rank	FALSE
RedeR	2290	bioc_fallback_rank	FALSE
dbarts	2289	cran	FALSE
ingredients	2289	cran	FALSE
quantro	2289	bioc_fallback_rank	FALSE
adespatial	2288	cran	FALSE
MSstatsTMT	2288	bioc_fallback_rank	FALSE
pcaExplorer	2287	bioc_fallback_rank	FALSE
scry	2286	bioc_fallback_rank	FALSE
fmcsR	2285	bioc_fallback_rank	FALSE
splitstackshape	2285	cran	FALSE
DEqMS	2284	bioc_fallback_rank	FALSE
GLAD	2283	bioc_fallback_rank	FALSE
randomizr	2282	cran	FALSE
singleCellTK	2282	bioc_fallback_rank	FALSE
Banksy	2281	bioc_fallback_rank	FALSE
miaViz	2280	bioc_fallback_rank	FALSE
h5vc	2279	bioc_fallback_rank	FALSE
GEOmetadb	2278	bioc_fallback_rank	FALSE
biomod2	2277	cran	FALSE
makecdfenv	2277	bioc_fallback_rank	FALSE
flowDensity	2276	bioc_fallback_rank	FALSE
bambu	2275	bioc_fallback_rank	FALSE
animation	2274	cran	FALSE
FrF2	2274	cran	FALSE
matter	2274	bioc_fallback_rank	FALSE
DEFormats	2273	bioc_fallback_rank	FALSE
circular	2272	cran	FALSE
tricycle	2272	bioc_fallback_rank	FALSE
rCGH	2271	bioc_fallback_rank	FALSE
deepSNV	2270	bioc_fallback_rank	FALSE
swirl	2270	cran	FALSE
ctc	2269	bioc_fallback_rank	FALSE
GeneMeta	2268	bioc_fallback_rank	FALSE
speckle	2267	bioc_fallback_rank	FALSE
SPOTlight	2266	bioc_fallback_rank	FALSE
tidySingleCellExperiment	2265	bioc_fallback_rank	FALSE
cleaver	2264	bioc_fallback_rank	FALSE
GenVisR	2263	bioc_fallback_rank	FALSE
ORFik	2262	bioc_fallback_rank	FALSE
stageR	2261	bioc_fallback_rank	FALSE
tidybulk	2260	bioc_fallback_rank	FALSE
ggspavis	2259	bioc_fallback_rank	FALSE
PureCN	2258	bioc_fallback_rank	FALSE
astsa	2257	cran	FALSE
LOLA	2257	bioc_fallback_rank	FALSE
rredlist	2257	cran	FALSE
sparrow	2256	bioc_fallback_rank	FALSE
gpls	2255	bioc_fallback_rank,cran	FALSE
gsDesign	2254	cran	FALSE
Rarr	2254	bioc_fallback_rank	FALSE
flowFP	2253	bioc_fallback_rank	FALSE
BASiCS	2252	bioc_fallback_rank	FALSE
DALEX	2252	cran	FALSE
etrunct	2251	cran	FALSE
Rbowtie2	2251	bioc_fallback_rank	FALSE
bioDist	2250	bioc_fallback_rank	FALSE
dmrseq	2249	bioc_fallback_rank	FALSE
PADOG	2248	bioc_fallback_rank	FALSE
MLP	2247	bioc_fallback_rank	FALSE
cola	2246	bioc_fallback_rank	FALSE
DEGseq	2245	bioc_fallback_rank	FALSE
gsignal	2245	cran	FALSE
mmrm	2245	cran	FALSE
rcartocolor	2245	cran	FALSE
GOTHiC	2244	bioc_fallback_rank	FALSE
pdInfoBuilder	2243	bioc_fallback_rank	FALSE
codelink	2242	bioc_fallback_rank	FALSE
geoR	2241	cran	FALSE
heatmaps	2241	bioc_fallback_rank	FALSE
HiTC	2240	bioc_fallback_rank	FALSE
PeacoQC	2239	bioc_fallback_rank	FALSE
ROTS	2238	bioc_fallback_rank	FALSE
a4Preproc	2237	bioc_fallback_rank	FALSE
mosaics	2236	bioc_fallback_rank	FALSE
BCRANK	2235	bioc_fallback_rank	FALSE
bs4Dash	2234	cran	FALSE
flowMeans	2234	bioc_fallback_rank	FALSE
MethylSeekR	2233	bioc_fallback_rank	FALSE
RMassBank	2232	bioc_fallback_rank	FALSE
timecourse	2231	bioc_fallback_rank	FALSE
philr	2230	bioc_fallback_rank	FALSE
RTN	2229	bioc_fallback_rank	FALSE
keggorthology	2228	bioc_fallback_rank	FALSE
ELMER	2227	bioc_fallback_rank	FALSE
MEDIPS	2226	bioc_fallback_rank	FALSE
relaimpo	2226	cran	FALSE
clipper	2225	bioc_fallback_rank	FALSE
Matching	2225	cran	FALSE
goProfiles	2224	bioc_fallback_rank	FALSE
msmsTests	2223	bioc_fallback_rank	FALSE
affylmGUI	2222	bioc_fallback_rank	FALSE
ROntoTools	2221	bioc_fallback_rank	FALSE
tilingArray	2220	bioc_fallback_rank	FALSE
vcfR	2220	cran	FALSE
CoGAPS	2219	bioc_fallback_rank	FALSE
EGSEA	2218	bioc_fallback_rank	FALSE
biobroom	2217	bioc_fallback_rank	FALSE
mogsa	2216	bioc_fallback_rank	FALSE
MeSHDbi	2215	bioc_fallback_rank	FALSE
tmvnsim	2215	cran	FALSE
HTqPCR	2214	bioc_fallback_rank	FALSE
compcodeR	2213	bioc_fallback_rank	FALSE
frma	2212	bioc_fallback_rank	FALSE
powerTCR	2211	bioc_fallback_rank	FALSE
coRdon	2210	bioc_fallback_rank	FALSE
arrayQuality	2209	bioc_fallback_rank	FALSE
visreg	2209	cran	FALSE
plgem	2208	bioc_fallback_rank	FALSE
OUTRIDER	2207	bioc_fallback_rank	FALSE
elevatr	2206	cran	FALSE
pqsfinder	2206	bioc_fallback_rank	FALSE
BiocPkgTools	2205	bioc_fallback_rank	FALSE
IONiseR	2204	bioc_fallback_rank	FALSE
regionReport	2203	bioc_fallback_rank	FALSE
countsimQC	2202	bioc_fallback_rank	FALSE
spacexr	2201	bioc_fallback_rank	FALSE
ECOSolveR	2200	cran	FALSE
epivizr	2200	bioc_fallback_rank	FALSE
puma	2199	bioc_fallback_rank	FALSE
poppr	2198	cran	FALSE
scDD	2198	bioc_fallback_rank	FALSE
tracktables	2197	bioc_fallback_rank	FALSE
XDE	2196	bioc_fallback_rank	FALSE
HelloRanges	2195	bioc_fallback_rank	FALSE
diffHic	2194	bioc_fallback_rank	FALSE
jqr	2193	cran	FALSE
panp	2193	bioc_fallback_rank	FALSE
Linnorm	2192	bioc_fallback_rank	FALSE
nucleR	2191	bioc_fallback_rank	FALSE
phenoTest	2190	bioc_fallback_rank	FALSE
BiSeq	2189	bioc_fallback_rank	FALSE
msmsEDA	2188	bioc_fallback_rank	FALSE
biocGraph	2187	bioc_fallback_rank	FALSE
convert	2186	bioc_fallback_rank	FALSE
BUSpaRse	2185	bioc_fallback_rank	FALSE
SCAN_UPC	2184	bioc_fallback_rank	FALSE
CellNOptR	2183	bioc_fallback_rank	FALSE
plier	2182	bioc_fallback_rank	FALSE
altcdfenvs	2181	bioc_fallback_rank	FALSE
CAGEfightR	2180	bioc_fallback_rank	FALSE
iBreakDown	2180	cran	FALSE
ggprism	2179	cran	FALSE
MiRaGE	2179	bioc_fallback_rank	FALSE
RNetCDF	2179	cran	FALSE
omicade4	2178	bioc_fallback_rank	FALSE
pastecs	2178	cran	FALSE
scrime	2178	cran	FALSE
sigFeature	2177	bioc_fallback_rank	FALSE
conumee	2176	bioc_fallback_rank	FALSE
worrms	2176	cran	FALSE
AgiMicroRna	2175	bioc_fallback_rank	FALSE
CRISPRseek	2174	bioc_fallback_rank	FALSE
sampleSelection	2174	cran	FALSE
cvAUC	2173	cran	FALSE
lightgbm	2173	cran	FALSE
twilight	2173	bioc_fallback_rank	FALSE
rTRM	2172	bioc_fallback_rank	FALSE
protolite	2171	cran	FALSE
segmentSeq	2171	bioc_fallback_rank	FALSE
DNAshapeR	2170	bioc_fallback_rank	FALSE
marqLevAlg	2170	cran	FALSE
proDA	2169	bioc_fallback_rank	FALSE
ASpli	2168	bioc_fallback_rank	FALSE
MsBackendMsp	2167	bioc_fallback_rank	FALSE
NormalyzerDE	2166	bioc_fallback_rank	FALSE
robvis	2166	cran	FALSE
adSplit	2165	bioc_fallback_rank	FALSE
gk	2164	cran	FALSE
TRONCO	2164	bioc_fallback_rank	FALSE
easystats	2163	cran	FALSE
idiogram	2163	bioc_fallback_rank	FALSE
kebabs	2162	bioc_fallback_rank	FALSE
immApex	2161	bioc_fallback_rank	FALSE
nFactors	2161	cran	FALSE
affycomp	2160	bioc_fallback_rank	FALSE
OLIN	2159	bioc_fallback_rank	FALSE
clustMixType	2158	cran	FALSE
Harman	2158	bioc_fallback_rank	FALSE
podkat	2157	bioc_fallback_rank	FALSE
SIMLR	2156	bioc_fallback_rank	FALSE
truncreg	2156	cran	FALSE
derfinderPlot	2155	bioc_fallback_rank	FALSE
easyRNASeq	2154	bioc_fallback_rank	FALSE
missMDA	2153	cran	FALSE
phenopath	2153	bioc_fallback_rank	FALSE
RBioFormats	2152	bioc_fallback_rank	FALSE
ChIPseqR	2151	bioc_fallback_rank	FALSE
GDCRNATools	2150	bioc_fallback_rank	FALSE
GOexpress	2149	bioc_fallback_rank	FALSE
HilbertVis	2148	bioc_fallback_rank	FALSE
INSPEcT	2147	bioc_fallback_rank	FALSE
miRBaseConverter	2146	bioc_fallback_rank	FALSE
tidySummarizedExperiment	2145	bioc_fallback_rank	FALSE
triplex	2144	bioc_fallback_rank	FALSE
isobar	2143	bioc_fallback_rank	FALSE
metR	2143	cran	FALSE
plotgardener	2142	bioc_fallback_rank	FALSE
attract	2141	bioc_fallback_rank	FALSE
GSEAlm	2140	bioc_fallback_rank	FALSE
CMA	2139	bioc_fallback_rank	FALSE
dagLogo	2138	bioc_fallback_rank	FALSE
openair	2138	cran	FALSE
genomeIntervals	2137	bioc_fallback_rank	FALSE
GUIDEseq	2136	bioc_fallback_rank	FALSE
hypergraph	2135	bioc_fallback_rank	FALSE
recoup	2134	bioc_fallback_rank	FALSE
ontoProc	2133	bioc_fallback_rank	FALSE
LBE	2132	bioc_fallback_rank	FALSE
MSstatsPTM	2131	bioc_fallback_rank	FALSE
InPAS	2130	bioc_fallback_rank	FALSE
Guitar	2129	bioc_fallback_rank	FALSE
cleanUpdTSeq	2128	bioc_fallback_rank	FALSE
geiger	2128	cran	FALSE
pkgdepends	2128	cran	FALSE
statTarget	2127	bioc_fallback_rank,cran	FALSE
CODEX	2126	bioc_fallback_rank	FALSE
expss	2126	cran	FALSE
qcmetrics	2125	bioc_fallback_rank	FALSE
scone	2124	bioc_fallback_rank	FALSE
TPP	2123	bioc_fallback_rank	FALSE
ecolitk	2122	bioc_fallback_rank	FALSE
ggseqlogo	2121	cran	FALSE
methylclock	2121	bioc_fallback_rank	FALSE
smacof	2121	cran	FALSE
adehabitatMA	2120	cran	FALSE
CAFE	2120	bioc_fallback_rank	FALSE
CRImage	2119	bioc_fallback_rank	FALSE
PREDA	2118	bioc_fallback_rank	FALSE
VariantFiltering	2117	bioc_fallback_rank	FALSE
bacon	2116	bioc_fallback_rank	FALSE
categoryCompare	2115	bioc_fallback_rank	FALSE
rhandsontable	2115	cran	FALSE
ideal	2114	bioc_fallback_rank	FALSE
StructuralVariantAnnotation	2113	bioc_fallback_rank	FALSE
synergyfinder	2112	bioc_fallback_rank,cran	FALSE
apComplex	2111	bioc_fallback_rank	FALSE
fabia	2110	bioc_fallback_rank	FALSE
flowClean	2109	bioc_fallback_rank	FALSE
r3Cseq	2108	bioc_fallback_rank	FALSE
a4Base	2107	bioc_fallback_rank	FALSE
maditr	2107	cran	FALSE
CrispRVariants	2106	bioc_fallback_rank	FALSE
icenReg	2105	cran	FALSE
webbioc	2105	bioc_fallback_rank	FALSE
spicyR	2104	bioc_fallback_rank	FALSE
stabs	2103	cran	FALSE
STATegRa	2103	bioc_fallback_rank	FALSE
maaslin3	2102	bioc_fallback_rank	FALSE
SomaticSignatures	2101	bioc_fallback_rank	FALSE
TFisher	2101	cran	FALSE
TissueEnrich	2100	bioc_fallback_rank	FALSE
chipenrich	2099	bioc_fallback_rank	FALSE
CTDquerier	2098	bioc_fallback_rank	FALSE
DEsingle	2097	bioc_fallback_rank	FALSE
ExploreModelMatrix	2096	bioc_fallback_rank	FALSE
CellMixS	2095	bioc_fallback_rank	FALSE
connectcreds	2095	cran	FALSE
PhosR	2094	bioc_fallback_rank	FALSE
BRAIN	2093	bioc_fallback_rank	FALSE
ComplexUpset	2093	cran	FALSE
gggenes	2093	cran	FALSE
gaga	2092	bioc_fallback_rank	FALSE
cghMCR	2091	bioc_fallback_rank	FALSE
slippymath	2091	cran	FALSE
gtrellis	2090	bioc_fallback_rank	FALSE
ISwR	2090	cran	FALSE
OmicCircos	2089	bioc_fallback_rank	FALSE
procoil	2088	bioc_fallback_rank	FALSE
arrayMvout	2087	bioc_fallback_rank	FALSE
poweRlaw	2086	cran	FALSE
SplicingGraphs	2086	bioc_fallback_rank	FALSE
FD	2085	cran	FALSE
meshr	2085	bioc_fallback_rank	FALSE
NormqPCR	2084	bioc_fallback_rank	FALSE
VennDetail	2083	bioc_fallback_rank	FALSE
ASSIGN	2082	bioc_fallback_rank	FALSE
corrgram	2081	cran	FALSE
lfa	2081	bioc_fallback_rank	FALSE
mosdef	2080	bioc_fallback_rank	FALSE
qreport	2080	cran	FALSE
VariantTools	2079	bioc_fallback_rank	FALSE
ABarray	2078	bioc_fallback_rank	FALSE
BioNERO	2077	bioc_fallback_rank	FALSE
MinimumDistance	2076	bioc_fallback_rank	FALSE
ReadqPCR	2075	bioc_fallback_rank	FALSE
ABSSeq	2074	bioc_fallback_rank	FALSE
multitaper	2074	cran	FALSE
BicARE	2073	bioc_fallback_rank	FALSE
clustifyr	2072	bioc_fallback_rank	FALSE
gemtc	2072	cran	FALSE
DAPAR	2071	bioc_fallback_rank	FALSE
ddCt	2070	bioc_fallback_rank	FALSE
sfnetworks	2070	cran	FALSE
DMRcaller	2069	bioc_fallback_rank	FALSE
MLEcens	2069	cran	FALSE
ADaCGH2	2068	bioc_fallback_rank	FALSE
BEAT	2067	bioc_fallback_rank	FALSE
dcanr	2066	bioc_fallback_rank	FALSE
imcRtools	2065	bioc_fallback_rank	FALSE
equatags	2064	cran	FALSE
pfamAnalyzeR	2064	bioc_fallback_rank	FALSE
HardyWeinberg	2063	cran	FALSE
SNPhood	2063	bioc_fallback_rank	FALSE
CelliD	2062	bioc_fallback_rank	FALSE
GPfit	2062	cran	FALSE
methylPipe	2061	bioc_fallback_rank	FALSE
mlrMBO	2061	cran	FALSE
parsedate	2060	cran	FALSE
TEQC	2060	bioc_fallback_rank	FALSE
BioQC	2059	bioc_fallback_rank	FALSE
GeneRegionScan	2058	bioc_fallback_rank	FALSE
FELLA	2057	bioc_fallback_rank	FALSE
GraphAT	2056	bioc_fallback_rank	FALSE
scp	2055	bioc_fallback_rank	FALSE
AllelicImbalance	2054	bioc_fallback_rank	FALSE
meshes	2053	bioc_fallback_rank	FALSE
MLSeq	2052	bioc_fallback_rank	FALSE
Rcpi	2051	bioc_fallback_rank	FALSE
CSAR	2050	bioc_fallback_rank	FALSE
Bessel	2049	cran	FALSE
memes	2049	bioc_fallback_rank	FALSE
ReactomeGSA	2048	bioc_fallback_rank	FALSE
RPA	2047	bioc_fallback_rank	FALSE
sangeranalyseR	2046	bioc_fallback_rank	FALSE
tidygeocoder	2046	cran	FALSE
pso	2045	cran	FALSE
SeqGSEA	2045	bioc_fallback_rank	FALSE
debrowser	2044	bioc_fallback_rank	FALSE
animalcules	2043	bioc_fallback_rank	FALSE
casper	2042	bioc_fallback_rank	FALSE
groHMM	2041	bioc_fallback_rank	FALSE
clusterSim	2040	cran	FALSE
RCAS	2040	bioc_fallback_rank	FALSE
RTopper	2039	bioc_fallback_rank	FALSE
chimeraviz	2038	bioc_fallback_rank	FALSE
ncbit	2038	cran	FALSE
robustlmm	2038	cran	FALSE
EWCE	2037	bioc_fallback_rank	FALSE
tigre	2036	bioc_fallback_rank	FALSE
ChIPsim	2035	bioc_fallback_rank	FALSE
GeneNetworkBuilder	2034	bioc_fallback_rank	FALSE
OTUbase	2033	bioc_fallback_rank	FALSE
waveslim	2033	cran	FALSE
Boom	2032	cran	FALSE
CEMiTool	2032	bioc_fallback_rank	FALSE
coseq	2031	bioc_fallback_rank	FALSE
dyebias	2030	bioc_fallback_rank	FALSE
rattle	2030	cran	FALSE
TAM	2030	cran	FALSE
RNASeqPower	2029	bioc_fallback_rank	FALSE
HPAanalyze	2028	bioc_fallback_rank	FALSE
methrix	2027	bioc_fallback_rank	FALSE
nimble	2027	cran	FALSE
annotationTools	2026	bioc_fallback_rank	FALSE
xplorerr	2026	cran	FALSE
CexoR	2025	bioc_fallback_rank	FALSE
CNTools	2024	bioc_fallback_rank	FALSE
limmaGUI	2023	bioc_fallback_rank	FALSE
shinyMethyl	2022	bioc_fallback_rank	FALSE
planet	2021	bioc_fallback_rank	FALSE
solrium	2021	cran	FALSE
a4Core	2020	bioc_fallback_rank	FALSE
cogena	2019	bioc_fallback_rank	FALSE
textshape	2019	cran	FALSE
monaLisa	2018	bioc_fallback_rank	FALSE
splots	2017	bioc_fallback_rank	FALSE
pRolocGUI	2016	bioc_fallback_rank	FALSE
apaTables	2015	cran	FALSE
ASICS	2015	bioc_fallback_rank,cran	FALSE
adehabitatLT	2014	cran	FALSE
FEAST	2014	bioc_fallback_rank	FALSE
readbitmap	2014	cran	FALSE
MEAL	2013	bioc_fallback_rank	FALSE
vbmp	2012	bioc_fallback_rank,cran	FALSE
YAPSA	2011	bioc_fallback_rank	FALSE
gprofiler2	2010	cran	FALSE
MetaboSignal	2010	bioc_fallback_rank	FALSE
normr	2009	bioc_fallback_rank	FALSE
ritis	2009	cran	FALSE
HilbertCurve	2008	bioc_fallback_rank	FALSE
MBASED	2007	bioc_fallback_rank	FALSE
flowPeaks	2006	bioc_fallback_rank	FALSE
myvariant	2005	bioc_fallback_rank	FALSE
tkrplot	2005	cran	FALSE
scPipe	2004	bioc_fallback_rank	FALSE
amplican	2003	bioc_fallback_rank	FALSE
glassoFast	2003	cran	FALSE
jinjar	2003	cran	FALSE
nullranges	2002	bioc_fallback_rank	FALSE
rain	2001	bioc_fallback_rank	FALSE
httptest2	2000	cran	FALSE
rcellminer	2000	bioc_fallback_rank	FALSE
LiblineaR	1999	cran	FALSE
struct	1999	bioc_fallback_rank	FALSE
metaMS	1998	bioc_fallback_rank	FALSE
MethylAid	1997	bioc_fallback_rank	FALSE
nestedLogit	1997	cran	FALSE
ExiMiR	1996	bioc_fallback_rank	FALSE
adbcdrivermanager	1995	cran	FALSE
factDesign	1995	bioc_fallback_rank	FALSE
syuzhet	1995	cran	FALSE
FRASER	1994	bioc_fallback_rank	FALSE
GSAR	1993	bioc_fallback_rank	FALSE
KCsmart	1992	bioc_fallback_rank	FALSE
duckspatial	1991	cran	FALSE
RSVSim	1991	bioc_fallback_rank	FALSE
flowMerge	1990	bioc_fallback_rank	FALSE
flowVS	1989	bioc_fallback_rank	FALSE
philentropy	1989	cran	FALSE
GeneExpressionSignature	1988	bioc_fallback_rank	FALSE
CircStats	1987	cran	FALSE
multiHiCcompare	1987	bioc_fallback_rank	FALSE
rworldmap	1987	cran	FALSE
SpatialFeatureExperiment	1986	bioc_fallback_rank	FALSE
geNetClassifier	1985	bioc_fallback_rank	FALSE
MethylMix	1984	bioc_fallback_rank	FALSE
PAA	1983	bioc_fallback_rank	FALSE
rexposome	1982	bioc_fallback_rank	FALSE
riboSeqR	1981	bioc_fallback_rank	FALSE
TurboNorm	1980	bioc_fallback_rank	FALSE
GeneTonic	1979	bioc_fallback_rank	FALSE
hyperdraw	1978	bioc_fallback_rank	FALSE
TFEA_ChIP	1977	bioc_fallback_rank	FALSE
TreeTools	1976	cran	FALSE
TVTB	1976	bioc_fallback_rank	FALSE
yarn	1975	bioc_fallback_rank	FALSE
BatchQC	1974	bioc_fallback_rank	FALSE
MPV	1974	cran	FALSE
CARNIVAL	1973	bioc_fallback_rank	FALSE
frmaTools	1972	bioc_fallback_rank	FALSE
storr	1972	cran	FALSE
bsts	1971	cran	FALSE
LPE	1971	bioc_fallback_rank	FALSE
MetaboAnnotation	1970	bioc_fallback_rank	FALSE
miRNAtap	1969	bioc_fallback_rank	FALSE
parody	1968	bioc_fallback_rank	FALSE
WikipediR	1968	cran	FALSE
PROcess	1967	bioc_fallback_rank	FALSE
iml	1966	cran	FALSE
roar	1966	bioc_fallback_rank	FALSE
yamss	1965	bioc_fallback_rank	FALSE
DaMiRseq	1964	bioc_fallback_rank	FALSE
tidybayes	1964	cran	FALSE
gcapc	1963	bioc_fallback_rank	FALSE
getopt	1963	cran	FALSE
VegaMC	1962	bioc_fallback_rank	FALSE
attachment	1961	cran	FALSE
trio	1961	bioc_fallback_rank,cran	FALSE
cydar	1960	bioc_fallback_rank	FALSE
gratia	1960	cran	FALSE
rlemon	1960	cran	FALSE
tRanslatome	1959	bioc_fallback_rank	FALSE
piggyback	1958	cran	FALSE
TruncatedNormal	1958	cran	FALSE
tweeDEseq	1958	bioc_fallback_rank	FALSE
pathRender	1957	bioc_fallback_rank	FALSE
lsa	1956	cran	FALSE
traseR	1956	bioc_fallback_rank	FALSE
anota2seq	1955	bioc_fallback_rank	FALSE
rsbml	1954	bioc_fallback_rank,cran	FALSE
sdmTMB	1954	cran	FALSE
SCnorm	1953	bioc_fallback_rank	FALSE
Cepo	1952	bioc_fallback_rank	FALSE
rtdists	1952	cran	FALSE
tidyLPA	1952	cran	FALSE
edge	1951	bioc_fallback_rank	FALSE
mvnormtest	1951	cran	FALSE
flowcatchR	1950	bioc_fallback_rank	FALSE
conquer	1949	cran	FALSE
miQC	1949	bioc_fallback_rank	FALSE
OCplus	1948	bioc_fallback_rank	FALSE
OmaDB	1947	bioc_fallback_rank	FALSE
SpatialDecon	1946	bioc_fallback_rank	FALSE
cocor	1945	cran	FALSE
FGNet	1945	bioc_fallback_rank	FALSE
logicFS	1944	bioc_fallback_rank	FALSE
msqrob2	1943	bioc_fallback_rank	FALSE
forestploter	1942	cran	FALSE
PROPER	1942	bioc_fallback_rank	FALSE
bestNormalize	1941	cran	FALSE
SamSPECTRAL	1941	bioc_fallback_rank	FALSE
Oscope	1940	bioc_fallback_rank	FALSE
prebs	1939	bioc_fallback_rank	FALSE
ramwas	1938	bioc_fallback_rank	FALSE
RDRToolbox	1937	bioc_fallback_rank	FALSE
admiraldev	1936	cran	FALSE
bigutilsr	1936	cran	FALSE
LambertW	1936	cran	FALSE
subSeq	1936	bioc_fallback_rank	FALSE
wiggleplotr	1935	bioc_fallback_rank	FALSE
ChromHeatMap	1934	bioc_fallback_rank	FALSE
mBPCR	1933	bioc_fallback_rank	FALSE
methylGSA	1932	bioc_fallback_rank	FALSE
DRR	1931	cran	FALSE
MiPP	1931	bioc_fallback_rank	FALSE
OLINgui	1930	bioc_fallback_rank	FALSE
tableHTML	1930	cran	FALSE
daMA	1929	bioc_fallback_rank	FALSE
eds	1928	bioc_fallback_rank	FALSE
geomtextpath	1928	cran	FALSE
bezier	1927	cran	FALSE
oposSOM	1927	bioc_fallback_rank,cran	FALSE
R453Plus1Toolbox	1926	bioc_fallback_rank	FALSE
dreamlet	1925	bioc_fallback_rank	FALSE
wikitaxa	1925	cran	FALSE
bootstrap	1924	cran	FALSE
eisaR	1924	bioc_fallback_rank	FALSE
ffpe	1923	bioc_fallback_rank	FALSE
goTools	1922	bioc_fallback_rank	FALSE
HEM	1921	bioc_fallback_rank	FALSE
seqsetvis	1920	bioc_fallback_rank	FALSE
snm	1919	bioc_fallback_rank	FALSE
tidycmprsk	1919	cran	FALSE
affyContam	1918	bioc_fallback_rank	FALSE
biodb	1917	bioc_fallback_rank	FALSE
BLMA	1916	bioc_fallback_rank	FALSE
gCrisprTools	1915	bioc_fallback_rank	FALSE
intansv	1914	bioc_fallback_rank	FALSE
MWASTools	1913	bioc_fallback_rank	FALSE
npGSEA	1912	bioc_fallback_rank	FALSE
airports	1911	cran	FALSE
pandaR	1911	bioc_fallback_rank	FALSE
pepStat	1910	bioc_fallback_rank	FALSE
CellBench	1909	bioc_fallback_rank	FALSE
chromPlot	1908	bioc_fallback_rank	FALSE
copa	1907	bioc_fallback_rank	FALSE
httpgd	1907	cran	FALSE
hierfstat	1906	cran	FALSE
ITALICS	1906	bioc_fallback_rank	FALSE
udpipe	1906	cran	FALSE
OrderedList	1905	bioc_fallback_rank	FALSE
REDseq	1904	bioc_fallback_rank	FALSE
signeR	1903	bioc_fallback_rank	FALSE
equatiomatic	1902	cran	FALSE
multiwayvcov	1902	cran	FALSE
pvclust	1902	cran	FALSE
sSeq	1902	bioc_fallback_rank	FALSE
ViSEAGO	1901	bioc_fallback_rank	FALSE
a4	1900	bioc_fallback_rank	FALSE
affyILM	1899	bioc_fallback_rank	FALSE
MANOR	1898	bioc_fallback_rank	FALSE
eha	1897	cran	FALSE
topconfects	1897	bioc_fallback_rank	FALSE
EventPointer	1896	bioc_fallback_rank	FALSE
CFtime	1895	cran	FALSE
maser	1895	bioc_fallback_rank	FALSE
limSolve	1894	cran	FALSE
massiR	1894	bioc_fallback_rank	FALSE
RareVariantVis	1893	bioc_fallback_rank	FALSE
bigmelon	1892	bioc_fallback_rank	FALSE
compEpiTools	1891	bioc_fallback_rank	FALSE
CoverageView	1890	bioc_fallback_rank	FALSE
MMDiff2	1889	bioc_fallback_rank	FALSE
TENxIO	1888	bioc_fallback_rank	FALSE
cycle	1887	bioc_fallback_rank	FALSE
flowTrans	1886	bioc_fallback_rank	FALSE
ICS	1886	cran	FALSE
GeneSelectMMD	1885	bioc_fallback_rank	FALSE
GSRI	1884	bioc_fallback_rank	FALSE
IPO	1883	bioc_fallback_rank	FALSE
msPurity	1882	bioc_fallback_rank	FALSE
qsea	1881	bioc_fallback_rank	FALSE
lipidr	1880	bioc_fallback_rank	FALSE
ggiraphExtra	1879	cran	FALSE
POMA	1879	bioc_fallback_rank	FALSE
shapviz	1879	cran	FALSE
transcriptR	1878	bioc_fallback_rank	FALSE
automap	1877	cran	FALSE
CGHregions	1877	bioc_fallback_rank	FALSE
doMC	1877	cran	FALSE
pcse	1877	cran	FALSE
CDM	1876	cran	FALSE
CNVrd2	1876	bioc_fallback_rank	FALSE
HiCBricks	1875	bioc_fallback_rank	FALSE
mdqc	1874	bioc_fallback_rank	FALSE
inlabru	1873	cran	FALSE
nnNorm	1873	bioc_fallback_rank	FALSE
RegEnrich	1872	bioc_fallback_rank	FALSE
EMDomics	1871	bioc_fallback_rank,cran	FALSE
eudysbiome	1870	bioc_fallback_rank	FALSE
GOpro	1869	bioc_fallback_rank	FALSE
HELP	1868	bioc_fallback_rank	FALSE
qqman	1868	cran	FALSE
rfPred	1867	bioc_fallback_rank	FALSE
Basic4Cseq	1866	bioc_fallback_rank	FALSE
bioassayR	1865	bioc_fallback_rank	FALSE
CNORfeeder	1864	bioc_fallback_rank	FALSE
ggwordcloud	1864	cran	FALSE
MEDME	1863	bioc_fallback_rank	FALSE
ccrepe	1862	bioc_fallback_rank	FALSE
clusterStab	1861	bioc_fallback_rank	FALSE
customProDB	1860	bioc_fallback_rank	FALSE
DART	1859	bioc_fallback_rank,cran	FALSE
dotty	1859	cran	FALSE
catdata	1858	cran	FALSE
easier	1858	bioc_fallback_rank	FALSE
natserv	1858	cran	FALSE
epivizrData	1857	bioc_fallback_rank	FALSE
gfonts	1857	cran	FALSE
isomiRs	1856	bioc_fallback_rank	FALSE
text2vec	1856	cran	FALSE
antiword	1855	cran	FALSE
RnaSeqSampleSize	1855	bioc_fallback_rank	FALSE
AGDEX	1854	bioc_fallback_rank	FALSE
flowMatch	1853	bioc_fallback_rank	FALSE
R3CPET	1852	bioc_fallback_rank	FALSE
acde	1851	bioc_fallback_rank	FALSE
adabag	1850	cran	FALSE
EGAD	1850	bioc_fallback_rank	FALSE
les	1849	bioc_fallback_rank	FALSE
robmixglm	1849	cran	FALSE
mgsa	1848	bioc_fallback_rank	FALSE
mpra	1847	bioc_fallback_rank	FALSE
standR	1846	bioc_fallback_rank	FALSE
anota	1845	bioc_fallback_rank	FALSE
biomvRCNS	1844	bioc_fallback_rank	FALSE
BrowserViz	1843	bioc_fallback_rank	FALSE
geojsonio	1843	cran	FALSE
circRNAprofiler	1842	bioc_fallback_rank	FALSE
COCOA	1841	bioc_fallback_rank	FALSE
trend	1841	cran	FALSE
DFP	1840	bioc_fallback_rank	FALSE
gmapR	1839	bioc_fallback_rank	FALSE
geobr	1838	cran	FALSE
iChip	1838	bioc_fallback_rank	FALSE
rcdd	1837	cran	FALSE
SIAMCAT	1837	bioc_fallback_rank	FALSE
DEsubs	1836	bioc_fallback_rank	FALSE
dupRadar	1835	bioc_fallback_rank	FALSE
epigenomix	1834	bioc_fallback_rank	FALSE
flowBeads	1833	bioc_fallback_rank	FALSE
probably	1833	cran	FALSE
pmp	1832	bioc_fallback_rank	FALSE
stm	1832	cran	FALSE
proActiv	1831	bioc_fallback_rank	FALSE
SIM	1830	bioc_fallback_rank	FALSE
smoof	1829	cran	FALSE
velociraptor	1829	bioc_fallback_rank	FALSE
BBCAnalyzer	1828	bioc_fallback_rank	FALSE
metagene2	1827	bioc_fallback_rank	FALSE
Rfast2	1827	cran	FALSE
arrayhelpers	1826	cran	FALSE
DoseFinding	1826	cran	FALSE
MMUPHin	1826	bioc_fallback_rank	FALSE
TIN	1825	bioc_fallback_rank	FALSE
iSEEu	1824	bioc_fallback_rank	FALSE
sortable	1824	cran	FALSE
ASSET	1823	bioc_fallback_rank	FALSE
arsenal	1822	cran	FALSE
BioMVCClass	1822	bioc_fallback_rank	FALSE
lessR	1822	cran	FALSE
princurve	1822	cran	FALSE
Chicago	1821	bioc_fallback_rank	FALSE
geneplast	1820	bioc_fallback_rank	FALSE
IdeoViz	1819	bioc_fallback_rank	FALSE
Mulcom	1818	bioc_fallback_rank	FALSE
netresponse	1817	bioc_fallback_rank	FALSE
SBMLR	1816	bioc_fallback_rank	FALSE
Voyager	1815	bioc_fallback_rank	FALSE
wavClusteR	1814	bioc_fallback_rank	FALSE
DNABarcodes	1813	bioc_fallback_rank	FALSE
rmeta	1813	cran	FALSE
goSTAG	1812	bioc_fallback_rank	FALSE
lisaClust	1811	bioc_fallback_rank	FALSE
mCSEA	1810	bioc_fallback_rank	FALSE
Modstrings	1809	bioc_fallback_rank	FALSE
vcr	1809	cran	FALSE
panelcn_mops	1808	bioc_fallback_rank	FALSE
PECA	1807	bioc_fallback_rank	FALSE
wavethresh	1807	cran	FALSE
arrangements	1806	cran	FALSE
glmulti	1806	cran	FALSE
rgsepd	1806	bioc_fallback_rank	FALSE
ExpressionAtlas	1805	bioc_fallback_rank	FALSE
googlePolylines	1805	cran	FALSE
rempsyc	1805	cran	FALSE
RCyjs	1804	bioc_fallback_rank	FALSE
cpvSNP	1803	bioc_fallback_rank	FALSE
igvR	1802	bioc_fallback_rank	FALSE
mlr3mbo	1802	cran	FALSE
robumeta	1802	cran	FALSE
rawrr	1801	bioc_fallback_rank	FALSE
annmap	1800	bioc_fallback_rank	FALSE
BSgenomeForge	1799	bioc_fallback_rank	FALSE
CGHnormaliter	1798	bioc_fallback_rank	FALSE
messina	1797	bioc_fallback_rank	FALSE
SeqSQC	1796	bioc_fallback_rank	FALSE
MatrixExtra	1795	cran	FALSE
TFutils	1795	bioc_fallback_rank	FALSE
a4Classif	1794	bioc_fallback_rank	FALSE
BioCor	1793	bioc_fallback_rank	FALSE
BUS	1792	bioc_fallback_rank	FALSE
dataRetrieval	1792	cran	FALSE
fCCAC	1791	bioc_fallback_rank	FALSE
psichomics	1790	bioc_fallback_rank	FALSE
uSORT	1789	bioc_fallback_rank	FALSE
distinct	1788	bioc_fallback_rank	FALSE
MVCClass	1787	bioc_fallback_rank	FALSE
OncoSimulR	1786	bioc_fallback_rank	FALSE
sommer	1786	cran	FALSE
SMITE	1785	bioc_fallback_rank	FALSE
clippda	1784	bioc_fallback_rank	FALSE
CNORfuzzy	1783	bioc_fallback_rank	FALSE
drawProteins	1782	bioc_fallback_rank	FALSE
IVAS	1781	bioc_fallback_rank	FALSE
methylMnM	1780	bioc_fallback_rank	FALSE
miRLAB	1779	bioc_fallback_rank	FALSE
naivebayes	1779	cran	FALSE
bigstatsr	1778	cran	FALSE
Pviz	1778	bioc_fallback_rank	FALSE
specL	1777	bioc_fallback_rank	FALSE
glmSparseNet	1776	bioc_fallback_rank	FALSE
log4r	1776	cran	FALSE
mlt	1776	cran	FALSE
predicts	1776	cran	FALSE
methylSig	1775	bioc_fallback_rank	FALSE
shinyvalidate	1775	cran	FALSE
MetNet	1774	bioc_fallback_rank	FALSE
NADfinder	1773	bioc_fallback_rank	FALSE
RApiSerialize	1773	cran	FALSE
PCAN	1772	bioc_fallback_rank	FALSE
preciseTAD	1771	bioc_fallback_rank	FALSE
sincell	1770	bioc_fallback_rank	FALSE
openPrimeR	1769	bioc_fallback_rank	FALSE
svGUI	1769	cran	FALSE
qpcrNorm	1768	bioc_fallback_rank	FALSE
hexView	1767	cran	FALSE
scClassify	1767	bioc_fallback_rank	FALSE
ftExtra	1766	cran	FALSE
sevenC	1766	bioc_fallback_rank	FALSE
Microsoft365R	1765	cran	FALSE
tRNA	1765	bioc_fallback_rank	FALSE
artMS	1764	bioc_fallback_rank	FALSE
grImport2	1764	cran	FALSE
altdoc	1763	cran	FALSE
CNVPanelizer	1763	bioc_fallback_rank	FALSE
doppelgangR	1762	bioc_fallback_rank	FALSE
NeuralNetTools	1762	cran	FALSE
erccdashboard	1761	bioc_fallback_rank	FALSE
MCbiclust	1760	bioc_fallback_rank	FALSE
Rhisat2	1759	bioc_fallback_rank	FALSE
bipartite	1758	cran	FALSE
SemDist	1758	bioc_fallback_rank	FALSE
SpeCond	1757	bioc_fallback_rank	FALSE
hapFabia	1756	bioc_fallback_rank	FALSE
safer	1756	cran	FALSE
estmeansd	1755	cran	FALSE
vtpnet	1755	bioc_fallback_rank	FALSE
ChIPanalyser	1754	bioc_fallback_rank	FALSE
Cormotif	1753	bioc_fallback_rank	FALSE
concaveman	1752	cran	FALSE
DEScan2	1752	bioc_fallback_rank	FALSE
gaston	1752	cran	FALSE
DMRScan	1751	bioc_fallback_rank	FALSE
DrugVsDisease	1750	bioc_fallback_rank	FALSE
epivizrStandalone	1749	bioc_fallback_rank	FALSE
Gmisc	1749	cran	FALSE
IntEREst	1748	bioc_fallback_rank	FALSE
spocc	1748	cran	FALSE
maskBAD	1747	bioc_fallback_rank	FALSE
MesKit	1746	bioc_fallback_rank	FALSE
mlr3data	1745	cran	FALSE
RUVnormalize	1745	bioc_fallback_rank	FALSE
schex	1744	bioc_fallback_rank	FALSE
BgeeDB	1743	bioc_fallback_rank	FALSE
cellbaseR	1742	bioc_fallback_rank	FALSE
mnem	1741	bioc_fallback_rank	FALSE
echarts4r	1740	cran	FALSE
ssize	1740	bioc_fallback_rank	FALSE
transcriptogramer	1739	bioc_fallback_rank	FALSE
adehabitatHR	1738	cran	FALSE
epiNEM	1738	bioc_fallback_rank	FALSE
NuPoP	1737	bioc_fallback_rank	FALSE
oppar	1736	bioc_fallback_rank	FALSE
paws_security_identity	1736	cran	FALSE
rbsurv	1735	bioc_fallback_rank	FALSE
ecodist	1734	cran	FALSE
simpleSeg	1734	bioc_fallback_rank	FALSE
TFHAZ	1733	bioc_fallback_rank	FALSE
canceR	1732	bioc_fallback_rank	FALSE
dotwhisker	1732	cran	FALSE
ChIPexoQual	1731	bioc_fallback_rank	FALSE
mgsub	1731	cran	FALSE
GenomicTuples	1730	bioc_fallback_rank	FALSE
GSEABenchmarkeR	1729	bioc_fallback_rank	FALSE
sagenhaft	1728	bioc_fallback_rank	FALSE
tarchetypes	1728	cran	FALSE
bioCancer	1727	bioc_fallback_rank	FALSE
consensusSeekeR	1726	bioc_fallback_rank	FALSE
ddalpha	1726	cran	FALSE
EBcoexpress	1725	bioc_fallback_rank	FALSE
skewt	1725	cran	FALSE
GRmetrics	1724	bioc_fallback_rank	FALSE
maxnet	1724	cran	FALSE
duckplyr	1723	cran	FALSE
multiscan	1723	bioc_fallback_rank	FALSE
OMICsPCA	1722	bioc_fallback_rank	FALSE
fishMod	1721	cran	FALSE
rhdf5client	1721	bioc_fallback_rank	FALSE
sevenbridges	1720	bioc_fallback_rank	FALSE
mistyR	1719	bioc_fallback_rank	FALSE
nondetects	1718	bioc_fallback_rank	FALSE
PhyloProfile	1717	bioc_fallback_rank	FALSE
argparse	1716	cran	FALSE
pvac	1716	bioc_fallback_rank	FALSE
betapart	1715	cran	FALSE
dartR	1715	cran	FALSE
stepNorm	1715	bioc_fallback_rank	FALSE
crisprScore	1714	bioc_fallback_rank	FALSE
genArise	1713	bioc_fallback_rank	FALSE
RBesT	1713	cran	FALSE
HybridMTest	1712	bioc_fallback_rank	FALSE
REMP	1711	bioc_fallback_rank	FALSE
unigd	1711	cran	FALSE
UNDO	1710	bioc_fallback_rank	FALSE
metaBLUE	1709	cran	FALSE
Uniquorn	1709	bioc_fallback_rank	FALSE
dearseq	1708	bioc_fallback_rank	FALSE
calculus	1707	cran	FALSE
esetVis	1707	bioc_fallback_rank	FALSE
fpp2	1707	cran	FALSE
MatrixRider	1706	bioc_fallback_rank	FALSE
zCompositions	1706	cran	FALSE
flowCut	1705	bioc_fallback_rank	FALSE
maCorrPlot	1704	bioc_fallback_rank	FALSE
metaseqR2	1703	bioc_fallback_rank	FALSE
geojson	1702	cran	FALSE
MGFM	1702	bioc_fallback_rank	FALSE
qtl	1702	cran	FALSE
MiChip	1701	bioc_fallback_rank	FALSE
MIRA	1700	bioc_fallback_rank	FALSE
NISTunits	1699	cran	FALSE
Rnits	1699	bioc_fallback_rank	FALSE
RRHO	1698	bioc_fallback_rank	FALSE
yaImpute	1698	cran	FALSE
SBGNview	1697	bioc_fallback_rank	FALSE
candisc	1696	cran	FALSE
SigCheck	1696	bioc_fallback_rank	FALSE
EGAnet	1695	cran	FALSE
topdownr	1695	bioc_fallback_rank	FALSE
CNORode	1694	bioc_fallback_rank	FALSE
projpred	1694	cran	FALSE
adegraphics	1693	cran	FALSE
eiR	1693	bioc_fallback_rank	FALSE
metaSeq	1692	bioc_fallback_rank	FALSE
mitch	1691	bioc_fallback_rank	FALSE
PROMISE	1690	bioc_fallback_rank	FALSE
RGSEA	1689	bioc_fallback_rank	FALSE
similaRpeak	1688	bioc_fallback_rank	FALSE
spkTools	1687	bioc_fallback_rank	FALSE
zenith	1686	bioc_fallback_rank	FALSE
BiocWorkflowTools	1685	bioc_fallback_rank	FALSE
GeneBreak	1684	bioc_fallback_rank	FALSE
batchtools	1683	cran	FALSE
ldblock	1683	bioc_fallback_rank	FALSE
multiClust	1682	bioc_fallback_rank	FALSE
RWekajars	1682	cran	FALSE
textdata	1682	cran	FALSE
parglms	1681	bioc_fallback_rank	FALSE
Pigengene	1680	bioc_fallback_rank	FALSE
biosigner	1679	bioc_fallback_rank	FALSE
emoa	1679	cran	FALSE
manipulateWidget	1679	cran	FALSE
BridgeDbR	1678	bioc_fallback_rank	FALSE
sgeostat	1678	cran	FALSE
cellity	1677	bioc_fallback_rank	FALSE
dtt	1677	cran	FALSE
DAMEfinder	1676	bioc_fallback_rank	FALSE
miRcomp	1675	bioc_fallback_rank	FALSE
qsmooth	1674	bioc_fallback_rank	FALSE
CeTF	1673	bioc_fallback_rank	FALSE
RWiener	1673	cran	FALSE
hipathia	1672	bioc_fallback_rank	FALSE
proBAMr	1671	bioc_fallback_rank	FALSE
fANCOVA	1670	cran	FALSE
SpliceWiz	1670	bioc_fallback_rank	FALSE
swfdr	1669	bioc_fallback_rank	FALSE
MBA	1668	cran	FALSE
weitrix	1668	bioc_fallback_rank	FALSE
atSNP	1667	bioc_fallback_rank	FALSE
condiments	1666	bioc_fallback_rank	FALSE
DirichletReg	1666	cran	FALSE
GMRP	1665	bioc_fallback_rank	FALSE
hermes	1664	bioc_fallback_rank	FALSE
NetSAM	1663	bioc_fallback_rank	FALSE
genetics	1662	cran	FALSE
PANR	1662	bioc_fallback_rank	FALSE
PASWR	1662	cran	FALSE
PPInfer	1661	bioc_fallback_rank	FALSE
CNVRanger	1660	bioc_fallback_rank	FALSE
cosmiq	1659	bioc_fallback_rank	FALSE
MALDIquant	1659	cran	FALSE
bmp	1658	cran	FALSE
FastqCleaner	1658	bioc_fallback_rank	FALSE
GeneStructureTools	1657	bioc_fallback_rank	FALSE
QUBIC	1656	bioc_fallback_rank	FALSE
tippy	1656	cran	FALSE
scruff	1655	bioc_fallback_rank	FALSE
blima	1654	bioc_fallback_rank	FALSE
CardinalIO	1653	bioc_fallback_rank	FALSE
CellTrails	1652	bioc_fallback_rank	FALSE
rsparse	1652	cran	FALSE
clst	1651	bioc_fallback_rank	FALSE
ConsRank	1650	cran	FALSE
epigraHMM	1650	bioc_fallback_rank	FALSE
CORElearn	1649	cran	FALSE
IWTomics	1649	bioc_fallback_rank	FALSE
mirIntegrator	1648	bioc_fallback_rank	FALSE
Rsymphony	1648	cran	FALSE
conf_design	1647	cran	FALSE
omicsPrint	1647	bioc_fallback_rank	FALSE
redux	1647	cran	FALSE
PLPE	1646	bioc_fallback_rank	FALSE
Rmagpie	1645	bioc_fallback_rank	FALSE
lmdme	1644	bioc_fallback_rank	FALSE
methylInheritance	1643	bioc_fallback_rank	FALSE
celaref	1642	bioc_fallback_rank	FALSE
epivizrChart	1641	bioc_fallback_rank	FALSE
penalized	1641	cran	FALSE
FamAgg	1640	bioc_fallback_rank	FALSE
methylCC	1639	bioc_fallback_rank	FALSE
OSAT	1638	bioc_fallback_rank	FALSE
svDialogs	1638	cran	FALSE
PepsNMR	1637	bioc_fallback_rank	FALSE
SANTA	1636	bioc_fallback_rank	FALSE
esquisse	1635	cran	FALSE
LymphoSeq	1635	bioc_fallback_rank	FALSE
usdm	1635	cran	FALSE
MethPed	1634	bioc_fallback_rank	FALSE
chopsticks	1633	bioc_fallback_rank	FALSE
escheR	1632	bioc_fallback_rank	FALSE
mlr3filters	1631	cran	FALSE
periodicDNA	1631	bioc_fallback_rank	FALSE
RNAAgeCalc	1630	bioc_fallback_rank	FALSE
scPCA	1629	bioc_fallback_rank	FALSE
SparseSignatures	1628	bioc_fallback_rank	FALSE
spikeLI	1627	bioc_fallback_rank	FALSE
BoomSpikeSlab	1626	cran	FALSE
syntenet	1626	bioc_fallback_rank	FALSE
BaalChIP	1625	bioc_fallback_rank	FALSE
geneRecommender	1624	bioc_fallback_rank	FALSE
truncdist	1624	cran	FALSE
SELEX	1623	bioc_fallback_rank	FALSE
consensusOV	1622	bioc_fallback_rank	FALSE
crisprDesign	1621	bioc_fallback_rank	FALSE
GeneticsPed	1620	bioc_fallback_rank	FALSE
ncvreg	1620	cran	FALSE
regions	1620	cran	FALSE
KEGGlincs	1619	bioc_fallback_rank	FALSE
MEIGOR	1618	bioc_fallback_rank	FALSE
rnaseqcomp	1617	bioc_fallback_rank	FALSE
mlr3cluster	1616	cran	FALSE
TargetSearch	1616	bioc_fallback_rank	FALSE
AlpsNMR	1615	bioc_fallback_rank	FALSE
PresenceAbsence	1615	cran	FALSE
cosmosR	1614	bioc_fallback_rank,cran	FALSE
dslabs	1613	cran	FALSE
Prostar	1613	bioc_fallback_rank	FALSE
QSutils	1612	bioc_fallback_rank	FALSE
RefPlus	1611	bioc_fallback_rank	FALSE
flagme	1610	bioc_fallback_rank	FALSE
paws_machine_learning	1610	cran	FALSE
phosphoricons	1610	cran	FALSE
LACE	1609	bioc_fallback_rank	FALSE
RVAideMemoire	1608	cran	FALSE
scmeth	1608	bioc_fallback_rank	FALSE
ENMeval	1607	cran	FALSE
sizepower	1607	bioc_fallback_rank	FALSE
splineTimeR	1606	bioc_fallback_rank	FALSE
survAUC	1606	cran	FALSE
discordant	1605	bioc_fallback_rank	FALSE
km_ci	1605	cran	FALSE
glmtoolbox	1604	cran	FALSE
iterativeBMA	1604	bioc_fallback_rank	FALSE
paws_compute	1604	cran	FALSE
MsDataHub	1603	bioc_fallback_rank	FALSE
nethet	1602	bioc_fallback_rank	FALSE
scagnostics	1602	cran	FALSE
phantasus	1601	bioc_fallback_rank	FALSE
rTRMui	1600	bioc_fallback_rank	FALSE
vidger	1599	bioc_fallback_rank	FALSE
adlift	1598	cran	FALSE
SGP	1598	cran	FALSE
VisiumIO	1598	bioc_fallback_rank	FALSE
appreci8R	1597	bioc_fallback_rank	FALSE
AssessORF	1596	bioc_fallback_rank	FALSE
bayNorm	1595	bioc_fallback_rank	FALSE
crch	1595	cran	FALSE
tclust	1595	cran	FALSE
beachmat_hdf5	1594	bioc_fallback_rank	FALSE
dimRed	1594	cran	FALSE
iNEXT	1594	cran	FALSE
Rnanoflann	1594	cran	FALSE
ChIPXpress	1593	bioc_fallback_rank	FALSE
BIEN	1592	cran	FALSE
clstutils	1592	bioc_fallback_rank	FALSE
crisprBase	1591	bioc_fallback_rank	FALSE
skewr	1590	bioc_fallback_rank	FALSE
PlotTools	1589	cran	FALSE
SPONGE	1589	bioc_fallback_rank	FALSE
Structstrings	1588	bioc_fallback_rank	FALSE
FactoInvestigate	1587	cran	FALSE
VCFArray	1587	bioc_fallback_rank	FALSE
CNAnorm	1586	bioc_fallback_rank	FALSE
EpiTxDb	1585	bioc_fallback_rank	FALSE
flowBin	1584	bioc_fallback_rank	FALSE
pathwayPCA	1583	bioc_fallback_rank	FALSE
rmio	1583	cran	FALSE
randPack	1582	bioc_fallback_rank	FALSE
ACE	1581	bioc_fallback_rank	FALSE
findpython	1581	cran	FALSE
smd	1581	cran	FALSE
AffyRNADegradation	1580	bioc_fallback_rank	FALSE
measurements	1580	cran	FALSE
branchpointer	1579	bioc_fallback_rank	FALSE
crisprViz	1578	bioc_fallback_rank	FALSE
rapidoc	1578	cran	FALSE
DeMixT	1577	bioc_fallback_rank	FALSE
ipumsr	1577	cran	FALSE
DiscoRhythm	1576	bioc_fallback_rank	FALSE
GSCA	1575	bioc_fallback_rank	FALSE
LiquidAssociation	1574	bioc_fallback_rank	FALSE
tgp	1574	cran	FALSE
miRSM	1573	bioc_fallback_rank	FALSE
VineCopula	1573	cran	FALSE
logitr	1572	cran	FALSE
mlapi	1572	cran	FALSE
multilevel	1572	cran	FALSE
NanoMethViz	1572	bioc_fallback_rank	FALSE
simplermarkdown	1572	cran	FALSE
fauxpas	1571	cran	FALSE
netSmooth	1571	bioc_fallback_rank	FALSE
treebalance	1571	cran	FALSE
SpectralTAD	1570	bioc_fallback_rank	FALSE
SPLINTER	1569	bioc_fallback_rank	FALSE
seminr	1568	cran	FALSE
ssviz	1568	bioc_fallback_rank	FALSE
AMARETTO	1567	bioc_fallback_rank	FALSE
Factoshiny	1567	cran	FALSE
tinysnapshot	1567	cran	FALSE
flowTime	1566	bioc_fallback_rank	FALSE
lda	1566	cran	FALSE
GEOsubmission	1565	bioc_fallback_rank	FALSE
lmomco	1565	cran	FALSE
iCheck	1564	bioc_fallback_rank	FALSE
mlr3fselect	1564	cran	FALSE
ICSNP	1563	cran	FALSE
ngsReports	1563	bioc_fallback_rank	FALSE
pipeFrame	1562	bioc_fallback_rank	FALSE
RGraph2js	1561	bioc_fallback_rank	FALSE
sccomp	1560	bioc_fallback_rank	FALSE
EbayesThresh	1559	cran	FALSE
TTMap	1559	bioc_fallback_rank	FALSE
CoCiteStats	1558	bioc_fallback_rank	FALSE
english	1558	cran	FALSE
paws	1558	cran	FALSE
cTRAP	1557	bioc_fallback_rank	FALSE
R2HTML	1557	cran	FALSE
esATAC	1556	bioc_fallback_rank	FALSE
fcScan	1555	bioc_fallback_rank	FALSE
MetCirc	1554	bioc_fallback_rank	FALSE
ribosomeProfilingQC	1553	bioc_fallback_rank	FALSE
DAAG	1552	cran	FALSE
ParallelLogger	1552	cran	FALSE
TBSignatureProfiler	1552	bioc_fallback_rank	FALSE
BaseSpaceR	1551	bioc_fallback_rank	FALSE
distr	1551	cran	FALSE
bnbc	1550	bioc_fallback_rank	FALSE
breakpointR	1549	bioc_fallback_rank	FALSE
DEWSeq	1548	bioc_fallback_rank	FALSE
NHANES	1548	cran	FALSE
fdrame	1547	bioc_fallback_rank	FALSE
mco	1547	cran	FALSE
GSReg	1546	bioc_fallback_rank	FALSE
idr2d	1545	bioc_fallback_rank	FALSE
MBttest	1544	bioc_fallback_rank	FALSE
NetPathMiner	1543	bioc_fallback_rank	FALSE
paws_analytics	1543	cran	FALSE
priorsense	1543	cran	FALSE
SICtools	1542	bioc_fallback_rank	FALSE
TnT	1541	bioc_fallback_rank	FALSE
BgeeCall	1540	bioc_fallback_rank	FALSE
armadillo4r	1539	cran	FALSE
biscuiteer	1539	bioc_fallback_rank	FALSE
plogr	1539	cran	FALSE
BufferedMatrixMethods	1538	bioc_fallback_rank	FALSE
cba	1537	cran	FALSE
GenomicDistributions	1537	bioc_fallback_rank	FALSE
literanger	1536	cran	FALSE
MEAT	1536	bioc_fallback_rank	FALSE
msgbsR	1535	bioc_fallback_rank	FALSE
NanoStringDiff	1534	bioc_fallback_rank	FALSE
spam64	1534	cran	FALSE
CBPS	1533	cran	FALSE
CVST	1533	cran	FALSE
PAST	1533	bioc_fallback_rank	FALSE
paws_developer_tools	1533	cran	FALSE
projectR	1532	bioc_fallback_rank	FALSE
binhf	1531	cran	FALSE
moonBook	1531	cran	FALSE
scTGIF	1531	bioc_fallback_rank	FALSE
weaver	1530	bioc_fallback_rank	FALSE
cpp4r	1529	cran	FALSE
MAIT	1529	bioc_fallback_rank	FALSE
textclean	1529	cran	FALSE
clustree	1528	cran	FALSE
methimpute	1528	bioc_fallback_rank	FALSE
multimode	1527	cran	FALSE
PGSEA	1527	bioc_fallback_rank	FALSE
RCM	1526	bioc_fallback_rank	FALSE
RTCA	1525	bioc_fallback_rank	FALSE
BadRegionFinder	1524	bioc_fallback_rank	FALSE
showimage	1524	cran	FALSE
cnvGSA	1523	bioc_fallback_rank	FALSE
MSwM	1523	cran	FALSE
coGPS	1522	bioc_fallback_rank	FALSE
flowCHIC	1521	bioc_fallback_rank	FALSE
MSstatsLiP	1520	bioc_fallback_rank	FALSE
irace	1519	cran	FALSE
pathifier	1519	bioc_fallback_rank	FALSE
paws_customer_engagement	1519	cran	FALSE
RIVER	1518	bioc_fallback_rank	FALSE
sechm	1517	bioc_fallback_rank	FALSE
distributions3	1516	cran	FALSE
paws_cost_management	1516	cran	FALSE
tenXplore	1516	bioc_fallback_rank	FALSE
Trendy	1515	bioc_fallback_rank	FALSE
CHETAH	1514	bioc_fallback_rank	FALSE
relations	1514	cran	FALSE
CHRONOS	1513	bioc_fallback_rank	FALSE
purrrlyr	1513	cran	FALSE
doseR	1512	bioc_fallback_rank	FALSE
datamods	1511	cran	FALSE
immunoClust	1511	bioc_fallback_rank	FALSE
mdp	1510	bioc_fallback_rank	FALSE
rhub	1510	cran	FALSE
aricode	1509	cran	FALSE
basefun	1509	cran	FALSE
fwb	1509	cran	FALSE
Path2PPI	1509	bioc_fallback_rank	FALSE
shinychat	1509	cran	FALSE
PathNet	1508	bioc_fallback_rank	FALSE
PathoStat	1507	bioc_fallback_rank	FALSE
declared	1506	cran	FALSE
seqCAT	1506	bioc_fallback_rank	FALSE
spaMM	1506	cran	FALSE
SNAGEE	1505	bioc_fallback_rank	FALSE
cfDNAPro	1504	bioc_fallback_rank	FALSE
DiffLogo	1503	bioc_fallback_rank	FALSE
mada	1502	cran	FALSE
omicRexposome	1502	bioc_fallback_rank	FALSE
paws_database	1501	cran	FALSE
SPEM	1501	bioc_fallback_rank	FALSE
UMI4Cats	1500	bioc_fallback_rank	FALSE
geneAttribution	1499	bioc_fallback_rank	FALSE
Rdatasets	1499	cran	FALSE
geneRxCluster	1498	bioc_fallback_rank	FALSE
genomes	1497	bioc_fallback_rank	FALSE
alphahull	1496	cran	FALSE
asbio	1496	cran	FALSE
HiContacts	1496	bioc_fallback_rank	FALSE
htm2txt	1495	cran	FALSE
metabolomicsWorkbenchR	1495	bioc_fallback_rank	FALSE
tsModel	1495	cran	FALSE
TargetScore	1494	bioc_fallback_rank	FALSE
dotenv	1493	cran	FALSE
EmpiricalBrownsMethod	1493	bioc_fallback_rank	FALSE
KnowSeq	1492	bioc_fallback_rank	FALSE
mimager	1491	bioc_fallback_rank	FALSE
likert	1490	cran	FALSE
pickgene	1490	bioc_fallback_rank	FALSE
svd	1490	cran	FALSE
ProteoMM	1489	bioc_fallback_rank	FALSE
toastui	1489	cran	FALSE
webmockr	1489	cran	FALSE
RNAmodR	1488	bioc_fallback_rank	FALSE
sRACIPE	1487	bioc_fallback_rank	FALSE
JM	1486	cran	FALSE
structToolbox	1486	bioc_fallback_rank	FALSE
VaSP	1485	bioc_fallback_rank	FALSE
gmoviz	1484	bioc_fallback_rank	FALSE
MOSim	1483	bioc_fallback_rank	FALSE
pipeComp	1482	bioc_fallback_rank	FALSE
panelr	1481	cran	FALSE
recountmethylation	1481	bioc_fallback_rank	FALSE
ada	1480	cran	FALSE
AppliedPredictiveModeling	1480	cran	FALSE
ridigbio	1480	cran	FALSE
RJMCMCNucleosomes	1480	bioc_fallback_rank	FALSE
SCOPE	1479	bioc_fallback_rank	FALSE
poibin	1478	cran	FALSE
r_import	1478	cran	FALSE
ToxicoGx	1478	bioc_fallback_rank,cran	FALSE
aggregateBioVar	1477	bioc_fallback_rank	FALSE
mlr3viz	1477	cran	FALSE
CausalR	1476	bioc_fallback_rank	FALSE
Doscheda	1475	bioc_fallback_rank	FALSE
sirt	1475	cran	FALSE
epivizrServer	1474	bioc_fallback_rank	FALSE
extraChIPs	1473	bioc_fallback_rank	FALSE
caesar	1472	cran	FALSE
MethReg	1472	bioc_fallback_rank	FALSE
widgetframe	1472	cran	FALSE
tRNAscanImport	1471	bioc_fallback_rank	FALSE
a4Reporting	1470	bioc_fallback_rank	FALSE
crisprBowtie	1469	bioc_fallback_rank	FALSE
flowSpecs	1468	bioc_fallback_rank	FALSE
HiLDA	1467	bioc_fallback_rank	FALSE
nucleoSim	1466	bioc_fallback_rank	FALSE
mipfp	1465	cran	FALSE
qPLEXanalyzer	1465	bioc_fallback_rank	FALSE
vissE	1464	bioc_fallback_rank	FALSE
basecallQC	1463	bioc_fallback_rank	FALSE
paws_networking	1463	cran	FALSE
psychotools	1463	cran	FALSE
DelayedDataFrame	1462	bioc_fallback_rank	FALSE
RSNNS	1462	cran	FALSE
toOrdinal	1462	cran	FALSE
ibh	1461	bioc_fallback_rank	FALSE
KMsurv	1461	cran	FALSE
primirTSS	1460	bioc_fallback_rank	FALSE
crew	1459	cran	FALSE
rebook	1459	bioc_fallback_rank	FALSE
jmvcore	1458	cran	FALSE
SpotSweeper	1458	bioc_fallback_rank	FALSE
sscu	1457	bioc_fallback_rank	FALSE
TreeAndLeaf	1456	bioc_fallback_rank	FALSE
diffuStats	1455	bioc_fallback_rank	FALSE
fda_usc	1455	cran	FALSE
DDRTree	1454	cran	FALSE
fredr	1454	cran	FALSE
funtooNorm	1454	bioc_fallback_rank	FALSE
GDSArray	1453	bioc_fallback_rank	FALSE
refund	1453	cran	FALSE
hierGWAS	1452	bioc_fallback_rank	FALSE
kit	1452	cran	FALSE
lambdr	1451	cran	FALSE
MantelCorr	1451	bioc_fallback_rank	FALSE
lavaSearch2	1450	cran	FALSE
RNAmodR_ML	1450	bioc_fallback_rank	FALSE
Ryacas	1450	cran	FALSE
Scale4C	1449	bioc_fallback_rank	FALSE
paws_application_integration	1448	cran	FALSE
twoddpcr	1448	bioc_fallback_rank	FALSE
autonomics	1447	bioc_fallback_rank	FALSE
ncmeta	1447	cran	FALSE
BUMHMM	1446	bioc_fallback_rank	FALSE
HiCExperiment	1445	bioc_fallback_rank	FALSE
pammtools	1445	cran	FALSE
bootnet	1444	cran	FALSE
icetea	1444	bioc_fallback_rank	FALSE
mapsf	1444	cran	FALSE
metabomxtr	1443	bioc_fallback_rank	FALSE
metahdep	1442	bioc_fallback_rank	FALSE
musicatk	1441	bioc_fallback_rank	FALSE
usmap	1441	cran	FALSE
ptairMS	1440	bioc_fallback_rank	FALSE
rgoslin	1439	bioc_fallback_rank	FALSE
pdfCluster	1438	cran	FALSE
pgirmess	1438	cran	FALSE
scHOT	1438	bioc_fallback_rank	FALSE
CopyNumberPlots	1437	bioc_fallback_rank	FALSE
SimComp	1437	cran	FALSE
ctsGE	1436	bioc_fallback_rank	FALSE
fastLiquidAssociation	1435	bioc_fallback_rank	FALSE
InTAD	1434	bioc_fallback_rank	FALSE
symengine	1434	cran	FALSE
lionessR	1433	bioc_fallback_rank	FALSE
r2d3	1433	cran	FALSE
maPredictDSC	1432	bioc_fallback_rank	FALSE
megadepth	1431	bioc_fallback_rank	FALSE
Mergeomics	1430	bioc_fallback_rank	FALSE
nnSVG	1429	bioc_fallback_rank	FALSE
RcmdrPlugin_HH	1429	cran	FALSE
paircompviz	1428	bioc_fallback_rank	FALSE
rvertnet	1428	cran	FALSE
apcluster	1427	cran	FALSE
BufferedMatrix	1427	bioc_fallback_rank	FALSE
Rfastp	1426	bioc_fallback_rank	FALSE
RPESE	1426	cran	FALSE
RLMM	1425	bioc_fallback_rank,cran	FALSE
RTNsurvival	1424	bioc_fallback_rank	FALSE
SUMMER	1424	cran	FALSE
scGPS	1423	bioc_fallback_rank	FALSE
xmapbridge	1422	bioc_fallback_rank	FALSE
BADER	1421	bioc_fallback_rank,cran	FALSE
paws_end_user_computing	1421	cran	FALSE
CiteFuse	1420	bioc_fallback_rank	FALSE
RPushbullet	1420	cran	FALSE
PAIRADISE	1419	bioc_fallback_rank	FALSE
NNS	1418	cran	FALSE
ProteoDisco	1418	bioc_fallback_rank	FALSE
regutools	1417	bioc_fallback_rank	FALSE
setRNG	1417	cran	FALSE
switchBox	1416	bioc_fallback_rank	FALSE
VplotR	1415	bioc_fallback_rank	FALSE
BiocSklearn	1414	bioc_fallback_rank	FALSE
openintro	1414	cran	FALSE
INPower	1413	bioc_fallback_rank	FALSE
metaBMA	1413	cran	FALSE
causaldata	1412	cran	FALSE
MultiMed	1412	bioc_fallback_rank	FALSE
OncoScore	1411	bioc_fallback_rank	FALSE
spatialDE	1410	bioc_fallback_rank	FALSE
SWATH2stats	1409	bioc_fallback_rank	FALSE
timeOmics	1408	bioc_fallback_rank	FALSE
transport	1408	cran	FALSE
BANDITS	1407	bioc_fallback_rank	FALSE
Rcereal	1407	cran	FALSE
MBCB	1406	bioc_fallback_rank	FALSE
mgcViz	1406	cran	FALSE
pbv	1406	cran	FALSE
rBLAST	1405	bioc_fallback_rank	FALSE
RcppZiggurat	1405	cran	FALSE
Rserve	1405	cran	FALSE
srnadiff	1404	bioc_fallback_rank	FALSE
extRemes	1403	cran	FALSE
ICSOutlier	1403	cran	FALSE
switchde	1403	bioc_fallback_rank	FALSE
tRNAdbImport	1402	bioc_fallback_rank	FALSE
cliqueMS	1401	bioc_fallback_rank,cran	FALSE
fortunes	1400	cran	FALSE
martini	1400	bioc_fallback_rank	FALSE
miRspongeR	1399	bioc_fallback_rank	FALSE
rScudo	1398	bioc_fallback_rank	FALSE
Spaniel	1397	bioc_fallback_rank	FALSE
wildmeta	1397	cran	FALSE
ADImpute	1396	bioc_fallback_rank	FALSE
sylly	1396	cran	FALSE
alevinQC	1395	bioc_fallback_rank	FALSE
AMOUNTAIN	1394	bioc_fallback_rank	FALSE
ecospat	1393	cran	FALSE
GRaNIE	1393	bioc_fallback_rank	FALSE
dockerfiler	1392	cran	FALSE
doMPI	1392	cran	TRUE
iasva	1392	bioc_fallback_rank	FALSE
usmapdata	1392	cran	FALSE
NanoTube	1391	bioc_fallback_rank	FALSE
rgeoda	1391	cran	FALSE
tuneR	1391	cran	FALSE
RBM	1390	bioc_fallback_rank	FALSE
demography	1389	cran	FALSE
RUVcorr	1389	bioc_fallback_rank	FALSE
scoreInvHap	1388	bioc_fallback_rank	FALSE
sde	1388	cran	FALSE
bindrcpp	1387	cran	FALSE
dm	1387	cran	FALSE
ROI_plugin_glpk	1387	cran	FALSE
target	1387	bioc_fallback_rank	FALSE
cbaf	1386	bioc_fallback_rank	FALSE
CGEN	1385	bioc_fallback_rank	FALSE
NoRCE	1384	bioc_fallback_rank	FALSE
alphashape3d	1383	cran	FALSE
regsplice	1383	bioc_fallback_rank	FALSE
SLqPCR	1382	bioc_fallback_rank	FALSE
maptree	1381	cran	FALSE
rebird	1381	cran	FALSE
SPsimSeq	1381	bioc_fallback_rank	FALSE
BEclear	1380	bioc_fallback_rank	FALSE
BUSseq	1379	bioc_fallback_rank	FALSE
GenomicSuperSignature	1378	bioc_fallback_rank	FALSE
fpp3	1377	cran	FALSE
pram	1377	bioc_fallback_rank	FALSE
simr	1376	cran	FALSE
SynExtend	1376	bioc_fallback_rank	FALSE
diffcoexp	1375	bioc_fallback_rank	FALSE
fCI	1374	bioc_fallback_rank	FALSE
leaflet_extras2	1374	cran	FALSE
GWENA	1373	bioc_fallback_rank	FALSE
XLConnect	1373	cran	FALSE
macat	1372	bioc_fallback_rank	FALSE
BMA	1371	cran	FALSE
RadioGx	1371	bioc_fallback_rank,cran	FALSE
SIMAT	1370	bioc_fallback_rank	FALSE
wdm	1370	cran	FALSE
elasticnet	1369	cran	FALSE
SPIAT	1369	bioc_fallback_rank	FALSE
AlphaBeta	1368	bioc_fallback_rank	FALSE
CNORdt	1367	bioc_fallback_rank	FALSE
corral	1366	bioc_fallback_rank	FALSE
covRNA	1365	bioc_fallback_rank	FALSE
evaluomeR	1364	bioc_fallback_rank	FALSE
mlr3verse	1364	cran	FALSE
rxode2	1364	cran	FALSE
MSstatsQC	1363	bioc_fallback_rank	FALSE
Rcwl	1362	bioc_fallback_rank	FALSE
scRecover	1361	bioc_fallback_rank	FALSE
abseqR	1360	bioc_fallback_rank	FALSE
equate	1360	cran	FALSE
pder	1360	cran	FALSE
ADAM	1359	bioc_fallback_rank	FALSE
rmatio	1359	cran	FALSE
ASGSCA	1358	bioc_fallback_rank	FALSE
DALEXtra	1358	cran	FALSE
HSAUR2	1358	cran	FALSE
BUScorrect	1357	bioc_fallback_rank	FALSE
DDD	1357	cran	FALSE
ftsa	1356	cran	FALSE
gsean	1356	bioc_fallback_rank	FALSE
randomcoloR	1355	cran	FALSE
RPEIF	1355	cran	FALSE
scTensor	1355	bioc_fallback_rank	FALSE
cmm	1354	cran	FALSE
treekoR	1354	bioc_fallback_rank	FALSE
Anaquin	1353	bioc_fallback_rank	FALSE
diggit	1352	bioc_fallback_rank	FALSE
GA4GHclient	1351	bioc_fallback_rank	FALSE
RPEGLMEN	1351	cran	FALSE
OPWeight	1350	bioc_fallback_rank	FALSE
NlcOptim	1349	cran	FALSE
pepXMLTab	1349	bioc_fallback_rank	FALSE
blockCV	1348	cran	FALSE
supersigs	1348	bioc_fallback_rank	FALSE
longmemo	1347	cran	FALSE
mixmeta	1347	cran	FALSE
TADCompare	1347	bioc_fallback_rank	FALSE
ChainLadder	1346	cran	FALSE
mix	1346	cran	FALSE
unifiedWMWqPCR	1346	bioc_fallback_rank	FALSE
zFPKM	1345	bioc_fallback_rank	FALSE
colourvalues	1344	cran	FALSE
ddPCRclust	1344	bioc_fallback_rank	FALSE
DEGraph	1343	bioc_fallback_rank	FALSE
FindIT2	1342	bioc_fallback_rank	FALSE
mlr3tuningspaces	1342	cran	FALSE
InterCellar	1341	bioc_fallback_rank	FALSE
jagsUI	1341	cran	FALSE
cubelyr	1340	cran	FALSE
mratios	1340	cran	FALSE
seq2pathway	1340	bioc_fallback_rank	FALSE
biotools	1339	cran	FALSE
pzfx	1339	cran	FALSE
TAPseq	1339	bioc_fallback_rank	FALSE
ANF	1338	bioc_fallback_rank	FALSE
CellMapper	1337	bioc_fallback_rank	FALSE
enhancer	1336	cran	FALSE
future_mirai	1336	cran	FALSE
methInheritSim	1336	bioc_fallback_rank	FALSE
randomNames	1336	cran	FALSE
psychotree	1335	cran	FALSE
ROSeq	1335	bioc_fallback_rank	FALSE
TFMPvalue	1335	cran	FALSE
Statial	1334	bioc_fallback_rank	FALSE
strandCheckR	1333	bioc_fallback_rank	FALSE
scCustomize	1332	cran	FALSE
TMixClust	1332	bioc_fallback_rank	FALSE
DMCHMM	1331	bioc_fallback_rank	FALSE
torchvision	1331	cran	FALSE
distances	1330	cran	FALSE
DriverNet	1330	bioc_fallback_rank	FALSE
variables	1330	cran	FALSE
iGC	1329	bioc_fallback_rank	FALSE
caper	1328	cran	FALSE
KernelKnn	1328	cran	FALSE
kissDE	1328	bioc_fallback_rank	FALSE
RcppSimdJson	1328	cran	FALSE
future_batchtools	1327	cran	FALSE
MBQN	1327	bioc_fallback_rank	FALSE
metaplus	1327	cran	FALSE
proj4	1327	cran	FALSE
normalize450K	1326	bioc_fallback_rank	FALSE
relsurv	1326	cran	FALSE
dplR	1325	cran	FALSE
mlr3hyperband	1325	cran	FALSE
SSPA	1325	bioc_fallback_rank	FALSE
ARRmNormalization	1324	bioc_fallback_rank	FALSE
ASURAT	1323	bioc_fallback_rank	FALSE
missRanger	1323	cran	FALSE
BasicSTARRseq	1322	bioc_fallback_rank	FALSE
glm2	1322	cran	FALSE
chromDraw	1321	bioc_fallback_rank	FALSE
clusterSeq	1320	bioc_fallback_rank	FALSE
matlib	1320	cran	FALSE
ncdfgeom	1320	cran	FALSE
ERSSA	1319	bioc_fallback_rank	FALSE
ggtern	1319	cran	FALSE
hmdbQuery	1318	bioc_fallback_rank	FALSE
mongolite	1317	cran	FALSE
NSM3	1317	cran	FALSE
pogos	1317	bioc_fallback_rank	FALSE
colorRamps	1316	cran	FALSE
PROPS	1316	bioc_fallback_rank	FALSE
influenceR	1315	cran	FALSE
sigsquared	1315	bioc_fallback_rank	FALSE
antiProfiles	1314	bioc_fallback_rank	FALSE
bindr	1314	cran	FALSE
BindingSiteFinder	1313	bioc_fallback_rank	FALSE
prefmod	1313	cran	FALSE
broman	1312	cran	FALSE
CluMSID	1312	bioc_fallback_rank	FALSE
DegNorm	1311	bioc_fallback_rank	FALSE
prettycode	1311	cran	FALSE
AmesHousing	1310	cran	FALSE
DepecheR	1310	bioc_fallback_rank	FALSE
FLAMES	1309	bioc_fallback_rank	FALSE
gwasurvivr	1308	bioc_fallback_rank	FALSE
restriktor	1308	cran	FALSE
MPRAnalyze	1307	bioc_fallback_rank	FALSE
packFinder	1306	bioc_fallback_rank	FALSE
ARDL	1305	cran	FALSE
sitePath	1305	bioc_fallback_rank	FALSE
ChromSCape	1304	bioc_fallback_rank	FALSE
clustComp	1303	bioc_fallback_rank	FALSE
CCA	1302	cran	FALSE
COSNet	1302	bioc_fallback_rank	FALSE
epiDisplay	1302	cran	FALSE
ggmanh	1301	bioc_fallback_rank	FALSE
RRF	1301	cran	FALSE
HiCDCPlus	1300	bioc_fallback_rank	FALSE
hypeR	1299	bioc_fallback_rank	FALSE
lpNet	1298	bioc_fallback_rank	FALSE
robustHD	1298	cran	FALSE
MEB	1297	bioc_fallback_rank	FALSE
MetaCyto	1296	bioc_fallback_rank	FALSE
mvmeta	1296	cran	FALSE
shinytest	1296	cran	FALSE
mumosa	1295	bioc_fallback_rank	FALSE
RNifti	1295	cran	FALSE
fma	1294	cran	FALSE
roll	1294	cran	FALSE
RTNduals	1294	bioc_fallback_rank	FALSE
AffiXcan	1293	bioc_fallback_rank	FALSE
lqmm	1293	cran	FALSE
quantregForest	1293	cran	FALSE
smcfcs	1293	cran	FALSE
agilp	1292	bioc_fallback_rank,cran	FALSE
glmx	1292	cran	FALSE
grImport	1292	cran	FALSE
multgee	1292	cran	FALSE
pimeta	1292	cran	FALSE
CCPROMISE	1291	bioc_fallback_rank	FALSE
datarium	1291	cran	FALSE
mlr3inferr	1291	cran	FALSE
tsibbledata	1291	cran	FALSE
decompTumor2Sig	1290	bioc_fallback_rank	FALSE
deltaGseg	1289	bioc_fallback_rank	FALSE
wrapr	1289	cran	FALSE
famat	1288	bioc_fallback_rank	FALSE
detectseparation	1287	cran	FALSE
LOBSTAHS	1287	bioc_fallback_rank	FALSE
asd	1286	cran	FALSE
lavaan_mi	1286	cran	FALSE
MGFR	1286	bioc_fallback_rank	FALSE
agridat	1285	cran	FALSE
multicrispr	1285	bioc_fallback_rank	FALSE
scReClassify	1284	bioc_fallback_rank	FALSE
webdriver	1283	cran	FALSE
Xeva	1283	bioc_fallback_rank	FALSE
CellBarcode	1282	bioc_fallback_rank	FALSE
susieR	1282	cran	FALSE
diffGeneAnalysis	1281	bioc_fallback_rank	FALSE
epialleleR	1280	bioc_fallback_rank	FALSE
fdapace	1280	cran	FALSE
FilterFFPE	1279	bioc_fallback_rank	FALSE
tram	1279	cran	FALSE
emayili	1278	cran	FALSE
geneClassifiers	1278	bioc_fallback_rank	FALSE
iCARE	1277	bioc_fallback_rank	FALSE
plotfunctions	1277	cran	FALSE
admiral	1276	cran	FALSE
msImpute	1276	bioc_fallback_rank	FALSE
xCell2	1275	bioc_fallback_rank	FALSE
covEB	1274	bioc_fallback_rank	FALSE
mhurdle	1274	cran	FALSE
GCPtools	1273	bioc_fallback_rank	FALSE
GraphAlignment	1272	bioc_fallback_rank	FALSE
stacks	1272	cran	FALSE
GRENITS	1271	bioc_fallback_rank	FALSE
CCP	1270	cran	FALSE
HIREewas	1270	bioc_fallback_rank	FALSE
precrec	1270	cran	FALSE
miRNApath	1269	bioc_fallback_rank	FALSE
MOMA	1268	bioc_fallback_rank	FALSE
ggupset	1267	cran	FALSE
NPARC	1267	bioc_fallback_rank	FALSE
GA4GHshiny	1266	bioc_fallback_rank	FALSE
startupmsg	1265	cran	FALSE
transite	1265	bioc_fallback_rank	FALSE
Clomial	1264	bioc_fallback_rank	FALSE
gmnl	1264	cran	FALSE
rangeModelMetadata	1264	cran	FALSE
brotli	1263	cran	FALSE
metabCombiner	1263	bioc_fallback_rank	FALSE
MsBackendRawFileReader	1262	bioc_fallback_rank	FALSE
RiboCrypt	1261	bioc_fallback_rank	FALSE
scDataviz	1260	bioc_fallback_rank	FALSE
iSeq	1259	bioc_fallback_rank	FALSE
SCArray	1258	bioc_fallback_rank	FALSE
twang	1258	cran	FALSE
CSSQ	1257	bioc_fallback_rank	FALSE
rintrojs	1257	cran	FALSE
SparseGrid	1257	cran	FALSE
DESpace	1256	bioc_fallback_rank	FALSE
DTA	1255	bioc_fallback_rank	FALSE
ecodive	1255	cran	FALSE
sylly_en	1255	cran	FALSE
cAIC4	1254	cran	FALSE
epimutacions	1254	bioc_fallback_rank	FALSE
gemma_R	1253	bioc_fallback_rank	FALSE
ILoReg	1252	bioc_fallback_rank	FALSE
prettymapr	1252	cran	FALSE
RiboDiPA	1251	bioc_fallback_rank	FALSE
coneproj	1250	cran	FALSE
nhdplusTools	1250	cran	FALSE
Rmmquant	1250	bioc_fallback_rank	FALSE
ARTool	1249	cran	FALSE
pre	1249	cran	FALSE
scFeatureFilter	1249	bioc_fallback_rank	FALSE
finetune	1248	cran	FALSE
tanggle	1248	bioc_fallback_rank	FALSE
ternarynet	1247	bioc_fallback_rank	FALSE
arpr	1246	cran	FALSE
blacksheepr	1246	bioc_fallback_rank	FALSE
pdist	1246	cran	FALSE
BART	1245	cran	FALSE
ClusterSignificance	1245	bioc_fallback_rank	FALSE
deconvR	1244	bioc_fallback_rank	FALSE
perm	1244	cran	FALSE
doubletrouble	1243	bioc_fallback_rank	FALSE
PairedData	1243	cran	FALSE
codingMatrices	1242	cran	FALSE
faers	1242	bioc_fallback_rank	FALSE
FSelector	1242	cran	FALSE
globalSeq	1241	bioc_fallback_rank	FALSE
padma	1240	bioc_fallback_rank	FALSE
SIS	1240	cran	FALSE
trtf	1240	cran	FALSE
DIDmultiplegtDYN	1239	cran	FALSE
peco	1239	bioc_fallback_rank	FALSE
ordbetareg	1238	cran	FALSE
Rtpca	1238	bioc_fallback_rank	FALSE
Guerry	1237	cran	FALSE
sights	1237	bioc_fallback_rank	FALSE
DendSer	1236	cran	FALSE
surfaltr	1236	bioc_fallback_rank	FALSE
chihaya	1235	bioc_fallback_rank	FALSE
oz	1235	cran	FALSE
parallelDist	1235	cran	FALSE
CNVfilteR	1234	bioc_fallback_rank	FALSE
interval	1233	cran	FALSE
IsoCorrectoR	1233	bioc_fallback_rank	FALSE
ivygapSE	1232	bioc_fallback_rank	FALSE
this_path	1232	cran	FALSE
matchBox	1231	bioc_fallback_rank	FALSE
motifcounter	1230	bioc_fallback_rank	FALSE
odseq	1229	bioc_fallback_rank	FALSE
PDATK	1228	bioc_fallback_rank	FALSE
quanteda_textstats	1228	cran	FALSE
unitizer	1228	cran	FALSE
SEtools	1227	bioc_fallback_rank	FALSE
vtreat	1227	cran	FALSE
ebal	1226	cran	FALSE
SigsPack	1226	bioc_fallback_rank	FALSE
ccfindR	1225	bioc_fallback_rank	FALSE
rbiom	1225	cran	FALSE
apollo	1224	cran	FALSE
DMCFB	1224	bioc_fallback_rank	FALSE
gvlma	1224	cran	FALSE
GARS	1223	bioc_fallback_rank	FALSE
shapefiles	1223	cran	FALSE
splm	1223	cran	FALSE
hipread	1222	cran	FALSE
occugene	1222	bioc_fallback_rank	FALSE
paran	1221	cran	FALSE
RNAmodR_AlkAnilineSeq	1221	bioc_fallback_rank	FALSE
BDgraph	1220	cran	FALSE
SAIGEgds	1220	bioc_fallback_rank	FALSE
brendaDb	1219	bioc_fallback_rank	FALSE
daff	1218	cran	FALSE
DominoEffect	1218	bioc_fallback_rank	FALSE
xdvir	1218	cran	FALSE
BIFIEsurvey	1217	cran	FALSE
marr	1217	bioc_fallback_rank	FALSE
MeasurementError_cor	1216	bioc_fallback_rank	FALSE
leiden	1215	cran	FALSE
oncomix	1215	bioc_fallback_rank	FALSE
ggparty	1214	cran	FALSE
OVESEG	1214	bioc_fallback_rank	FALSE
polysat	1214	cran	FALSE
tsDyn	1214	cran	FALSE
exams	1213	cran	FALSE
expsmooth	1213	cran	FALSE
scanMiR	1213	bioc_fallback_rank	FALSE
metasens	1212	cran	FALSE
scBFA	1212	bioc_fallback_rank	FALSE
microeco	1211	cran	FALSE
shinyepico	1211	bioc_fallback_rank	FALSE
sparsepca	1211	cran	FALSE
ASEB	1210	bioc_fallback_rank	FALSE
bandle	1209	bioc_fallback_rank	FALSE
stabm	1209	cran	FALSE
BioTIP	1208	bioc_fallback_rank	FALSE
CBNplot	1207	bioc_fallback_rank	FALSE
diffUTR	1206	bioc_fallback_rank	FALSE
flowPloidy	1205	bioc_fallback_rank	FALSE
SpATS	1205	cran	FALSE
idpr	1204	bioc_fallback_rank	FALSE
dcurves	1203	cran	FALSE
MODA	1203	bioc_fallback_rank	FALSE
MSstatsShiny	1202	bioc_fallback_rank	FALSE
NTW	1201	bioc_fallback_rank	FALSE
survPresmooth	1201	cran	FALSE
PhIPData	1200	bioc_fallback_rank	FALSE
gbRd	1199	cran	FALSE
spatialHeatmap	1199	bioc_fallback_rank	FALSE
discrim	1198	cran	FALSE
spqn	1198	bioc_fallback_rank	FALSE
ATACseqTFEA	1197	bioc_fallback_rank	FALSE
cardelino	1196	bioc_fallback_rank	FALSE
ecp	1196	cran	FALSE
iotools	1196	cran	FALSE
ClusterJudge	1195	bioc_fallback_rank	FALSE
cvTools	1195	cran	FALSE
cogeqc	1194	bioc_fallback_rank	FALSE
kohonen	1194	cran	FALSE
demuxmix	1193	bioc_fallback_rank	FALSE
gcatest	1192	bioc_fallback_rank	FALSE
IntramiRExploreR	1191	bioc_fallback_rank	FALSE
KinSwingR	1190	bioc_fallback_rank	FALSE
knitcitations	1190	cran	FALSE
PROreg	1190	cran	FALSE
waywiser	1190	cran	FALSE
cccp	1189	cran	FALSE
convey	1189	cran	FALSE
maplegend	1189	cran	FALSE
MultiBaC	1189	bioc_fallback_rank	FALSE
rmcorr	1189	cran	FALSE
plyxp	1188	bioc_fallback_rank	FALSE
lime	1187	cran	FALSE
profileScoreDist	1187	bioc_fallback_rank	FALSE
cranlogs	1186	cran	FALSE
feisr	1186	cran	FALSE
httptest	1186	cran	FALSE
mapdeck	1186	cran	FALSE
VarCon	1186	bioc_fallback_rank	FALSE
DExMA	1185	bioc_fallback_rank	FALSE
ieugwasr	1184	cran	FALSE
loci2path	1184	bioc_fallback_rank	FALSE
origami	1184	cran	FALSE
rpanel	1184	cran	FALSE
MassArray	1183	bioc_fallback_rank	FALSE
domir	1182	cran	FALSE
indicspecies	1182	cran	FALSE
serp	1182	cran	FALSE
SpatialCPie	1182	bioc_fallback_rank	FALSE
targeted	1181	cran	FALSE
TPP2D	1181	bioc_fallback_rank	FALSE
XINA	1180	bioc_fallback_rank	FALSE
COTAN	1179	bioc_fallback_rank	FALSE
flowPlots	1178	bioc_fallback_rank	FALSE
Gmedian	1177	cran	FALSE
HiCDOC	1177	bioc_fallback_rank	FALSE
rmgarch	1177	cran	FALSE
MethTargetedNGS	1176	bioc_fallback_rank	FALSE
mev	1175	cran	FALSE
peakPantheR	1175	bioc_fallback_rank,cran	FALSE
PrInCE	1174	bioc_fallback_rank	FALSE
gamair	1173	cran	FALSE
TRESS	1173	bioc_fallback_rank	FALSE
epistack	1172	bioc_fallback_rank	FALSE
REndo	1172	cran	FALSE
treestats	1172	cran	FALSE
ipdDb	1171	bioc_fallback_rank	FALSE
rFerns	1171	cran	FALSE
gginnards	1170	cran	FALSE
MsBackendMassbank	1170	bioc_fallback_rank	FALSE
MNP	1169	cran	FALSE
rfaRm	1169	bioc_fallback_rank	FALSE
FSelectorRcpp	1168	cran	FALSE
SpotClean	1168	bioc_fallback_rank	FALSE
sscore	1167	bioc_fallback_rank	FALSE
AWFisher	1166	bioc_fallback_rank	FALSE
js	1166	cran	FALSE
bayesmeta	1165	cran	FALSE
fftw	1165	cran	FALSE
scCB2	1165	bioc_fallback_rank	FALSE
SubCellBarCode	1164	bioc_fallback_rank	FALSE
languageR	1163	cran	FALSE
lexicon	1163	cran	FALSE
systemPipeShiny	1163	bioc_fallback_rank	FALSE
ExperimentSubset	1162	bioc_fallback_rank	FALSE
LinkHD	1161	bioc_fallback_rank	FALSE
missRows	1160	bioc_fallback_rank	FALSE
Rfit	1160	cran	FALSE
telegram	1160	cran	FALSE
rqt	1159	bioc_fallback_rank	FALSE
vembedr	1159	cran	FALSE
fractional	1158	cran	FALSE
RVS	1158	bioc_fallback_rank	FALSE
cageminer	1157	bioc_fallback_rank	FALSE
LRBaseDbi	1156	bioc_fallback_rank	FALSE
MACSr	1155	bioc_fallback_rank	FALSE
mallet	1155	cran	FALSE
pedigreemm	1155	cran	FALSE
perry	1155	cran	FALSE
diffdf	1154	cran	FALSE
mirTarRnaSeq	1154	bioc_fallback_rank	FALSE
clarify	1153	cran	FALSE
microplot	1153	cran	FALSE
ndexr	1153	bioc_fallback_rank	FALSE
rSWeeP	1152	bioc_fallback_rank	FALSE
svylme	1152	cran	FALSE
atena	1151	bioc_fallback_rank	FALSE
castor	1151	cran	FALSE
bamlss	1150	cran	FALSE
benchmarkmeData	1150	cran	FALSE
GmicR	1150	bioc_fallback_rank	FALSE
bife	1149	cran	FALSE
mastR	1149	bioc_fallback_rank	FALSE
octad	1148	bioc_fallback_rank	FALSE
dtwclust	1147	cran	FALSE
omicsViewer	1147	bioc_fallback_rank	FALSE
r2d2	1147	cran	FALSE
synlet	1146	bioc_fallback_rank	FALSE
BayesFM	1145	cran	FALSE
piecewiseSEM	1145	cran	FALSE
skmeans	1145	cran	FALSE
tidytable	1145	cran	FALSE
transformGamPoi	1145	bioc_fallback_rank	FALSE
GenomicOZone	1144	bioc_fallback_rank	FALSE
cem	1143	cran	FALSE
GSEAmining	1143	bioc_fallback_rank	FALSE
OpenImageR	1143	cran	FALSE
OpenStreetMap	1143	cran	FALSE
brmsmargins	1142	cran	FALSE
fabricatr	1142	cran	FALSE
miRNAmeConverter	1142	bioc_fallback_rank	FALSE
sda	1142	cran	FALSE
itsadug	1141	cran	FALSE
MuData	1141	bioc_fallback_rank	FALSE
misty	1140	cran	FALSE
PTMods	1140	bioc_fallback_rank	FALSE
lawstat	1139	cran	FALSE
scAnnotatR	1139	bioc_fallback_rank	FALSE
EpiMix	1138	bioc_fallback_rank	FALSE
FISHalyseR	1137	bioc_fallback_rank	FALSE
bigreadr	1136	cran	FALSE
GEM	1136	bioc_fallback_rank	FALSE
synchronicity	1136	cran	FALSE
MatrixQCvis	1135	bioc_fallback_rank	FALSE
optweight	1135	cran	FALSE
bain	1134	cran	FALSE
MSA2dist	1134	bioc_fallback_rank	FALSE
MsBackendSql	1133	bioc_fallback_rank	FALSE
SPEI	1133	cran	FALSE
RNAsense	1132	bioc_fallback_rank	FALSE
wpm	1131	bioc_fallback_rank	FALSE
bnem	1130	bioc_fallback_rank	FALSE
RItools	1130	cran	FALSE
usdata	1130	cran	FALSE
Bergm	1129	cran	FALSE
cjoint	1129	cran	FALSE
Dino	1129	bioc_fallback_rank	FALSE
netrankr	1129	cran	FALSE
orientlib	1129	cran	FALSE
protoclust	1129	cran	FALSE
spatialwidget	1129	cran	FALSE
adagio	1128	cran	FALSE
brant	1128	cran	FALSE
dks	1128	bioc_fallback_rank	FALSE
easyreporting	1127	bioc_fallback_rank	FALSE
gcookbook	1127	cran	FALSE
networktools	1127	cran	FALSE
GeoTcgaData	1126	bioc_fallback_rank,cran	FALSE
GladiaTOX	1125	bioc_fallback_rank	FALSE
gscreend	1124	bioc_fallback_rank	FALSE
MAI	1123	bioc_fallback_rank	FALSE
Ecfun	1122	cran	FALSE
Qtlizer	1122	bioc_fallback_rank	FALSE
ribor	1121	bioc_fallback_rank	FALSE
SCANVIS	1120	bioc_fallback_rank	FALSE
snapcount	1119	bioc_fallback_rank	FALSE
umx	1119	cran	FALSE
BatchJobs	1118	cran	FALSE
TFARM	1118	bioc_fallback_rank	FALSE
ADAMgui	1117	bioc_fallback_rank	FALSE
OAIHarvester	1117	cran	FALSE
BayesKnockdown	1116	bioc_fallback_rank	FALSE
mRMRe	1116	cran	FALSE
varImp	1116	cran	FALSE
areal	1115	cran	FALSE
cbpManager	1115	bioc_fallback_rank	FALSE
gdistance	1115	cran	FALSE
eisa	1114	bioc_fallback_rank	FALSE
pinfsc50	1114	cran	FALSE
WrightMap	1114	cran	FALSE
GWAS_BAYES	1113	bioc_fallback_rank	FALSE
rclipboard	1113	cran	FALSE
cellWise	1112	cran	FALSE
ggvis	1112	cran	FALSE
igvShiny	1112	bioc_fallback_rank	FALSE
FDboost	1111	cran	FALSE
iterativeBMAsurv	1111	bioc_fallback_rank	FALSE
bartMachine	1110	cran	FALSE
coloc	1110	cran	FALSE
extraoperators	1110	cran	FALSE
NBAMSeq	1110	bioc_fallback_rank	FALSE
apex	1109	cran	FALSE
rprimer	1109	bioc_fallback_rank	FALSE
APAlyzer	1108	bioc_fallback_rank	FALSE
CytoDx	1107	bioc_fallback_rank	FALSE
Greg	1107	cran	FALSE
clustermq	1106	cran	FALSE
EpiCompare	1106	bioc_fallback_rank	FALSE
GEWIST	1105	bioc_fallback_rank	FALSE
PCAmixdata	1104	cran	FALSE
Sconify	1104	bioc_fallback_rank	FALSE
uncoverappLib	1103	bioc_fallback_rank	FALSE
BiFET	1102	bioc_fallback_rank	FALSE
ntfy	1102	cran	FALSE
cellxgenedp	1101	bioc_fallback_rank	FALSE
triangle	1101	cran	FALSE
diffloop	1100	bioc_fallback_rank	FALSE
SGPdata	1100	cran	FALSE
svyVGAM	1100	cran	FALSE
alpaca	1099	cran	FALSE
censored	1099	cran	FALSE
EBSEA	1099	bioc_fallback_rank	FALSE
lares	1099	cran	FALSE
RcppHungarian	1099	cran	FALSE
IgGeneUsage	1098	bioc_fallback_rank	FALSE
rmdformats	1098	cran	FALSE
distrEx	1097	cran	FALSE
immunotation	1097	bioc_fallback_rank	FALSE
measures	1097	cran	FALSE
evgam	1096	cran	FALSE
ISAnalytics	1096	bioc_fallback_rank	FALSE
MatchThem	1096	cran	FALSE
readtext	1096	cran	FALSE
iSEEhex	1095	bioc_fallback_rank	FALSE
lotri	1095	cran	FALSE
ncdfCF	1095	cran	FALSE
MDTS	1094	bioc_fallback_rank	FALSE
MetID	1093	bioc_fallback_rank	FALSE
fastverse	1092	cran	FALSE
ncRNAtools	1092	bioc_fallback_rank	FALSE
leidenAlg	1091	cran	FALSE
ORFhunteR	1091	bioc_fallback_rank	FALSE
equivalence	1090	cran	FALSE
RNAmodR_RiboMethSeq	1090	bioc_fallback_rank	FALSE
rnndescent	1090	cran	FALSE
bootES	1089	cran	FALSE
SNPchip	1089	bioc_fallback_rank	FALSE
geomorph	1088	cran	FALSE
PDIndex	1088	cran	FALSE
scholar	1088	cran	FALSE
sSNAPPY	1088	bioc_fallback_rank	FALSE
evtree	1087	cran	FALSE
nlmixr2est	1087	cran	FALSE
popEpi	1087	cran	FALSE
tripr	1087	bioc_fallback_rank	FALSE
BloodGen3Module	1086	bioc_fallback_rank	FALSE
mFilter	1086	cran	FALSE
EasyCellType	1085	bioc_fallback_rank	FALSE
enhancerHomologSearch	1084	bioc_fallback_rank	FALSE
ggsc	1083	bioc_fallback_rank	FALSE
magpie	1082	bioc_fallback_rank	FALSE
rules	1082	cran	FALSE
wavelets	1082	cran	FALSE
CAST	1081	cran	FALSE
methylscaper	1081	bioc_fallback_rank	FALSE
HMDHFDplus	1080	cran	FALSE
mlr3spatiotempcv	1080	cran	FALSE
NCIgraph	1080	bioc_fallback_rank	FALSE
constructive	1079	cran	FALSE
RITAN	1079	bioc_fallback_rank	FALSE
gamboostLSS	1078	cran	FALSE
googleway	1078	cran	FALSE
SDAMS	1078	bioc_fallback_rank	FALSE
sitadela	1077	bioc_fallback_rank	FALSE
combi	1076	bioc_fallback_rank	FALSE
customCMPdb	1075	bioc_fallback_rank	FALSE
DoE_wrapper	1074	cran	FALSE
GateFinder	1074	bioc_fallback_rank	FALSE
bssm	1073	cran	FALSE
greybox	1073	cran	FALSE
hoodscanR	1073	bioc_fallback_rank	FALSE
ompBAM	1072	bioc_fallback_rank	FALSE
protGear	1071	bioc_fallback_rank	FALSE
ambient	1070	cran	FALSE
DeclareDesign	1070	cran	FALSE
rnaEditr	1070	bioc_fallback_rank	FALSE
tfdatasets	1070	cran	FALSE
emulator	1069	cran	FALSE
scRNAseqApp	1069	bioc_fallback_rank	FALSE
policytree	1068	cran	FALSE
survtype	1068	bioc_fallback_rank	FALSE
brnn	1067	cran	FALSE
consensus	1067	bioc_fallback_rank	FALSE
disposables	1067	cran	FALSE
infotheo	1067	cran	FALSE
cytoviewer	1066	bioc_fallback_rank	FALSE
mlegp	1066	cran	FALSE
GSgalgoR	1065	bioc_fallback_rank	FALSE
quickmatch	1065	cran	FALSE
miaSim	1064	bioc_fallback_rank	FALSE
ROI_plugin_lpsolve	1064	cran	FALSE
nuCpos	1063	bioc_fallback_rank	FALSE
bst	1062	cran	FALSE
fect	1062	cran	FALSE
tidySpatialExperiment	1062	bioc_fallback_rank	FALSE
beadarraySNP	1061	bioc_fallback_rank	FALSE
cubble	1060	cran	FALSE
fobitools	1060	bioc_fallback_rank	FALSE
dlnm	1059	cran	FALSE
ssPATHS	1059	bioc_fallback_rank	FALSE
ascii	1058	cran	FALSE
cfdnakit	1058	bioc_fallback_rank	FALSE
plot3Drgl	1058	cran	FALSE
GNET2	1057	bioc_fallback_rank	FALSE
tidyclust	1057	cran	FALSE
gistr	1056	cran	FALSE
microbiomeExplorer	1056	bioc_fallback_rank	FALSE
pglm	1056	cran	FALSE
anndata	1055	cran	FALSE
cgam	1055	cran	FALSE
discovr	1055	cran	FALSE
rmelting	1055	bioc_fallback_rank	FALSE
scanMiRApp	1054	bioc_fallback_rank	FALSE
ATR	1053	cran	FALSE
SpacePAC	1053	bioc_fallback_rank	FALSE
cshapes	1052	cran	FALSE
GenomicPlot	1052	bioc_fallback_rank	FALSE
IDPmisc	1052	cran	FALSE
graper	1051	bioc_fallback_rank	FALSE
MAGAR	1050	bioc_fallback_rank	FALSE
synthpop	1050	cran	FALSE
LDAvis	1049	cran	FALSE
raer	1049	bioc_fallback_rank	FALSE
unix	1049	cran	FALSE
bcSeq	1048	bioc_fallback_rank	FALSE
Runuran	1048	cran	FALSE
revdbayes	1047	cran	FALSE
RImmPort	1047	bioc_fallback_rank	FALSE
DCchoice	1046	cran	FALSE
segmenter	1046	bioc_fallback_rank	FALSE
BioNAR	1045	bioc_fallback_rank	FALSE
hdi	1045	cran	FALSE
networkLite	1045	cran	FALSE
R2OpenBUGS	1045	cran	FALSE
EValue	1044	cran	FALSE
FuseSOM	1044	bioc_fallback_rank	FALSE
fmeffects	1043	cran	FALSE
GIGSEA	1043	bioc_fallback_rank	FALSE
nhanesA	1043	cran	FALSE
iSEEhub	1042	bioc_fallback_rank	FALSE
mcmcse	1042	cran	FALSE
HonestDiD	1041	cran	FALSE
LRcell	1041	bioc_fallback_rank	FALSE
magicaxis	1041	cran	FALSE
survPen	1041	cran	FALSE
mapscape	1040	bioc_fallback_rank	FALSE
sampleClassifier	1039	bioc_fallback_rank	FALSE
SCFA	1038	bioc_fallback_rank	FALSE
mirtCAT	1037	cran	FALSE
vulcan	1037	bioc_fallback_rank	FALSE
cytoMEM	1036	bioc_fallback_rank	FALSE
iterpc	1036	cran	FALSE
GeoDiff	1035	bioc_fallback_rank	FALSE
imputeTestbench	1034	cran	FALSE
iPAC	1034	bioc_fallback_rank	FALSE
libgeos	1034	cran	FALSE
mvgam	1034	cran	FALSE
TreeSim	1034	cran	FALSE
nempi	1033	bioc_fallback_rank	FALSE
SqlRender	1033	cran	FALSE
sarks	1032	bioc_fallback_rank	FALSE
SNPediaR	1031	bioc_fallback_rank	FALSE
spiky	1030	bioc_fallback_rank	FALSE
TraMineR	1030	cran	FALSE
lfda	1029	cran	FALSE
plink	1029	cran	FALSE
TargetDecoy	1029	bioc_fallback_rank	FALSE
beer	1028	bioc_fallback_rank	FALSE
diffIRT	1028	cran	FALSE
coMethDMR	1027	bioc_fallback_rank	FALSE
yesno	1027	cran	FALSE
care	1026	cran	FALSE
contiBAIT	1026	bioc_fallback_rank	FALSE
INLAspacetime	1026	cran	FALSE
gatom	1025	bioc_fallback_rank	FALSE
casebase	1024	cran	FALSE
finalfit	1024	cran	FALSE
GOSim	1024	bioc_fallback_rank,cran	FALSE
pbs	1024	cran	FALSE
GSALightning	1023	bioc_fallback_rank	FALSE
HDInterval	1022	cran	FALSE
katdetectr	1022	bioc_fallback_rank	FALSE
lokern	1022	cran	FALSE
Rchoice	1022	cran	FALSE
metaCCA	1021	bioc_fallback_rank	FALSE
laGP	1020	cran	FALSE
omicplotR	1020	bioc_fallback_rank	FALSE
plotGrouper	1019	bioc_fallback_rank	FALSE
compute_es	1018	cran	FALSE
ppcseq	1018	bioc_fallback_rank	FALSE
QuantPsyc	1018	cran	FALSE
RSeqAn	1017	bioc_fallback_rank	FALSE
ade4TkGUI	1016	cran	FALSE
flexsurvcure	1016	cran	FALSE
lmeInfo	1016	cran	FALSE
scclust	1016	cran	FALSE
systemPipeTools	1016	bioc_fallback_rank	FALSE
minerva	1015	cran	FALSE
xcore	1015	bioc_fallback_rank	FALSE
dcGSA	1014	bioc_fallback_rank	FALSE
fTrading	1014	cran	FALSE
drugTargetInteractions	1013	bioc_fallback_rank	FALSE
FrF2_catlg128	1013	cran	FALSE
mldr	1013	cran	FALSE
flowCyBar	1012	bioc_fallback_rank	FALSE
fontcm	1012	cran	FALSE
flowGate	1011	bioc_fallback_rank	FALSE
desplot	1010	cran	FALSE
iCNV	1010	bioc_fallback_rank	FALSE
limpa	1009	bioc_fallback_rank	FALSE
SASmixed	1009	cran	FALSE
metapone	1008	bioc_fallback_rank	FALSE
ncGTW	1007	bioc_fallback_rank	FALSE
GPBayes	1006	cran	FALSE
ramcmc	1006	cran	FALSE
scTHI	1006	bioc_fallback_rank	FALSE
airpart	1005	bioc_fallback_rank	FALSE
rush	1005	cran	FALSE
tibbletime	1005	cran	FALSE
awst	1004	bioc_fallback_rank	FALSE
tth	1004	cran	FALSE
billboarder	1003	cran	FALSE
consICA	1003	bioc_fallback_rank	FALSE
glmertree	1003	cran	FALSE
bartMachineJARs	1002	cran	FALSE
doRedis	1002	cran	FALSE
iASeq	1002	bioc_fallback_rank	FALSE
msaenet	1002	cran	FALSE
IMMAN	1001	bioc_fallback_rank	FALSE
mlr3db	1001	cran	FALSE
POWSC	1000	bioc_fallback_rank	FALSE
INLAtools	999	cran	FALSE
QuaternaryProd	999	bioc_fallback_rank	FALSE
SimFFPE	998	bioc_fallback_rank	FALSE
Sushi	997	bioc_fallback_rank	FALSE
rhino	996	cran	FALSE
TREG	996	bioc_fallback_rank	FALSE
DNAfusion	995	bioc_fallback_rank	FALSE
fasterize	994	cran	FALSE
frbs	994	cran	FALSE
metan	994	cran	TRUE
redoc	994	cran	FALSE
scTreeViz	994	bioc_fallback_rank	FALSE
depmixS4	993	cran	FALSE
SynMut	993	bioc_fallback_rank	FALSE
ROOPSD	992	cran	FALSE
TDbasedUFEadv	992	bioc_fallback_rank	FALSE
Cogito	991	bioc_fallback_rank	FALSE
valr	991	cran	FALSE
epidecodeR	990	bioc_fallback_rank	FALSE
meboot	990	cran	FALSE
randtests	990	cran	FALSE
tourr	990	cran	FALSE
cmaes	989	cran	FALSE
fedup	989	bioc_fallback_rank	FALSE
FitHiC	988	bioc_fallback_rank	FALSE
round	988	cran	FALSE
Rpoppler	988	cran	FALSE
gRbase	987	cran	FALSE
LedPred	987	bioc_fallback_rank	FALSE
MOGAMUN	986	bioc_fallback_rank	FALSE
ltsa	985	cran	FALSE
mlr3spatial	985	cran	FALSE
qmtools	985	bioc_fallback_rank	FALSE
clValid	984	cran	FALSE
revealjs	984	cran	FALSE
rmspc	984	bioc_fallback_rank	FALSE
GWmodel	983	cran	FALSE
scFeatures	983	bioc_fallback_rank	FALSE
APL	982	bioc_fallback_rank	FALSE
MBECS	981	bioc_fallback_rank	FALSE
erer	980	cran	FALSE
nullabor	980	cran	FALSE
OSTA_data	980	bioc_fallback_rank	FALSE
pkgDepTools	979	bioc_fallback_rank	FALSE
RSelenium	979	cran	FALSE
tabnet	979	cran	FALSE
wrswoR	979	cran	FALSE
hal9001	978	cran	FALSE
littler	978	cran	FALSE
mlr3fda	978	cran	FALSE
signifinder	978	bioc_fallback_rank	FALSE
esc	977	cran	FALSE
svaNUMT	977	bioc_fallback_rank	FALSE
interleave	976	cran	FALSE
transomics2cytoscape	976	bioc_fallback_rank	FALSE
CNVMetrics	975	bioc_fallback_rank	FALSE
RgoogleMaps	975	cran	FALSE
cyanoFilter	974	bioc_fallback_rank,cran	FALSE
Dune	973	bioc_fallback_rank	FALSE
panelView	973	cran	FALSE
clinfun	972	cran	FALSE
farms	972	bioc_fallback_rank	FALSE
fgga	971	bioc_fallback_rank	FALSE
mlr3torch	971	cran	FALSE
GenomAutomorphism	970	bioc_fallback_rank	FALSE
gmailr	969	cran	FALSE
netprioR	969	bioc_fallback_rank	FALSE
naturalsort	968	cran	FALSE
PanomiR	968	bioc_fallback_rank	FALSE
cherryblossom	967	cran	FALSE
plainview	967	cran	FALSE
RCASPAR	967	bioc_fallback_rank	FALSE
benchmarkme	966	cran	FALSE
sbw	966	cran	FALSE
scDesign3	966	bioc_fallback_rank	FALSE
simsalapar	966	cran	FALSE
airr	965	cran	FALSE
genomicInstability	965	bioc_fallback_rank	FALSE
GLMsData	965	cran	FALSE
misaem	965	cran	FALSE
hummingbird	964	bioc_fallback_rank	FALSE
qualtRics	963	cran	FALSE
REBET	963	bioc_fallback_rank	FALSE
BOBaFIT	962	bioc_fallback_rank	FALSE
labstatR	962	cran	FALSE
sftrack	962	cran	FALSE
CCPlotR	961	bioc_fallback_rank	FALSE
hydroloom	961	cran	FALSE
Rvcg	961	cran	FALSE
censcyt	960	bioc_fallback_rank	FALSE
ExCluster	959	bioc_fallback_rank	FALSE
qpcR	959	cran	FALSE
trajectories	959	cran	FALSE
BayesX	958	cran	FALSE
geva	958	bioc_fallback_rank	FALSE
HDTD	957	bioc_fallback_rank	FALSE
skpr	957	cran	FALSE
Motif2Site	956	bioc_fallback_rank	FALSE
sensitivity	956	cran	FALSE
Omixer	955	bioc_fallback_rank	FALSE
alphavantager	954	cran	FALSE
celestial	954	cran	FALSE
NetworkToolbox	954	cran	FALSE
reb	954	bioc_fallback_rank	FALSE
inlinedocs	953	cran	FALSE
rcorpora	953	cran	FALSE
SeqGate	953	bioc_fallback_rank	FALSE
aorsf	952	cran	FALSE
mantar	952	cran	FALSE
svaRetro	952	bioc_fallback_rank	FALSE
borealis	951	bioc_fallback_rank	FALSE
mgm	951	cran	FALSE
pspearman	951	cran	FALSE
rlas	951	cran	TRUE
ccImpute	950	bioc_fallback_rank	FALSE
TLMoments	950	cran	FALSE
CFAssay	949	bioc_fallback_rank	FALSE
sccore	949	cran	FALSE
xgxr	949	cran	FALSE
CytoPipeline	948	bioc_fallback_rank	FALSE
isotree	948	cran	FALSE
Benchmarking	947	cran	FALSE
getDEE2	947	bioc_fallback_rank	FALSE
rucrdtw	947	cran	FALSE
iBMQ	946	bioc_fallback_rank	FALSE
nsyllable	946	cran	FALSE
rlecuyer	946	cran	FALSE
tripack	946	cran	FALSE
geos	945	cran	FALSE
GGIR	945	cran	FALSE
OGRE	945	bioc_fallback_rank	FALSE
pedigree	945	cran	FALSE
ccaPP	944	cran	FALSE
Iso	944	cran	FALSE
pairkat	944	bioc_fallback_rank	FALSE
plotROC	944	cran	FALSE
genalg	943	cran	FALSE
IsoriX	943	cran	FALSE
phosphonormalizer	943	bioc_fallback_rank	FALSE
tester	943	cran	FALSE
eaf	942	cran	FALSE
gcdnet	942	cran	FALSE
scMET	942	bioc_fallback_rank	FALSE
Sleuth2	942	cran	FALSE
gge	941	cran	FALSE
RInside	941	cran	FALSE
SpatialExperimentIO	941	bioc_fallback_rank	FALSE
crossmeta	940	bioc_fallback_rank	FALSE
logmult	940	cran	FALSE
CytoGLMM	939	bioc_fallback_rank	FALSE
HAC	939	cran	FALSE
fImport	938	cran	FALSE
GGPA	938	bioc_fallback_rank	FALSE
LogicReg	938	cran	FALSE
mitoClone2	937	bioc_fallback_rank	FALSE
pcot2	936	bioc_fallback_rank	FALSE
mixl	935	cran	FALSE
ROCpAI	935	bioc_fallback_rank	FALSE
deepnet	934	cran	FALSE
SCBN	934	bioc_fallback_rank	FALSE
DelayedTensor	933	bioc_fallback_rank	FALSE
jmv	933	cran	FALSE
ztable	933	cran	FALSE
HarmonizR	932	bioc_fallback_rank	FALSE
gghighlight	931	cran	FALSE
iSEEde	931	bioc_fallback_rank	FALSE
semver	931	cran	FALSE
geodist	930	cran	FALSE
ifaTools	930	cran	FALSE
levi	930	bioc_fallback_rank	FALSE
rquery	930	cran	FALSE
proteinProfiles	929	bioc_fallback_rank	FALSE
riingo	929	cran	FALSE
dparser	928	cran	FALSE
dr	928	cran	FALSE
ggarrow	928	cran	FALSE
RcwlPipelines	928	bioc_fallback_rank	FALSE
semisup	927	bioc_fallback_rank	FALSE
tau	927	cran	FALSE
ssrch	926	bioc_fallback_rank	FALSE
pixarfilms	925	cran	FALSE
timescape	925	bioc_fallback_rank	FALSE
CONSTANd	924	bioc_fallback_rank	FALSE
Mcomp	924	cran	FALSE
mlr3batchmark	924	cran	FALSE
ensemblVEP	923	bioc_fallback_rank	FALSE
joineR	923	cran	FALSE
oce	923	cran	FALSE
distcrete	922	cran	FALSE
ICEbox	922	cran	FALSE
scBubbletree	922	bioc_fallback_rank	FALSE
cytoKernel	921	bioc_fallback_rank	FALSE
dendsort	921	cran	FALSE
widyr	921	cran	FALSE
divergence	920	bioc_fallback_rank	FALSE
plspm	920	cran	FALSE
FRGEpistasis	919	bioc_fallback_rank	FALSE
MendelianRandomization	919	cran	FALSE
Synth	919	cran	FALSE
HIPPO	918	bioc_fallback_rank	FALSE
fUnitRoots	917	cran	FALSE
harrypotter	917	cran	FALSE
lemur	917	bioc_fallback_rank	FALSE
sparseLDA	917	cran	FALSE
BsMD	916	cran	FALSE
qsvaR	916	bioc_fallback_rank	FALSE
hypervolume	915	cran	FALSE
RCX	915	bioc_fallback_rank	FALSE
Rmixmod	915	cran	FALSE
rnames	915	cran	FALSE
twangContinuous	915	cran	FALSE
cito	914	cran	FALSE
GSE	914	cran	FALSE
palr	914	cran	FALSE
RSEIS	914	cran	FALSE
SimBu	914	bioc_fallback_rank	FALSE
betacal	913	cran	FALSE
TEKRABber	913	bioc_fallback_rank	FALSE
calibrator	912	cran	FALSE
DatabaseConnector	912	cran	FALSE
tomoda	912	bioc_fallback_rank	FALSE
mvoutlier	911	cran	FALSE
txcutr	911	bioc_fallback_rank	FALSE
banocc	910	bioc_fallback_rank	FALSE
cellmigRation	909	bioc_fallback_rank	FALSE
Require	909	cran	FALSE
DelayedRandomArray	908	bioc_fallback_rank	FALSE
HaploSim	908	cran	FALSE
MBAmethyl	907	bioc_fallback_rank	FALSE
RH2	907	cran	FALSE
smooth	907	cran	FALSE
RCSL	906	bioc_fallback_rank,cran	FALSE
rddensity	906	cran	FALSE
biglasso	905	cran	FALSE
RepViz	905	bioc_fallback_rank	FALSE
ergm_count	904	cran	FALSE
libstable4u	904	cran	FALSE
reproducible	904	cran	FALSE
SIMD	904	bioc_fallback_rank	FALSE
cliProfiler	903	bioc_fallback_rank	FALSE
fastreeR	902	bioc_fallback_rank	FALSE
NormPsy	902	cran	FALSE
spatialsample	902	cran	FALSE
contentid	901	cran	FALSE
flowMap	901	bioc_fallback_rank	FALSE
ozmaps	901	cran	FALSE
fmrs	900	bioc_fallback_rank,cran	FALSE
mbend	900	cran	FALSE
mdmb	900	cran	FALSE
GAprediction	899	bioc_fallback_rank	FALSE
phyclust	899	cran	FALSE
ISoLDE	898	bioc_fallback_rank	FALSE
sae	898	cran	FALSE
rqdatatable	897	cran	FALSE
smoothr	897	cran	FALSE
synapsis	897	bioc_fallback_rank	FALSE
manipulate	896	cran	FALSE
updateObject	896	bioc_fallback_rank	FALSE
AlphaMissenseR	895	bioc_fallback_rank	FALSE
stepPlr	895	cran	FALSE
ASAFE	894	bioc_fallback_rank	FALSE
parabar	894	cran	FALSE
capushe	893	cran	FALSE
crisprVerse	893	bioc_fallback_rank	FALSE
polylabelr	893	cran	FALSE
DeepPINCS	892	bioc_fallback_rank	FALSE
deltaCaptureC	891	bioc_fallback_rank	FALSE
lavaanPlot	891	cran	FALSE
nimbleQuad	891	cran	FALSE
skellam	891	cran	FALSE
DifferentialRegulation	890	bioc_fallback_rank	FALSE
landscapemetrics	890	cran	FALSE
svgPanZoom	890	cran	FALSE
lineagespot	889	bioc_fallback_rank	FALSE
ggpointdensity	888	cran	FALSE
hnp	888	cran	FALSE
m6Aboost	888	bioc_fallback_rank	FALSE
rdhs	888	cran	FALSE
rotationForest	888	cran	FALSE
MetaPhOR	887	bioc_fallback_rank	FALSE
networkDynamic	887	cran	FALSE
tidylog	887	cran	FALSE
optimalFlow	886	bioc_fallback_rank	FALSE
redland	886	cran	FALSE
pageRank	885	bioc_fallback_rank	FALSE
SHAPforxgboost	885	cran	FALSE
dominanceanalysis	884	cran	FALSE
fairml	884	cran	FALSE
Polychrome	884	cran	FALSE
scifer	884	bioc_fallback_rank	FALSE
CIMICE	883	bioc_fallback_rank	FALSE
crossnma	883	cran	FALSE
rsyslog	883	cran	FALSE
salesforcer	883	cran	FALSE
gemini	882	bioc_fallback_rank	FALSE
MPsychoR	882	cran	FALSE
GeneGA	881	bioc_fallback_rank	FALSE
Herper	880	bioc_fallback_rank	FALSE
dataverse	879	cran	FALSE
RcppSpdlog	879	cran	FALSE
scider	879	bioc_fallback_rank	FALSE
striprtf	879	cran	FALSE
tseriesChaos	879	cran	FALSE
phia	878	cran	FALSE
slalom	878	bioc_fallback_rank	FALSE
sparsesvd	878	cran	FALSE
SOMNiBUS	877	bioc_fallback_rank	FALSE
Ternary	877	cran	FALSE
tf	877	cran	FALSE
CAEN	876	bioc_fallback_rank	FALSE
gggrid	876	cran	FALSE
rworldxtra	876	cran	FALSE
aqp	875	cran	FALSE
FMStable	875	cran	FALSE
LPCM	875	cran	FALSE
oncoscanR	875	bioc_fallback_rank	FALSE
aplore3	874	cran	FALSE
BatchExperiments	874	cran	FALSE
cpp11bigwig	874	cran	FALSE
GEOmap	874	cran	FALSE
Infusion	874	cran	FALSE
SwathXtend	874	bioc_fallback_rank	FALSE
bundle	873	cran	FALSE
compareGroups	873	cran	FALSE
tLOH	873	bioc_fallback_rank	FALSE
demuxSNP	872	bioc_fallback_rank	FALSE
adrftools	871	cran	FALSE
aods3	871	cran	FALSE
garfield	871	bioc_fallback_rank	FALSE
mlr3oml	871	cran	FALSE
PoissonBinomial	871	cran	FALSE
MouseFM	870	bioc_fallback_rank	FALSE
pcaL1	870	cran	FALSE
MPFE	869	bioc_fallback_rank	FALSE
qicharts	869	cran	FALSE
Fahrmeir	868	cran	FALSE
imputeLCMD	868	cran	FALSE
MsQuality	868	bioc_fallback_rank	FALSE
mvQuad	868	cran	FALSE
nlmixr2extra	868	cran	FALSE
oro_nifti	868	cran	FALSE
productplots	868	cran	FALSE
REBayes	868	cran	FALSE
fastmatrix	867	cran	FALSE
multiWGCNA	867	bioc_fallback_rank	FALSE
wbstats	867	cran	FALSE
scDDboost	866	bioc_fallback_rank	FALSE
shiny_react	866	cran	FALSE
TeachingSampling	866	cran	FALSE
maxlike	865	cran	FALSE
SpaNorm	865	bioc_fallback_rank	FALSE
nasapower	864	cran	FALSE
tscount	864	cran	FALSE
vsclust	864	bioc_fallback_rank	FALSE
ggpolypath	863	cran	FALSE
IMPCdata	863	bioc_fallback_rank	FALSE
teal_slice	863	cran	FALSE
diagis	862	cran	FALSE
locfdr	862	cran	FALSE
miesmuschel	862	cran	FALSE
MultimodalExperiment	862	bioc_fallback_rank	FALSE
rust	862	cran	FALSE
shinyFeedback	862	cran	FALSE
nipalsMCIA	861	bioc_fallback_rank	FALSE
kmi	860	cran	FALSE
oaqc	860	cran	FALSE
seqcombo	860	bioc_fallback_rank	FALSE
dint	859	cran	FALSE
fastVoteR	859	cran	FALSE
shinymanager	859	cran	FALSE
spaSim	859	bioc_fallback_rank	FALSE
zipfR	859	cran	FALSE
cellTree	858	bioc_fallback_rank	FALSE
gtrendsR	858	cran	FALSE
DeMAND	857	bioc_fallback_rank	FALSE
oompaBase	857	cran	FALSE
BayesXsrc	856	cran	FALSE
dStruct	856	bioc_fallback_rank	FALSE
scalreg	856	cran	FALSE
splusTimeDate	856	cran	FALSE
AzureKeyVault	855	cran	FALSE
regioneReloaded	855	bioc_fallback_rank	FALSE
CARDspa	854	bioc_fallback_rank	FALSE
DPQ	854	cran	FALSE
DynTxRegime	854	cran	FALSE
tfevents	854	cran	FALSE
cellscape	853	bioc_fallback_rank	FALSE
mycor	853	cran	FALSE
texPreview	853	cran	FALSE
bang	852	cran	FALSE
ceRNAnetsim	852	bioc_fallback_rank	FALSE
hydroTSM	852	cran	FALSE
IsingFit	851	cran	FALSE
ISLET	851	bioc_fallback_rank	FALSE
lidR	851	cran	TRUE
survivalROC	851	cran	FALSE
TRAMPR	851	cran	FALSE
auditor	850	cran	FALSE
bio3d	850	cran	FALSE
plyinteractions	850	bioc_fallback_rank	FALSE
treesitter	850	cran	FALSE
nprobust	849	cran	FALSE
prada	849	bioc_fallback_rank	FALSE
SAGx	848	bioc_fallback_rank,cran	FALSE
mlr3fairness	847	cran	FALSE
tomoseqr	847	bioc_fallback_rank	FALSE
AnVILBilling	846	bioc_fallback_rank	FALSE
lcopula	846	cran	FALSE
concordexR	845	bioc_fallback_rank	FALSE
datapasta	845	cran	FALSE
DPQmpfr	845	cran	FALSE
gDNAx	844	bioc_fallback_rank	FALSE
kdecopula	844	cran	FALSE
Rmosek	844	cran	FALSE
midasHLA	843	bioc_fallback_rank	FALSE
scTenifoldNet	843	cran	FALSE
ndjson	842	cran	FALSE
NetActivity	842	bioc_fallback_rank	FALSE
OutSplice	841	bioc_fallback_rank	FALSE
papaja	840	cran	FALSE
pmm	840	bioc_fallback_rank	FALSE
encharter	839	cran	FALSE
SpatialOmicsOverlay	839	bioc_fallback_rank	FALSE
StreamCatTools	839	cran	FALSE
ulid	839	cran	FALSE
bruceR	838	cran	FALSE
PearsonDS	838	cran	FALSE
VAExprs	838	bioc_fallback_rank	FALSE
bestglm	837	cran	FALSE
gsynth	837	cran	FALSE
VERSO	837	bioc_fallback_rank	FALSE
aRtsy	836	cran	FALSE
BiocBook	836	bioc_fallback_rank	FALSE
flowGraph	835	bioc_fallback_rank	FALSE
seasonalview	835	cran	FALSE
stream	835	cran	FALSE
iSEEpathways	834	bioc_fallback_rank	FALSE
mlr3benchmark	834	cran	FALSE
scorecard	834	cran	FALSE
mariner	833	bioc_fallback_rank	FALSE
colorblindcheck	832	cran	FALSE
MSPrep	832	bioc_fallback_rank	FALSE
box_lsp	831	cran	FALSE
hts	831	cran	FALSE
omXplore	831	bioc_fallback_rank	FALSE
sparsenetgls	830	bioc_fallback_rank	FALSE
alabaster_spatial	829	bioc_fallback_rank	FALSE
blackbox	829	cran	FALSE
BiocFHIR	828	bioc_fallback_rank	FALSE
box_linters	828	cran	FALSE
common	827	cran	FALSE
CuratedAtlasQueryR	827	bioc_fallback_rank	FALSE
distillery	827	cran	FALSE
cccd	826	cran	FALSE
didimputation	826	cran	FALSE
HPiP	826	bioc_fallback_rank	FALSE
labdsv	826	cran	FALSE
VarianceGamma	826	cran	FALSE
MergeMaid	825	bioc_fallback_rank	FALSE
moocore	825	cran	FALSE
R2BayesX	825	cran	FALSE
rsemmed	824	bioc_fallback_rank	FALSE
DiceOptim	823	cran	FALSE
nipals	823	cran	FALSE
rxode2ll	823	cran	FALSE
scMultiSim	823	bioc_fallback_rank	FALSE
MESS	822	cran	FALSE
sperrorest	822	cran	FALSE
SplicingFactory	822	bioc_fallback_rank	FALSE
stablelearner	822	cran	FALSE
gglm	821	cran	FALSE
VDJdive	821	bioc_fallback_rank	FALSE
CopywriteR	820	bioc_fallback_rank	FALSE
GPareto	820	cran	FALSE
jsonld	820	cran	FALSE
bvls	819	cran	FALSE
forward	819	cran	FALSE
GeneAnswers	819	bioc_fallback_rank	FALSE
coRanking	818	cran	FALSE
gutenbergr	818	cran	FALSE
HGC	818	bioc_fallback_rank	FALSE
rdflib	818	cran	FALSE
TreeDist	818	cran	FALSE
exdex	817	cran	FALSE
future_tests	817	cran	FALSE
MACSQuantifyR	817	bioc_fallback_rank	FALSE
rotor	817	cran	FALSE
torchvisionlib	817	cran	FALSE
chandwich	816	cran	FALSE
SMAD	816	bioc_fallback_rank	FALSE
sparsediscrim	816	cran	FALSE
distrMod	815	cran	FALSE
stJoincount	815	bioc_fallback_rank	FALSE
alpine	814	bioc_fallback_rank	FALSE
MetaUtility	814	cran	FALSE
mvinfluence	814	cran	FALSE
applicable	813	cran	FALSE
CTdata	813	bioc_fallback_rank	FALSE
ggpcp	813	cran	FALSE
kangar00	813	cran	FALSE
GBScleanR	812	bioc_fallback_rank	FALSE
gDRimport	811	bioc_fallback_rank	FALSE
SurvMetrics	811	cran	FALSE
MIRit	810	bioc_fallback_rank	FALSE
RNiftyReg	810	cran	FALSE
hydroGOF	809	cran	FALSE
lucid	809	cran	FALSE
motifTestR	809	bioc_fallback_rank	FALSE
denstrip	808	cran	FALSE
fillpattern	808	cran	FALSE
fxregime	808	cran	FALSE
RolDE	808	bioc_fallback_rank	FALSE
affypdnn	807	bioc_fallback_rank	FALSE
glogis	807	cran	FALSE
PNADcIBGE	807	cran	FALSE
rstac	807	cran	FALSE
sasr	807	cran	FALSE
GenomicInteractionNodes	806	bioc_fallback_rank	FALSE
logr	806	cran	FALSE
splusTimeSeries	806	cran	FALSE
LMGene	805	bioc_fallback_rank,cran	FALSE
psd	805	cran	FALSE
REPPlab	805	cran	FALSE
syslognet	805	cran	FALSE
scDotPlot	804	bioc_fallback_rank	FALSE
AnVILPublish	803	bioc_fallback_rank	FALSE
gridBezier	803	cran	FALSE
sonicscrewdriver	803	cran	FALSE
wkb	803	cran	FALSE
CDI	802	bioc_fallback_rank	FALSE
crop	802	cran	FALSE
kimisc	802	cran	FALSE
DepInfeR	801	bioc_fallback_rank	FALSE
did2s	801	cran	FALSE
dlookr	801	cran	FALSE
drat	801	cran	FALSE
enrichViewNet	800	bioc_fallback_rank	FALSE
lpdensity	800	cran	FALSE
GeDi	799	bioc_fallback_rank	FALSE
pryr	799	cran	TRUE
rayimage	799	cran	FALSE
EMCluster	798	cran	FALSE
exact2x2	798	cran	FALSE
metabinR	798	bioc_fallback_rank	FALSE
microbiomeDASim	797	bioc_fallback_rank	FALSE
osmextract	797	cran	FALSE
survC1	797	cran	FALSE
diffusionMap	796	cran	FALSE
KrigInv	796	cran	FALSE
MoleculeExperiment	796	bioc_fallback_rank	FALSE
suntools	796	cran	FALSE
seewave	795	cran	FALSE
SMAP	795	bioc_fallback_rank	FALSE
BiocHubsShiny	794	bioc_fallback_rank	FALSE
koRpus	794	cran	FALSE
polle	794	cran	FALSE
ICSClust	793	cran	FALSE
selectKSigs	793	bioc_fallback_rank	FALSE
remaCor	792	cran	FALSE
soilDB	792	cran	FALSE
sosta	792	bioc_fallback_rank	FALSE
suncalc	792	cran	FALSE
BiocCaseStudies	791	bioc_fallback_rank	FALSE
DIDmultiplegt	791	cran	FALSE
HistData	791	cran	FALSE
job	791	cran	FALSE
mosaicCalc	791	cran	FALSE
RQuantLib	791	cran	FALSE
DegCre	790	bioc_fallback_rank	FALSE
settings	790	cran	FALSE
gsheet	789	cran	FALSE
magrene	789	bioc_fallback_rank	FALSE
rlistings	789	cran	FALSE
rrtable	789	cran	FALSE
wav	789	cran	FALSE
DIDHAD	788	cran	FALSE
fungible	788	cran	FALSE
mlr3summary	788	cran	FALSE
MultiRNAflow	788	bioc_fallback_rank	FALSE
pez	788	cran	FALSE
PKNCA	788	cran	FALSE
vwline	788	cran	FALSE
legendry	787	cran	FALSE
QSARdata	787	cran	FALSE
rHVDM	787	bioc_fallback_rank	FALSE
alabaster_string	786	bioc_fallback_rank	FALSE
deconvolveR	786	cran	FALSE
ROI_plugin_neos	786	cran	FALSE
CircSeqAlignTk	785	bioc_fallback_rank	FALSE
DEDS	784	bioc_fallback_rank	FALSE
qqtest	784	cran	FALSE
gg4way	783	bioc_fallback_rank	FALSE
localModel	783	cran	FALSE
ROI_plugin_alabama	783	cran	FALSE
goSorensen	782	bioc_fallback_rank	FALSE
rsae	782	cran	FALSE
SentimentAnalysis	782	cran	FALSE
wdman	782	cran	FALSE
GPA	781	bioc_fallback_rank	FALSE
luz	781	cran	FALSE
HERON	780	bioc_fallback_rank	FALSE
psychomix	780	cran	FALSE
scdhlm	780	cran	FALSE
crossval	779	cran	FALSE
mrfDepth	779	cran	FALSE
pathlinkR	779	bioc_fallback_rank	FALSE
Pedixplorer	778	bioc_fallback_rank	FALSE
biobtreeR	777	bioc_fallback_rank	FALSE
DesignLibrary	777	cran	FALSE
scrypt	777	cran	FALSE
treesitter_r	777	cran	FALSE
DTMCPack	776	cran	FALSE
IsoCorrectoRGUI	776	bioc_fallback_rank	FALSE
RClickhouse	776	cran	FALSE
rjsoncons	776	cran	FALSE
robfilter	776	cran	FALSE
ROI_plugin_ecos	776	cran	FALSE
skedastic	776	cran	FALSE
streamR	776	cran	FALSE
exactci	775	cran	FALSE
glba	775	cran	FALSE
mbest	775	cran	FALSE
MetBrewer	775	cran	FALSE
TOP	775	bioc_fallback_rank	FALSE
wrMisc	775	cran	FALSE
binda	774	cran	FALSE
GEOfastq	774	bioc_fallback_rank	FALSE
geozoo	774	cran	FALSE
modelObj	774	cran	FALSE
INDEED	773	bioc_fallback_rank	FALSE
cassowaryr	772	cran	FALSE
iSEEindex	772	bioc_fallback_rank	FALSE
mina	771	bioc_fallback_rank	FALSE
nflreadr	771	cran	FALSE
cmaesr	770	cran	FALSE
eigenmodel	770	cran	FALSE
mspms	770	bioc_fallback_rank	FALSE
carSurv	769	cran	FALSE
dosresmeta	769	cran	FALSE
GD	769	cran	FALSE
IsingSampler	769	cran	FALSE
tidyCoverage	769	bioc_fallback_rank	FALSE
BRGenomics	768	bioc_fallback_rank	FALSE
HGNChelper	768	cran	FALSE
kriging	768	cran	FALSE
binman	767	cran	FALSE
CancerSubtypes	767	bioc_fallback_rank	FALSE
mcprogress	767	cran	FALSE
epistasisGA	766	bioc_fallback_rank	FALSE
robustvarComp	766	cran	FALSE
geomeTriD	765	bioc_fallback_rank	FALSE
disdat	764	cran	FALSE
orthos	764	bioc_fallback_rank	FALSE
rmsb	764	cran	FALSE
TypeInfo	763	bioc_fallback_rank	FALSE
alabaster_mae	762	bioc_fallback_rank	FALSE
prospectr	762	cran	TRUE
BASiCStan	761	bioc_fallback_rank	FALSE
packcircles	761	cran	FALSE
berryFunctions	760	cran	FALSE
BiodiversityR	760	cran	FALSE
MSstatsBig	760	bioc_fallback_rank	FALSE
stochvol	760	cran	FALSE
forecastHybrid	759	cran	FALSE
gRain	759	cran	FALSE
PoDCall	759	bioc_fallback_rank	FALSE
confintROB	758	cran	FALSE
gettz	758	cran	FALSE
PreciseSums	758	cran	FALSE
randRotation	758	bioc_fallback_rank	FALSE
reconsi	757	bioc_fallback_rank	FALSE
RESOLVE	756	bioc_fallback_rank	FALSE
SVMDO	755	bioc_fallback_rank	FALSE
UCSCXenaTools	755	cran	FALSE
plsRglm	754	cran	FALSE
shinyEffects	754	cran	FALSE
TDbasedUFE	754	bioc_fallback_rank	FALSE
forge	753	cran	FALSE
mvPot	753	cran	FALSE
rdss	753	cran	FALSE
ttgsea	753	bioc_fallback_rank	FALSE
xmlrpc2	752	cran	FALSE
ZygosityPredictor	752	bioc_fallback_rank	FALSE
BayesLogit	751	cran	FALSE
CoRegNet	751	bioc_fallback_rank	FALSE
fenr	750	bioc_fallback_rank	FALSE
waterfalls	750	cran	FALSE
gDRcore	749	bioc_fallback_rank	FALSE
pomp	749	cran	FALSE
RandVar	749	cran	FALSE
hierinf	748	bioc_fallback_rank	FALSE
WWGbook	748	cran	FALSE
onlineFDR	747	bioc_fallback_rank	FALSE
PMCMR	747	cran	FALSE
simFrame	747	cran	FALSE
survRM2	747	cran	FALSE
anMC	746	cran	FALSE
DNABarcodeCompatibility	746	bioc_fallback_rank	FALSE
MICSQTL	745	bioc_fallback_rank	FALSE
primarycensored	745	cran	FALSE
RcppDist	745	cran	FALSE
validate	745	cran	FALSE
connectapi	744	cran	FALSE
ggplot_multistats	744	cran	FALSE
ggstar	744	cran	FALSE
mori	744	cran	FALSE
MsBackendMetaboLights	744	bioc_fallback_rank	FALSE
rGenomeTracks	743	bioc_fallback_rank	FALSE
readMDTable	742	cran	FALSE
Rvisdiff	742	bioc_fallback_rank	FALSE
REDCapR	741	cran	FALSE
secr	741	cran	FALSE
SingleCellAlleleExperiment	741	bioc_fallback_rank	FALSE
tadar	740	bioc_fallback_rank	FALSE
CleanUpRNAseq	739	bioc_fallback_rank	FALSE
ContourFunctions	739	cran	FALSE
EFAtools	739	cran	FALSE
nlmixr2plot	739	cran	FALSE
Peptides	739	cran	FALSE
ggtreeDendro	738	bioc_fallback_rank	FALSE
nlstools	738	cran	FALSE
tidyRSS	738	cran	FALSE
decido	737	cran	FALSE
GloScope	737	bioc_fallback_rank	FALSE
MGnifyR	736	bioc_fallback_rank	FALSE
operators	736	cran	FALSE
MSstatsQCgui	735	bioc_fallback_rank	FALSE
frailtypack	734	cran	FALSE
planttfhunter	734	bioc_fallback_rank	FALSE
RobAStBase	734	cran	FALSE
rvinecopulib	734	cran	FALSE
terraTCGAdata	733	bioc_fallback_rank	FALSE
alabaster	732	bioc_fallback_rank	FALSE
eRm	732	cran	FALSE
freesurferformats	732	cran	FALSE
n1qn1	732	cran	FALSE
CoSIA	731	bioc_fallback_rank	FALSE
mldr_datasets	731	cran	FALSE
pulsar	731	cran	FALSE
CTSV	730	bioc_fallback_rank	FALSE
geomapdata	730	cran	FALSE
ukbabynames	730	cran	FALSE
cypress	729	bioc_fallback_rank	FALSE
meanShiftR	729	cran	FALSE
DCATS	728	bioc_fallback_rank	FALSE
lifecontingencies	728	cran	FALSE
ROptEst	728	cran	FALSE
roptim	728	cran	FALSE
InterMineR	727	bioc_fallback_rank	FALSE
pairedGSEA	726	bioc_fallback_rank	FALSE
Robyn	726	cran	FALSE
ssh	726	cran	FALSE
bspec	725	cran	FALSE
RLassoCox	725	bioc_fallback_rank	FALSE
roastgsa	724	bioc_fallback_rank	FALSE
Rwave	723	cran	FALSE
screenCounter	723	bioc_fallback_rank	FALSE
sdPrior	723	cran	FALSE
GB2	722	cran	FALSE
GNOSIS	722	bioc_fallback_rank	FALSE
LDRTools	722	cran	FALSE
hicVennDiagram	721	bioc_fallback_rank	FALSE
otrimle	721	cran	FALSE
rcdk	721	cran	FALSE
rchallenge	721	cran	FALSE
mrgsolve	720	cran	FALSE
nlmixr2	720	cran	FALSE
RNAdecay	720	bioc_fallback_rank	FALSE
ssgraph	720	cran	FALSE
xLLiM	720	cran	FALSE
bsplus	719	cran	FALSE
coop	719	cran	FALSE
rpact	719	cran	FALSE
veloviz	719	bioc_fallback_rank	FALSE
alabaster_vcf	718	bioc_fallback_rank	FALSE
qdapDictionaries	718	cran	FALSE
calm	717	bioc_fallback_rank	FALSE
clusterCrit	717	cran	FALSE
easylift	716	bioc_fallback_rank	FALSE
QTLExperiment	715	bioc_fallback_rank	FALSE
SoupX	715	cran	FALSE
RegionalST	714	bioc_fallback_rank	FALSE
retrofit	713	bioc_fallback_rank	FALSE
RSiena	713	cran	FALSE
gDRstyle	712	bioc_fallback_rank	FALSE
rayshader	712	cran	FALSE
gamstransfer	711	cran	FALSE
IsoBayes	711	bioc_fallback_rank	FALSE
dirmult	710	cran	FALSE
pgca	710	bioc_fallback_rank	FALSE
rmdfiltr	710	cran	FALSE
robustarima	709	cran	FALSE
spatialFDA	709	bioc_fallback_rank	FALSE
ComPrAn	708	bioc_fallback_rank	FALSE
rsdmx	708	cran	FALSE
crosstable	707	cran	FALSE
csdR	707	bioc_fallback_rank	FALSE
RobLox	707	cran	FALSE
RPMG	707	cran	FALSE
dar	706	bioc_fallback_rank	FALSE
mobileRNA	705	bioc_fallback_rank	FALSE
baseballr	704	cran	FALSE
OpenStats	704	bioc_fallback_rank	FALSE
VGAMextra	704	cran	FALSE
paxtoolsr	703	bioc_fallback_rank	FALSE
rayrender	703	cran	FALSE
alabaster_files	702	bioc_fallback_rank	FALSE
DTRlearn2	702	cran	FALSE
cellHTS	701	bioc_fallback_rank	FALSE
Luminescence	701	cran	FALSE
RRPP	701	cran	FALSE
useful	701	cran	FALSE
comapr	700	bioc_fallback_rank	FALSE
mafR	700	cran	FALSE
wheatmap	700	cran	FALSE
epiregulon	699	bioc_fallback_rank	FALSE
epiregulon_extra	698	bioc_fallback_rank	FALSE
ModCon	697	bioc_fallback_rank	FALSE
xportr	697	cran	FALSE
seahtrue	696	bioc_fallback_rank	FALSE
BHC	695	bioc_fallback_rank	FALSE
CoordinateCleaner	694	cran	FALSE
gDRutils	694	bioc_fallback_rank	FALSE
Rblpapi	694	cran	TRUE
spatialEco	694	cran	FALSE
alabaster_bumpy	693	bioc_fallback_rank	FALSE
oskeyring	693	cran	FALSE
overlapping	693	cran	FALSE
RcppInt64	693	cran	FALSE
CNViz	692	bioc_fallback_rank	FALSE
YatchewTest	692	cran	FALSE
CyTOFpower	691	bioc_fallback_rank	FALSE
quanteda_textplots	691	cran	FALSE
thor	691	cran	FALSE
ctmm	690	cran	FALSE
dominoSignal	690	bioc_fallback_rank	FALSE
rgee	690	cran	FALSE
tsbox	690	cran	FALSE
dualKS	689	bioc_fallback_rank	FALSE
shinyhelper	689	cran	FALSE
classGraph	688	cran	FALSE
EDIRquery	688	bioc_fallback_rank	FALSE
xefun	688	cran	FALSE
HicAggR	687	bioc_fallback_rank	FALSE
ratelimitr	687	cran	FALSE
comorbidity	686	cran	FALSE
Informeasure	686	bioc_fallback_rank	FALSE
NHPoisson	686	cran	FALSE
interacCircos	685	bioc_fallback_rank,cran	FALSE
scTenifoldKnk	685	cran	FALSE
UsingR	685	cran	FALSE
cicerone	684	cran	FALSE
iPath	684	bioc_fallback_rank	FALSE
rfishbase	684	cran	FALSE
MSstatsLOBD	683	bioc_fallback_rank	FALSE
editData	682	cran	FALSE
fingerprint	682	cran	FALSE
pdmclass	682	bioc_fallback_rank	FALSE
psygenet2r	681	bioc_fallback_rank	FALSE
rifi	680	bioc_fallback_rank	FALSE
solitude	680	cran	FALSE
TOSTER	680	cran	FALSE
sketchR	679	bioc_fallback_rank	FALSE
BG2	678	bioc_fallback_rank	FALSE
ssanv	678	cran	FALSE
alakazam	677	cran	FALSE
bgw	677	cran	FALSE
Damsel	677	bioc_fallback_rank	FALSE
ConvergenceConcepts	676	cran	FALSE
GenProSeq	676	bioc_fallback_rank	FALSE
tempdisagg	676	cran	FALSE
PRONE	675	bioc_fallback_rank	FALSE
simputation	675	cran	FALSE
HSAUR	674	cran	FALSE
SCArray_sat	674	bioc_fallback_rank	FALSE
spant	674	cran	FALSE
SUITOR	673	bioc_fallback_rank	FALSE
SummarizedBenchmark	672	bioc_fallback_rank	FALSE
dinoR	671	bioc_fallback_rank	FALSE
ecmwfr	671	cran	FALSE
EnrichDO	670	bioc_fallback_rank,cran	FALSE
rcrossref	670	cran	FALSE
shinylive	670	cran	FALSE
iSEEfier	669	bioc_fallback_rank	FALSE
qlcMatrix	669	cran	FALSE
rcdo	669	cran	FALSE
pengls	668	bioc_fallback_rank	FALSE
vtable	668	cran	FALSE
emojifont	667	cran	FALSE
phyloTop	667	cran	FALSE
scDiagnostics	667	bioc_fallback_rank	FALSE
ggmcmc	666	cran	FALSE
rayvertex	666	cran	FALSE
XBSeq	666	bioc_fallback_rank	FALSE
bettr	665	bioc_fallback_rank	FALSE
date	665	cran	FALSE
caOmicsV	664	bioc_fallback_rank	FALSE
ctrdata	664	cran	FALSE
shiny_i18n	664	cran	FALSE
crisprBwa	663	bioc_fallback_rank	FALSE
methyLImp2	662	bioc_fallback_rank	FALSE
timevis	662	cran	FALSE
PSEA	661	bioc_fallback_rank	FALSE
restfulSE	660	bioc_fallback_rank	FALSE
rospca	659	cran	FALSE
STROMA4	659	bioc_fallback_rank	FALSE
BREW3R_r	658	bioc_fallback_rank	FALSE
DoubleML	658	cran	FALSE
kde1d	658	cran	FALSE
nlmixr2data	658	cran	FALSE
taxalight	658	cran	FALSE
clevRvis	657	bioc_fallback_rank	FALSE
drake	657	cran	FALSE
ClustIRR	656	bioc_fallback_rank	FALSE
HiddenMarkov	655	cran	FALSE
MSstatsBioNet	655	bioc_fallback_rank	FALSE
phantasusLite	654	bioc_fallback_rank	FALSE
RecordLinkage	654	cran	FALSE
ontologyIndex	653	cran	FALSE
pointblank	653	cran	FALSE
RUCova	653	bioc_fallback_rank	FALSE
cffr	652	cran	FALSE
ggbiplot	652	cran	FALSE
growthcurver	652	cran	FALSE
MTS	652	cran	FALSE
tidyomics	652	bioc_fallback_rank	FALSE
trena	651	bioc_fallback_rank	FALSE
ClusterFoldSimilarity	650	bioc_fallback_rank	FALSE
softImpute	650	cran	FALSE
INTACT	649	bioc_fallback_rank	FALSE
testthatmulti	649	cran	FALSE
mitology	648	bioc_fallback_rank	FALSE
hoardr	647	cran	FALSE
PLSDAbatch	647	bioc_fallback_rank	FALSE
readabs	647	cran	FALSE
Morpho	646	cran	FALSE
RcmdrPlugin_EZR	646	cran	FALSE
RedisParam	646	bioc_fallback_rank	FALSE
SVP	645	bioc_fallback_rank	FALSE
bedbaser	644	bioc_fallback_rank	FALSE
sidrar	644	cran	FALSE
terrainmeshr	644	cran	FALSE
CytoMDS	643	bioc_fallback_rank	FALSE
gsw	643	cran	FALSE
DELocal	642	bioc_fallback_rank	FALSE
HDclassif	642	cran	FALSE
modeltime	642	cran	FALSE
factR	641	bioc_fallback_rank	FALSE
hdxmsqc	640	bioc_fallback_rank	FALSE
TSstudio	640	cran	FALSE
knowYourCG	639	bioc_fallback_rank	FALSE
dbplot	638	cran	FALSE
miRmine	638	bioc_fallback_rank	FALSE
autometric	637	cran	FALSE
NCmisc	637	cran	FALSE
rifiComparative	637	bioc_fallback_rank	FALSE
RProtoBuf	637	cran	TRUE
shapes	637	cran	FALSE
evmix	636	cran	FALSE
GrafGen	636	bioc_fallback_rank	FALSE
onehot	636	cran	FALSE
climatol	635	cran	FALSE
HybridExpress	635	bioc_fallback_rank	FALSE
iNETgrate	634	bioc_fallback_rank	FALSE
OlinkAnalyze	633	cran	FALSE
RAREsim	633	bioc_fallback_rank	FALSE
smatr	633	cran	FALSE
matlab	632	cran	FALSE
saseR	632	bioc_fallback_rank	FALSE
staggered	632	cran	FALSE
scatterHatch	631	bioc_fallback_rank	FALSE
haplo_stats	630	cran	FALSE
SurfR	630	bioc_fallback_rank	FALSE
CaMutQC	629	bioc_fallback_rank	FALSE
CTT	629	cran	FALSE
export	629	cran	FALSE
PBSmodelling	629	cran	FALSE
exomePeak	628	bioc_fallback_rank	FALSE
shinyscreenshot	628	cran	FALSE
thief	628	cran	FALSE
FeatSeekR	627	bioc_fallback_rank	FALSE
pmml	627	cran	FALSE
robCompositions	627	cran	FALSE
assertr	626	cran	FALSE
RNAseqCovarImpute	626	bioc_fallback_rank	FALSE
ROracle	626	cran	TRUE
reldist	625	cran	FALSE
sparseinv	625	cran	FALSE
Summix	625	bioc_fallback_rank	FALSE
cvms	624	cran	FALSE
PASWR2	624	cran	FALSE
rrBLUP	624	cran	FALSE
TrajectoryGeometry	624	bioc_fallback_rank	FALSE
AHMassBank	623	bioc_fallback_rank	FALSE
AnVILGCP	622	bioc_fallback_rank	FALSE
poilog	622	cran	FALSE
jazzPanda	621	bioc_fallback_rank	FALSE
mapedit	621	cran	FALSE
KBoost	620	bioc_fallback_rank	FALSE
logitT	619	bioc_fallback_rank	FALSE
RAIDS	618	bioc_fallback_rank	FALSE
RcppAlgos	617	cran	FALSE
StabMap	617	bioc_fallback_rank	FALSE
adverSCarial	616	bioc_fallback_rank	FALSE
perryExamples	616	cran	FALSE
tinylabels	616	cran	FALSE
AMR	615	cran	FALSE
AnVILWorkflow	615	bioc_fallback_rank	FALSE
robslopes	615	cran	FALSE
shapr	615	cran	FALSE
cld2	614	cran	FALSE
ClustAll	614	bioc_fallback_rank	FALSE
mpoly	614	cran	FALSE
SetMethods	614	cran	FALSE
iSEEtree	613	bioc_fallback_rank	FALSE
s3fs	613	cran	FALSE
tern	613	cran	FALSE
mvabund	612	cran	FALSE
transmogR	612	bioc_fallback_rank	FALSE
treeclimbR	611	bioc_fallback_rank	FALSE
bigsnpr	610	cran	FALSE
fdasrvf	610	cran	FALSE
wppi	610	bioc_fallback_rank	FALSE
betaHMM	609	bioc_fallback_rank	FALSE
move	609	cran	FALSE
CaDrA	608	bioc_fallback_rank	FALSE
repmis	608	cran	FALSE
textometry	608	cran	FALSE
CCAFE	607	bioc_fallback_rank	FALSE
RCSF	607	cran	FALSE
frontier	606	cran	FALSE
rucm	606	cran	FALSE
ScreenR	606	bioc_fallback_rank	FALSE
forestmodel	605	cran	FALSE
textmineR	605	cran	FALSE
visiumStitched	605	bioc_fallback_rank	FALSE
Compositional	604	cran	FALSE
CytoPipelineGUI	604	bioc_fallback_rank	FALSE
tidytuesdayR	604	cran	FALSE
DMRforPairs	603	bioc_fallback_rank	FALSE
rbacon	603	cran	FALSE
cowsay	602	cran	FALSE
G4SNVHunter	602	bioc_fallback_rank	FALSE
ClassDiscovery	601	cran	FALSE
hitandrun	601	cran	FALSE
MARSS	601	cran	FALSE
methodical	601	bioc_fallback_rank	FALSE
partCNV	600	bioc_fallback_rank	FALSE
PortfolioAnalytics	600	cran	FALSE
qualV	600	cran	FALSE
mem	599	cran	FALSE
ROCit	599	cran	FALSE
scShapes	599	bioc_fallback_rank	FALSE
CatsCradle	598	bioc_fallback_rank	FALSE
IOBR	598	cran	FALSE
DeconvoBuddies	597	bioc_fallback_rank	FALSE
reader	597	cran	FALSE
shinyTime	597	cran	FALSE
spgwr	597	cran	FALSE
limpca	596	bioc_fallback_rank	FALSE
plsRcox	596	cran	FALSE
highfrequency	595	cran	FALSE
MOSClip	595	bioc_fallback_rank	FALSE
rearrr	595	cran	FALSE
svMisc	595	cran	FALSE
RMark	594	cran	TRUE
smartid	594	bioc_fallback_rank	FALSE
teal_reporter	594	cran	FALSE
findIPs	593	bioc_fallback_rank	FALSE
HilbertVisGUI	592	bioc_fallback_rank	FALSE
praznik	592	cran	FALSE
jstable	591	cran	FALSE
opalr	591	cran	FALSE
Rbwa	591	bioc_fallback_rank	FALSE
rcdklibs	591	cran	FALSE
CMplot	590	cran	FALSE
riskParityPortfolio	590	cran	FALSE
UPDhmm	590	bioc_fallback_rank	FALSE
BAC	589	bioc_fallback_rank	FALSE
ggpicrust2	589	cran	FALSE
precommit	589	cran	FALSE
tergm	589	cran	FALSE
CORREP	588	bioc_fallback_rank,cran	FALSE
wpp2019	588	cran	FALSE
blogdown	587	cran	FALSE
DeepTarget	587	bioc_fallback_rank	FALSE
inflection	587	cran	FALSE
mapSpain	587	cran	FALSE
whitebox	587	cran	FALSE
homologene	586	cran	FALSE
LPEadj	586	bioc_fallback_rank	FALSE
qrcode	586	cran	FALSE
BayesianTools	585	cran	FALSE
mcr	585	cran	FALSE
netbiov	585	bioc_fallback_rank	FALSE
embed	584	cran	FALSE
geeM	584	cran	FALSE
PIPETS	584	bioc_fallback_rank	FALSE
spark_sas7bdat	584	cran	FALSE
bib2df	583	cran	FALSE
CDMConnector	583	cran	FALSE
mcptools	583	cran	FALSE
proBatch	583	bioc_fallback_rank	FALSE
rbcb	583	cran	FALSE
MCMCvis	582	cran	FALSE
pxweb	582	cran	FALSE
rawDiag	582	bioc_fallback_rank	FALSE
wakefield	582	cran	FALSE
PBSmapping	581	cran	FALSE
simPIC	581	bioc_fallback_rank	FALSE
BiocOncoTK	580	bioc_fallback_rank	FALSE
coefplot	579	cran	FALSE
frenchFISH	579	bioc_fallback_rank	FALSE
nonparaeff	579	cran	FALSE
bayesQR	578	cran	FALSE
koinar	578	bioc_fallback_rank	FALSE
nls2	578	cran	FALSE
aggregation	577	cran	FALSE
ReducedExperiment	577	bioc_fallback_rank	FALSE
sasLM	577	cran	FALSE
Andromeda	576	cran	FALSE
groupdata2	576	cran	FALSE
ruv	576	cran	FALSE
SiPSiC	576	bioc_fallback_rank	FALSE
splicegear	575	bioc_fallback_rank	FALSE
verification	575	cran	FALSE
BlandAltmanLeh	574	cran	FALSE
lfmm	574	cran	FALSE
movMF	574	cran	FALSE
tpSVG	574	bioc_fallback_rank	FALSE
exomePeak2	573	bioc_fallback_rank	FALSE
textstem	573	cran	FALSE
LimROTS	572	bioc_fallback_rank	FALSE
tabulapdf	572	cran	FALSE
FactoClass	571	cran	FALSE
SplineDV	571	bioc_fallback_rank	FALSE
WebPower	571	cran	FALSE
BatchSVG	570	bioc_fallback_rank	FALSE
cfTools	569	bioc_fallback_rank	FALSE
Clonality	568	bioc_fallback_rank	FALSE
densEstBayes	568	cran	FALSE
osrm	568	cran	FALSE
redcapAPI	568	cran	FALSE
rrapply	568	cran	FALSE
GOFunction	567	bioc_fallback_rank	FALSE
hablar	567	cran	FALSE
projmgr	567	cran	FALSE
strex	567	cran	FALSE
teal_widgets	567	cran	FALSE
HoloFoodR	566	bioc_fallback_rank	FALSE
cereal	565	cran	FALSE
eq5d	565	cran	FALSE
geogrid	565	cran	FALSE
poem	565	bioc_fallback_rank	FALSE
prioritizr	565	cran	FALSE
Hmsc	564	cran	FALSE
radiant_data	564	cran	FALSE
ReUseData	564	bioc_fallback_rank	FALSE
tsne	564	cran	FALSE
VariantExperiment	563	bioc_fallback_rank	FALSE
BioCartaImage	562	bioc_fallback_rank	FALSE
bonsai	561	cran	FALSE
DFplyr	561	bioc_fallback_rank	FALSE
lunar	561	cran	FALSE
pkgfilecache	561	cran	FALSE
simmer	561	cran	FALSE
tsna	561	cran	FALSE
gDR	560	bioc_fallback_rank	FALSE
multistateQTL	559	bioc_fallback_rank	FALSE
simStateSpace	559	cran	FALSE
spikeslab	559	cran	FALSE
betaDelta	558	cran	FALSE
OutlierD	558	bioc_fallback_rank	FALSE
ExpDes	557	cran	FALSE
PhenoGeneRanker	557	bioc_fallback_rank	FALSE
shinipsum	557	cran	FALSE
PowerTOST	556	cran	FALSE
reporter	556	cran	FALSE
seq_hotSPOT	556	bioc_fallback_rank	FALSE
cytofQC	555	bioc_fallback_rank	FALSE
RPMM	555	cran	FALSE
ImmuneSpaceR	554	bioc_fallback_rank	FALSE
tolerance	554	cran	FALSE
chevreulProcess	553	bioc_fallback_rank	FALSE
isotone	553	cran	FALSE
Surrogate	553	cran	FALSE
influence_ME	552	cran	FALSE
manta	552	bioc_fallback_rank,cran	FALSE
fmtr	551	cran	FALSE
plw	551	bioc_fallback_rank	FALSE
rtables_officer	551	cran	FALSE
tidyplots	551	cran	FALSE
tspair	550	bioc_fallback_rank	FALSE
BERT	549	bioc_fallback_rank	FALSE
censusapi	549	cran	FALSE
d3r	549	cran	FALSE
mltools	549	cran	FALSE
clustSIGNAL	548	bioc_fallback_rank	FALSE
BGLR	547	cran	FALSE
chattr	547	cran	FALSE
FunChIP	547	bioc_fallback_rank	FALSE
logitnorm	547	cran	FALSE
camtrapR	546	cran	FALSE
PICB	546	bioc_fallback_rank	FALSE
Rbec	545	bioc_fallback_rank	FALSE
sas7bdat	545	cran	FALSE
Stat2Data	545	cran	FALSE
funModeling	544	cran	FALSE
scMitoMut	544	bioc_fallback_rank	FALSE
arcgisutils	543	cran	FALSE
shinyDSP	543	bioc_fallback_rank	FALSE
AnVILAz	542	bioc_fallback_rank	FALSE
outliertree	542	cran	FALSE
benchdamic	541	bioc_fallback_rank	FALSE
docxtractr	541	cran	FALSE
yaml12	541	cran	FALSE
betaMC	540	cran	FALSE
bgafun	540	bioc_fallback_rank	FALSE
CALIB	539	bioc_fallback_rank	FALSE
hoopR	539	cran	FALSE
NetworkComparisonTest	539	cran	FALSE
sdcMicro	539	cran	FALSE
sensemakr	539	cran	FALSE
difR	538	cran	FALSE
ELViS	538	bioc_fallback_rank	FALSE
spThin	538	cran	FALSE
flowType	537	bioc_fallback_rank	FALSE
koRpus_lang_en	537	cran	FALSE
childsds	536	cran	FALSE
gdalcubes	536	cran	FALSE
MetaboDynamics	536	bioc_fallback_rank	FALSE
prettyGraphs	536	cran	FALSE
webr	536	cran	FALSE
PIUMA	535	bioc_fallback_rank	FALSE
fdth	534	cran	FALSE
plasmut	534	bioc_fallback_rank	FALSE
dataset	533	cran	FALSE
ggrain	533	cran	FALSE
metacore	533	cran	FALSE
RAthena	533	cran	FALSE
RIPSeeker	533	bioc_fallback_rank	FALSE
miniCRAN	532	cran	FALSE
scviR	532	bioc_fallback_rank	FALSE
sentimentr	532	cran	FALSE
SKAT	532	cran	FALSE
MCMCprecision	531	cran	FALSE
ShinyItemAnalysis	531	cran	FALSE
wppExplorer	531	cran	FALSE
xenLite	531	bioc_fallback_rank	FALSE
Coralysis	530	bioc_fallback_rank	FALSE
fanplot	530	cran	FALSE
REddyProc	530	cran	FALSE
regclass	530	cran	FALSE
CPSM	529	bioc_fallback_rank	FALSE
cSEM	529	cran	FALSE
gifti	529	cran	FALSE
runner	529	cran	FALSE
shazam	529	cran	FALSE
statnet	529	cran	FALSE
yarrr	529	cran	FALSE
DuplexDiscovereR	528	bioc_fallback_rank	FALSE
gpboost	528	cran	FALSE
betaSandwich	527	cran	FALSE
ergm_multi	527	cran	FALSE
FoldGO	527	bioc_fallback_rank	FALSE
h3jsr	527	cran	FALSE
lutz	527	cran	FALSE
tmle	527	cran	FALSE
spillR	526	bioc_fallback_rank	FALSE
A3	525	cran	FALSE
radiant_model	525	cran	FALSE
strawr	525	cran	FALSE
TaxSEA	525	bioc_fallback_rank	FALSE
radiant	524	cran	FALSE
TENET	524	bioc_fallback_rank	FALSE
JuliaConnectoR	523	cran	FALSE
marmap	523	cran	FALSE
NCA	523	cran	FALSE
photobiology	523	cran	FALSE
seacarb	523	cran	FALSE
TMSig	523	bioc_fallback_rank	FALSE
duckdbfs	522	cran	FALSE
SNPassoc	522	cran	FALSE
tidyjson	522	cran	FALSE
TSRchitect	522	bioc_fallback_rank	FALSE
BreastSubtypeR	521	bioc_fallback_rank	FALSE
GUniFrac	521	cran	FALSE
move2	521	cran	FALSE
vpc	521	cran	FALSE
compSPOT	520	bioc_fallback_rank	FALSE
ggfx	520	cran	FALSE
crupR	519	bioc_fallback_rank	FALSE
pathVar	518	bioc_fallback_rank	FALSE
pgxRpi	517	bioc_fallback_rank	FALSE
quanteda_textmodels	517	cran	FALSE
cld3	516	cran	FALSE
PMA	516	cran	FALSE
SEraster	516	bioc_fallback_rank	FALSE
sweep	516	cran	FALSE
tidyfst	516	cran	FALSE
DNAcycP2	515	bioc_fallback_rank	FALSE
ipeadatar	515	cran	FALSE
surveillance	515	cran	FALSE
fMultivar	514	cran	FALSE
mapiso	514	cran	FALSE
RFLOMICS	514	bioc_fallback_rank	FALSE
arcgislayers	513	cran	FALSE
rhinotypeR	513	bioc_fallback_rank	FALSE
wallace	513	cran	FALSE
asremlPlus	512	cran	FALSE
enviPat	512	cran	FALSE
nestcolor	512	cran	FALSE
ROI_plugin_qpoases	512	cran	FALSE
rTensor	512	cran	FALSE
terapadog	512	bioc_fallback_rank	FALSE
crumblr	511	bioc_fallback_rank	FALSE
isva	511	cran	FALSE
leafpm	511	cran	FALSE
OncoBayes2	511	cran	FALSE
tomledit	511	cran	FALSE
aweek	510	cran	FALSE
evir	510	cran	FALSE
GGIRread	510	cran	FALSE
ggtreeSpace	510	bioc_fallback_rank	FALSE
ridge	510	cran	FALSE
GISPA	509	bioc_fallback_rank	FALSE
tidypredict	509	cran	FALSE
Macarron	508	bioc_fallback_rank	FALSE
GSA	507	cran	FALSE
oompaData	507	cran	FALSE
spoon	507	bioc_fallback_rank	FALSE
vetiver	507	cran	FALSE
mkin	506	cran	FALSE
TarSeqQC	506	bioc_fallback_rank	FALSE
TSAR	505	bioc_fallback_rank	FALSE
europepmc	504	cran	FALSE
StatMatch	504	cran	FALSE
turner	504	cran	FALSE
vmrseq	504	bioc_fallback_rank	FALSE
EBSeqHMM	503	bioc_fallback_rank	FALSE
Rlabkey	503	cran	FALSE
PolySTest	502	bioc_fallback_rank	FALSE
smoppix	501	bioc_fallback_rank	FALSE
BAT	500	cran	FALSE
ExPosition	500	cran	FALSE
fishmethods	500	cran	FALSE
gdalraster	500	cran	FALSE
htSeqTools	500	bioc_fallback_rank	FALSE
metacoder	500	cran	FALSE
betaNB	499	cran	FALSE
GSODR	499	cran	FALSE
smoothclust	499	bioc_fallback_rank	FALSE
wCorr	499	cran	FALSE
xpose	499	cran	FALSE
bigsparser	498	cran	FALSE
fiery	498	cran	FALSE
hyperSpec	498	cran	FALSE
PepSetTest	498	bioc_fallback_rank	FALSE
autothresholdr	497	cran	FALSE
scoup	497	bioc_fallback_rank	FALSE
sundialr	497	cran	TRUE
symmoments	497	cran	FALSE
teal_logger	497	cran	FALSE
khroma	496	cran	FALSE
REdaS	496	cran	FALSE
squallms	496	bioc_fallback_rank	FALSE
tidyxl	496	cran	FALSE
dodgr	495	cran	FALSE
zitools	495	bioc_fallback_rank	FALSE
barbieQ	494	bioc_fallback_rank	FALSE
EpiModel	494	cran	FALSE
latexpdf	494	cran	FALSE
queueing	494	cran	FALSE
wktmo	494	cran	FALSE
ConnectednessApproach	493	cran	FALSE
ctsem	493	cran	FALSE
eeptools	493	cran	FALSE
HuBMAPR	493	bioc_fallback_rank	FALSE
wpa	493	cran	FALSE
biocroxytest	492	bioc_fallback_rank	FALSE
ggmulti	492	cran	FALSE
RcppDE	492	cran	FALSE
spacyr	492	cran	FALSE
CausalQueries	491	cran	FALSE
deaR	491	cran	FALSE
islify	491	bioc_fallback_rank	FALSE
L1pack	491	cran	FALSE
rfPermute	491	cran	FALSE
Distance	490	cran	FALSE
Pirat	490	bioc_fallback_rank	FALSE
sciplot	490	cran	FALSE
colorRamp2	489	cran	FALSE
JGR	489	cran	FALSE
pgenlibr	489	cran	FALSE
PSICQUIC	489	bioc_fallback_rank	FALSE
AzureKusto	488	cran	FALSE
chevreulPlot	488	bioc_fallback_rank	FALSE
cpm	488	cran	FALSE
gitlabr	488	cran	FALSE
RTMB	488	cran	FALSE
vistime	488	cran	FALSE
distill	487	cran	FALSE
gINTomics	487	bioc_fallback_rank	FALSE
Rlof	487	cran	FALSE
ChoiceModelR	486	cran	FALSE
ctv	486	cran	FALSE
deltaPlotR	486	cran	FALSE
moderndive	486	cran	FALSE
MotifPeeker	486	bioc_fallback_rank	FALSE
QRscore	485	bioc_fallback_rank	FALSE
RcppBDT	484	cran	FALSE
scHiCcompare	484	bioc_fallback_rank	FALSE
WaveletComp	484	cran	FALSE
hdm	483	cran	FALSE
metatools	483	cran	FALSE
SpaceTrooper	483	bioc_fallback_rank	FALSE
ClustOfVar	482	cran	FALSE
modsem	482	cran	FALSE
rly	482	cran	FALSE
SpectraQL	482	bioc_fallback_rank	FALSE
consort	481	cran	FALSE
eegc	481	bioc_fallback_rank	FALSE
ollamar	481	cran	FALSE
do	480	cran	FALSE
EpipwR	480	bioc_fallback_rank	FALSE
ggseg	480	cran	FALSE
PCDimension	480	cran	FALSE
VGAMdata	480	cran	FALSE
airGR	479	cran	FALSE
knn_covertree	479	cran	FALSE
maptools	479	cran	TRUE
omada	479	bioc_fallback_rank	FALSE
plotthis	479	cran	FALSE
rliger	479	cran	TRUE
doebioresearch	478	cran	FALSE
hutils	478	cran	FALSE
RDAVIDWebService	478	bioc_fallback_rank	FALSE
rerddap	478	cran	FALSE
descriptr	477	cran	FALSE
mlt_docreg	477	cran	FALSE
ngramrr	477	cran	FALSE
pivottabler	477	cran	FALSE
RGalaxy	477	bioc_fallback_rank	FALSE
JADE	476	cran	FALSE
manymome	476	cran	FALSE
runonce	476	cran	FALSE
sads	476	cran	FALSE
tidysbml	476	bioc_fallback_rank	FALSE
DSMolgenisArmadillo	475	cran	FALSE
ompr	475	cran	FALSE
ROI_plugin_symphony	475	cran	FALSE
StepReg	475	cran	FALSE
teal_data	475	cran	FALSE
XeniumIO	475	bioc_fallback_rank	FALSE
crisprShiny	474	bioc_fallback_rank	FALSE
gWidgets2	474	cran	FALSE
ipw	474	cran	FALSE
antaresRead	473	cran	FALSE
funOmics	473	bioc_fallback_rank	FALSE
PolynomF	473	cran	FALSE
rfm	473	cran	FALSE
Cyclops	472	cran	FALSE
GET	472	cran	FALSE
geyser	472	bioc_fallback_rank	FALSE
metaSEM	472	cran	FALSE
shinyTree	472	cran	FALSE
simex	472	cran	FALSE
kmcut	471	bioc_fallback_rank	FALSE
compare	470	cran	FALSE
mslp	470	bioc_fallback_rank	FALSE
r5r	470	cran	FALSE
baseline	469	cran	FALSE
BioGA	469	bioc_fallback_rank	FALSE
DataEditR	469	cran	FALSE
logrx	469	cran	FALSE
options	469	cran	FALSE
JMbayes2	468	cran	FALSE
MPAC	468	bioc_fallback_rank	FALSE
AGHmatrix	467	cran	FALSE
rvcheck	467	cran	FALSE
XAItest	467	bioc_fallback_rank	FALSE
caretEnsemble	466	cran	FALSE
ginmappeR	466	bioc_fallback_rank	FALSE
incidence	466	cran	FALSE
NetSimR	466	cran	FALSE
rMVP	466	cran	FALSE
HiClimR	465	cran	FALSE
mbQTL	465	bioc_fallback_rank	FALSE
bacondecomp	464	cran	FALSE
miaDash	464	bioc_fallback_rank	FALSE
recommenderlab	464	cran	FALSE
tryCatchLog	464	cran	FALSE
Polytect	463	bioc_fallback_rank	FALSE
spBayes	463	cran	FALSE
details	462	cran	FALSE
mmap	462	cran	FALSE
survClust	462	bioc_fallback_rank	FALSE
CHNOSZ	461	cran	FALSE
DataVisualizations	461	cran	FALSE
nngeo	461	cran	FALSE
plot_matrix	461	cran	FALSE
psychometric	461	cran	FALSE
tidyFlowCore	461	bioc_fallback_rank	FALSE
CRISPRball	460	bioc_fallback_rank	FALSE
deeplr	460	cran	FALSE
GUILDS	460	cran	FALSE
HLMdiag	460	cran	FALSE
NADA	460	cran	FALSE
SSDforR	460	cran	FALSE
webchem	460	cran	FALSE
dandelionR	459	bioc_fallback_rank	FALSE
modEvA	459	cran	FALSE
CARBayes	458	cran	FALSE
MIGSA	458	bioc_fallback_rank	FALSE
mapgl	457	cran	FALSE
parsermd	457	cran	FALSE
pathfindR	457	cran	FALSE
rigvf	457	bioc_fallback_rank	FALSE
ScottKnott	457	cran	FALSE
tinyarray	457	cran	FALSE
exiftoolr	456	cran	FALSE
PlackettLuce	456	cran	FALSE
spatialSimGP	456	bioc_fallback_rank	FALSE
wrProteo	456	cran	FALSE
chevreulShiny	455	bioc_fallback_rank	FALSE
GIGrvg	455	cran	FALSE
RcppPlanc	455	cran	TRUE
tidytlg	455	cran	FALSE
ExpressionView	454	bioc_fallback_rank	FALSE
cptcity	453	cran	FALSE
matrixTests	453	cran	FALSE
methVisual	453	bioc_fallback_rank	FALSE
qtl2	453	cran	FALSE
salso	453	cran	FALSE
stbl	453	cran	FALSE
piton	452	cran	FALSE
samr	452	cran	FALSE
SpatialExtremes	452	cran	FALSE
SpidermiR	452	bioc_fallback_rank	FALSE
stplanr	452	cran	FALSE
ChemoSpec	451	cran	FALSE
compartmap	451	bioc_fallback_rank	FALSE
reqres	451	cran	FALSE
ArrayTV	450	bioc_fallback_rank	FALSE
goodpractice	450	cran	FALSE
baguette	449	cran	FALSE
dae	449	cran	FALSE
genphen	449	bioc_fallback_rank	FALSE
subselect	449	cran	FALSE
coxphf	448	cran	FALSE
MetMashR	448	bioc_fallback_rank	FALSE
PopGenReport	448	cran	FALSE
qrnn	448	cran	FALSE
copBasic	447	cran	FALSE
Directional	447	cran	FALSE
regionalpcs	447	bioc_fallback_rank	FALSE
hexSticker	446	cran	FALSE
radiant_basics	446	cran	FALSE
Site2Target	446	bioc_fallback_rank	FALSE
catR	445	cran	FALSE
enetLTS	445	cran	FALSE
ijtiff	445	cran	FALSE
StarBioTrek	445	bioc_fallback_rank	FALSE
DSI	444	cran	FALSE
graphicalVAR	444	cran	FALSE
HiCParser	444	bioc_fallback_rank	FALSE
RCzechia	444	cran	FALSE
BVAR	443	cran	FALSE
file2meco	443	cran	FALSE
imageTCGA	443	bioc_fallback_rank	FALSE
nLTT	443	cran	FALSE
cdata	442	cran	FALSE
latentnet	442	cran	FALSE
motifRG	442	bioc_fallback_rank	FALSE
primes	442	cran	FALSE
quadprogXT	442	cran	FALSE
BEARscc	441	bioc_fallback_rank	FALSE
dynr	441	cran	FALSE
epikit	441	cran	FALSE
FinCal	441	cran	FALSE
glmpca	441	cran	FALSE
mdatools	441	cran	FALSE
teal	441	cran	FALSE
adamethods	440	cran	FALSE
amt	440	cran	FALSE
multiOmicsViz	440	bioc_fallback_rank	FALSE
openNLPdata	440	cran	FALSE
dartR_data	439	cran	FALSE
text	439	cran	FALSE
TrIdent	439	bioc_fallback_rank	FALSE
blocksdesign	438	cran	FALSE
cutpointr	438	cran	FALSE
dbmss	438	cran	FALSE
mist	438	bioc_fallback_rank	FALSE
BAS	437	cran	FALSE
GOplot	437	cran	FALSE
micEcon	437	cran	FALSE
rBayesianOptimization	437	cran	FALSE
SEPIRA	437	bioc_fallback_rank	FALSE
SixSigma	437	cran	FALSE
geigen	436	cran	FALSE
ggseqalign	436	bioc_fallback_rank	FALSE
VCA	436	cran	FALSE
arulesSequences	435	cran	FALSE
BAMMtools	435	cran	FALSE
etwfe	435	cran	FALSE
GRridge	435	bioc_fallback_rank	FALSE
stats19	435	cran	FALSE
BayesPeak	434	bioc_fallback_rank	FALSE
climaemet	434	cran	FALSE
gender	434	cran	FALSE
labelVector	434	cran	FALSE
robotstxt	434	cran	FALSE
RStoolbox	434	cran	FALSE
explore	433	cran	FALSE
gaia	433	bioc_fallback_rank	FALSE
missMethods	433	cran	FALSE
stylo	433	cran	FALSE
crossdes	432	cran	FALSE
HiCool	432	bioc_fallback_rank	FALSE
reproj	432	cran	FALSE
routr	432	cran	FALSE
statsr	432	cran	FALSE
WVPlots	432	cran	FALSE
phemd	431	bioc_fallback_rank	FALSE
Quandl	431	cran	FALSE
textrecipes	431	cran	FALSE
BioSeqClass	430	bioc_fallback_rank	FALSE
polyCub	430	cran	FALSE
broadSeq	429	bioc_fallback_rank	FALSE
GDINA	429	cran	FALSE
qgcomp	429	cran	FALSE
xrf	429	cran	FALSE
DNEA	428	bioc_fallback_rank	FALSE
ggRandomForests	428	cran	FALSE
backbone	427	cran	FALSE
fPortfolio	427	cran	FALSE
genotypeeval	427	bioc_fallback_rank	FALSE
pwrss	427	cran	FALSE
remote	427	cran	FALSE
rioja	427	cran	FALSE
swfscMisc	427	cran	FALSE
teal_code	427	cran	FALSE
climate	426	cran	FALSE
PAPi	426	bioc_fallback_rank	FALSE
tmcn	426	cran	FALSE
SQUADD	425	bioc_fallback_rank	FALSE
textutils	425	cran	FALSE
FCBF	424	bioc_fallback_rank	FALSE
pagoda2	424	cran	FALSE
seededlda	424	cran	FALSE
Lheuristic	423	bioc_fallback_rank	FALSE
SCpubr	423	cran	FALSE
arulesCBA	422	cran	FALSE
btw	422	cran	FALSE
gdm	422	cran	FALSE
lrstat	422	cran	FALSE
mdgsa	422	bioc_fallback_rank	FALSE
radiant_design	422	cran	FALSE
FSAdata	421	cran	FALSE
kyotil	421	cran	FALSE
qdap	421	cran	FALSE
rDGIdb	421	bioc_fallback_rank	FALSE
rmumps	421	cran	FALSE
shinyMatrix	421	cran	FALSE
simstudy	421	cran	FALSE
swissparl	421	cran	FALSE
vegclust	421	cran	FALSE
CodelistGenerator	420	cran	FALSE
dexus	420	bioc_fallback_rank	FALSE
gridify	420	cran	FALSE
PatientProfiles	420	cran	FALSE
rcdf	420	cran	FALSE
AgroR	419	cran	FALSE
KEGGprofile	419	bioc_fallback_rank	FALSE
basemaps	418	cran	FALSE
benford_analysis	418	cran	FALSE
buildmer	418	cran	FALSE
MCRestimate	418	bioc_fallback_rank	FALSE
unbalanced	418	cran	FALSE
datasauRus	417	cran	FALSE
idefix	417	cran	FALSE
miaTime	417	bioc_fallback_rank	FALSE
worldfootballR	417	cran	FALSE
BiocHail	416	bioc_fallback_rank	FALSE
omopgenerics	416	cran	FALSE
Pareto	416	cran	FALSE
roxyglobals	416	cran	FALSE
fivethirtyeight	415	cran	FALSE
GenoGAM	415	bioc_fallback_rank	FALSE
GJRM	415	cran	FALSE
inti	415	cran	FALSE
rSpectral	415	cran	FALSE
tsoutliers	415	cran	FALSE
binsreg	414	cran	FALSE
infectiousR	414	cran	FALSE
LMMsolver	414	cran	FALSE
NarrowPeaks	414	bioc_fallback_rank	FALSE
noctua	414	cran	FALSE
seqminer	414	cran	FALSE
zen4R	414	cran	FALSE
hdf5r_Extra	413	cran	TRUE
HumanTranscriptomeCompendium	413	bioc_fallback_rank	FALSE
overlap	413	cran	FALSE
immunogenViewer	412	bioc_fallback_rank	FALSE
shiny_tailwind	412	cran	FALSE
groundhog	411	cran	FALSE
ompr_roi	411	cran	FALSE
pharmaversesdtm	411	cran	FALSE
scafari	411	bioc_fallback_rank	FALSE
sdcTable	411	cran	FALSE
SPAtest	411	cran	FALSE
tuber	411	cran	FALSE
cancensus	410	cran	FALSE
crisprseekplus	410	bioc_fallback_rank	FALSE
imagefluency	410	cran	FALSE
lmPerm	410	cran	FALSE
multinma	410	cran	FALSE
M3D	409	bioc_fallback_rank	FALSE
RcmdrPlugin_DoE	409	cran	FALSE
biwavelet	408	cran	FALSE
CAnD	408	bioc_fallback_rank	FALSE
colorfindr	408	cran	FALSE
medicaldata	408	cran	FALSE
nonlinearTseries	408	cran	FALSE
polite	408	cran	FALSE
RcppCGAL	408	cran	FALSE
gglasso	407	cran	FALSE
highlight	407	cran	FALSE
metavizr	407	bioc_fallback_rank	FALSE
paleotree	407	cran	FALSE
pharmaverseadam	407	cran	FALSE
stlplus	407	cran	FALSE
sunburstR	407	cran	FALSE
survivalsvm	407	cran	TRUE
word2vec	407	cran	FALSE
auk	406	cran	FALSE
chromswitch	406	bioc_fallback_rank	FALSE
emoji	406	cran	FALSE
gWidgets2tcltk	406	cran	FALSE
mctest	406	cran	FALSE
mrds	406	cran	FALSE
RcppCNPy	406	cran	FALSE
smbinning	406	cran	FALSE
BFS	405	cran	FALSE
CompGO	405	bioc_fallback_rank	FALSE
gg_gap	405	cran	FALSE
PROJ	405	cran	FALSE
Quartet	405	cran	FALSE
chngpt	404	cran	FALSE
HVP	404	bioc_fallback_rank	FALSE
longpower	404	cran	FALSE
MolgenisArmadillo	404	cran	FALSE
printr	404	cran	FALSE
rdist	404	cran	FALSE
spiderbar	404	cran	FALSE
spsurvey	404	cran	FALSE
arcpbf	403	cran	FALSE
proFIA	403	bioc_fallback_rank	FALSE
roperators	403	cran	FALSE
SSBtools	403	cran	FALSE
zipcodeR	403	cran	FALSE
AnnotationFuncs	402	bioc_fallback_rank	FALSE
bde	402	cran	FALSE
designmatch	402	cran	FALSE
immundata	402	cran	FALSE
treeshap	402	cran	FALSE
batchCorr	401	bioc_fallback_rank	FALSE
EMMREML	401	cran	FALSE
rafalib	401	cran	FALSE
vegawidget	401	cran	FALSE
cartography	400	cran	FALSE
easy_utils	400	cran	FALSE
grateful	400	cran	FALSE
scQTLtools	400	bioc_fallback_rank	FALSE
cellGrowth	399	bioc_fallback_rank	FALSE
dsBaseClient	399	cran	FALSE
shinycustomloader	399	cran	FALSE
BrainStars	398	bioc_fallback_rank	FALSE
diagonals	398	cran	FALSE
grates	398	cran	FALSE
lsei	398	cran	FALSE
mmand	398	cran	FALSE
ActCR	397	cran	FALSE
bigrquerystorage	397	cran	FALSE
CopernicusMarine	397	cran	FALSE
cotram	397	cran	FALSE
ELBOW	397	bioc_fallback_rank	FALSE
rextendr	397	cran	FALSE
wrGraph	397	cran	FALSE
bayesTFR	396	cran	FALSE
BGmisc	396	cran	FALSE
nudge	396	bioc_fallback_rank	FALSE
shiny_gosling	395	bioc_fallback_rank	FALSE
udunits2	395	cran	FALSE
DSOpal	394	cran	FALSE
fcoex	394	bioc_fallback_rank	FALSE
googleLanguageR	394	cran	FALSE
shinyLP	394	cran	FALSE
bigPint	393	bioc_fallback_rank	FALSE
leaflet_minicharts	393	cran	FALSE
rdacca_hp	393	cran	FALSE
tramME	393	cran	FALSE
easypackages	392	cran	FALSE
lefko3	392	cran	FALSE
Roleswitch	392	bioc_fallback_rank	FALSE
apexcharter	391	cran	FALSE
gllvm	391	cran	FALSE
LipidTrend	391	bioc_fallback_rank	FALSE
migraph	391	cran	FALSE
s20x	391	cran	FALSE
BAwiR	390	cran	FALSE
BEDMatrix	390	cran	FALSE
ChannelAttribution	390	cran	FALSE
ComICS	390	cran	FALSE
diveMove	390	cran	FALSE
notame	390	bioc_fallback_rank	FALSE
seqmagick	390	cran	FALSE
SpatialEpi	390	cran	FALSE
telegram_bot	390	cran	FALSE
BIOMASS	389	cran	FALSE
CARBayesdata	389	cran	FALSE
DeeDeeExperiment	389	bioc_fallback_rank	FALSE
drgee	389	cran	FALSE
fExtremes	389	cran	FALSE
FRK	389	cran	FALSE
gtfsio	389	cran	FALSE
winch	389	cran	FALSE
GetTDData	388	cran	FALSE
IdMappingAnalysis	388	bioc_fallback_rank	FALSE
jmvReadWrite	388	cran	FALSE
locpol	388	cran	FALSE
nricens	388	cran	FALSE
soilphysics	388	cran	FALSE
tidyHeatmap	388	cran	FALSE
abc	387	cran	FALSE
CSSP	387	bioc_fallback_rank	FALSE
csv	387	cran	FALSE
MicrobiomeStat	387	cran	FALSE
rdwd	387	cran	FALSE
Rook	387	cran	FALSE
soiltexture	387	cran	FALSE
sparklyr_nested	387	cran	FALSE
xpose4	387	cran	FALSE
argparser	386	cran	FALSE
dipsaus	386	cran	FALSE
enrichTF	386	bioc_fallback_rank	FALSE
scoringutils	386	cran	FALSE
genieclust	385	cran	FALSE
gVenn	385	bioc_fallback_rank	FALSE
bigleaf	384	cran	FALSE
jskm	384	cran	FALSE
SISPA	384	bioc_fallback_rank	FALSE
univariateML	384	cran	FALSE
worldmet	384	cran	FALSE
zyp	384	cran	FALSE
BioNetStat	383	bioc_fallback_rank	FALSE
JWileymisc	383	cran	FALSE
MKdescr	383	cran	FALSE
SpaDES_core	383	cran	FALSE
bfast	382	cran	FALSE
cellmig	382	bioc_fallback_rank	FALSE
deming	382	cran	FALSE
geometa	382	cran	FALSE
listcomp	382	cran	FALSE
Rdimtools	382	cran	FALSE
rEDM	382	cran	FALSE
cartogram	381	cran	FALSE
clonotypeR	381	bioc_fallback_rank	FALSE
MAPA	381	cran	FALSE
MKmisc	381	cran	FALSE
cbsodataR	380	cran	FALSE
coarseDataTools	380	cran	FALSE
OmicsMLRepoR	380	bioc_fallback_rank	FALSE
RPresto	380	cran	FALSE
tidyvpc	380	cran	FALSE
anticlust	379	cran	FALSE
bayesrules	379	cran	FALSE
Chromatograms	379	bioc_fallback_rank	FALSE
dgof	379	cran	FALSE
mmod	379	cran	FALSE
Rogue	379	cran	FALSE
seastests	379	cran	FALSE
trustOptim	379	cran	FALSE
cffdrs	378	cran	FALSE
pliman	378	cran	FALSE
RchyOptimyx	378	bioc_fallback_rank	FALSE
dream	377	cran	FALSE
MetaVolcanoR	377	bioc_fallback_rank	FALSE
airGRteaching	376	cran	FALSE
opencpu	376	cran	FALSE
scsR	376	bioc_fallback_rank	FALSE
BuyseTest	375	cran	FALSE
stPipe	375	bioc_fallback_rank	FALSE
anglemania	374	bioc_fallback_rank	FALSE
apsimx	374	cran	FALSE
basedosdados	374	cran	FALSE
bcp	374	cran	TRUE
blorr	374	cran	FALSE
ggPMX	374	cran	FALSE
AlphaSimR	373	cran	FALSE
deco	373	bioc_fallback_rank	FALSE
emdi	373	cran	FALSE
RandomFields	373	cran	TRUE
ROI_plugin_quadprog	373	cran	FALSE
WeightedCluster	373	cran	FALSE
flowQB	372	bioc_fallback_rank	FALSE
RoBMA	372	cran	FALSE
rsq	372	cran	FALSE
sequoia	372	cran	FALSE
shelter	372	cran	FALSE
simmr	372	cran	FALSE
biostat3	371	cran	FALSE
DEComplexDisease	371	bioc_fallback_rank	FALSE
knitrBootstrap	371	cran	FALSE
NonCompart	371	cran	FALSE
pmsampsize	371	cran	FALSE
resourcer	371	cran	FALSE
RMTstat	371	cran	FALSE
ssdtools	371	cran	FALSE
DSLite	370	cran	FALSE
edeaR	370	cran	FALSE
gWQS	370	cran	FALSE
pathMED	370	bioc_fallback_rank	FALSE
thisplot	370	cran	FALSE
bpcp	369	cran	FALSE
gdalUtilities	369	cran	FALSE
ows4R	369	cran	FALSE
POT	369	cran	FALSE
sparseDOSSA	369	bioc_fallback_rank	FALSE
thisutils	369	cran	FALSE
anesrake	368	cran	FALSE
dlstats	368	cran	FALSE
NMdata	368	cran	FALSE
radiant_multivariate	368	cran	FALSE
rcheology	368	cran	FALSE
DspikeIn	367	bioc_fallback_rank	FALSE
Hotelling	367	cran	FALSE
instantiate	367	cran	FALSE
ciftiTools	366	cran	FALSE
inSilicoDb	366	bioc_fallback_rank	FALSE
konfound	366	cran	FALSE
oaxaca	366	cran	FALSE
qicharts2	366	cran	FALSE
qlcal	366	cran	FALSE
Umatrix	366	cran	FALSE
MarketMatching	365	cran	FALSE
MSstatsResponse	365	bioc_fallback_rank	FALSE
nominatimlite	365	cran	FALSE
polyglotr	365	cran	FALSE
ADAPT	364	bioc_fallback_rank	FALSE
crmn	364	cran	FALSE
MODISTools	364	cran	FALSE
pysparklyr	364	cran	FALSE
rptR	364	cran	FALSE
rtoot	364	cran	FALSE
bcdata	363	cran	FALSE
CalibrationCurves	363	cran	FALSE
HiCPotts	363	bioc_fallback_rank	FALSE
ngram	363	cran	FALSE
Rd2roxygen	363	cran	FALSE
bioRad	362	cran	FALSE
compareC	362	cran	FALSE
ddpcr	362	cran	FALSE
eoffice	362	cran	FALSE
EpiEstim	362	cran	FALSE
gamlss_cens	362	cran	FALSE
label_switching	362	cran	FALSE
Lock5Data	362	cran	FALSE
multinet	362	cran	FALSE
mutscan	362	bioc_fallback_rank	FALSE
photobiologyInOut	362	cran	FALSE
PTXQC	362	cran	FALSE
shinybrowser	362	cran	FALSE
socialmixr	362	cran	FALSE
causalweight	361	cran	FALSE
openPrimeRui	361	bioc_fallback_rank	FALSE
venneuler	361	cran	FALSE
bsvars	360	cran	FALSE
cansim	360	cran	FALSE
collapsibleTree	360	cran	FALSE
cosinor	360	cran	FALSE
fossil	360	cran	FALSE
IMTest	360	cran	FALSE
malariaAtlas	360	cran	FALSE
nakagami	360	cran	FALSE
rapiclient	360	cran	FALSE
strap	360	cran	FALSE
traviz	360	bioc_fallback_rank	FALSE
alabaster_sfe	359	bioc_fallback_rank	FALSE
BFpack	359	cran	FALSE
genio	359	cran	FALSE
httk	359	cran	FALSE
MetricsWeighted	359	cran	FALSE
scpi	359	cran	FALSE
simIReff	359	cran	FALSE
stddiff	359	cran	FALSE
Superpower	359	cran	FALSE
cNORM	358	cran	FALSE
CountClust	358	bioc_fallback_rank	FALSE
ggvegan	358	cran	FALSE
mapsPERU	358	cran	FALSE
sdtm_oak	358	cran	FALSE
GCSscore	357	bioc_fallback_rank	FALSE
IncDTW	357	cran	FALSE
openeo	357	cran	FALSE
rollama	357	cran	FALSE
wordspace	357	cran	FALSE
available	356	cran	FALSE
birk	356	cran	FALSE
geofacet	356	cran	FALSE
lordif	356	cran	FALSE
pcaGoPromoter	356	bioc_fallback_rank	FALSE
rgeos	356	cran	TRUE
scan	356	cran	FALSE
colorSpec	355	cran	FALSE
FlowRepositoryR	355	bioc_fallback_rank	FALSE
PracTools	355	cran	FALSE
ptw	355	cran	FALSE
svars	355	cran	FALSE
inveRsion	354	bioc_fallback_rank	FALSE
nnTensor	354	cran	FALSE
odin	354	cran	FALSE
ratdat	354	cran	FALSE
solartime	354	cran	FALSE
microSTASIS	353	bioc_fallback_rank,cran	FALSE
ragnar	353	cran	FALSE
libr	352	cran	FALSE
NMOF	352	cran	FALSE
nonmemica	352	cran	FALSE
notameViz	352	bioc_fallback_rank	FALSE
prioritizrdata	352	cran	FALSE
AnnoProbe	351	cran	FALSE
careless	351	cran	FALSE
dataPreparation	351	cran	FALSE
gets	351	cran	FALSE
proceduralnames	351	cran	FALSE
Rborist	351	cran	FALSE
RSAGA	351	cran	FALSE
accessibility	350	cran	FALSE
bayesdfa	350	cran	FALSE
biomartr	350	cran	FALSE
chillR	350	cran	FALSE
fastGraph	350	cran	FALSE
FCPS	350	cran	FALSE
ggplate	350	cran	FALSE
QTLRel	350	cran	FALSE
rgoogleads	350	cran	FALSE
rintcal	350	cran	FALSE
shinytoastr	350	cran	FALSE
STADyUM	350	bioc_fallback_rank	FALSE
abbreviate	349	cran	FALSE
ASRgenomics	349	cran	FALSE
biosvd	349	bioc_fallback_rank	FALSE
FeatureExtraction	349	cran	FALSE
generalhoslem	349	cran	FALSE
geofi	349	cran	FALSE
gRim	349	cran	FALSE
IRISSeismic	349	cran	FALSE
nlraa	349	cran	FALSE
psychmeta	349	cran	FALSE
sarima	349	cran	FALSE
semptools	349	cran	FALSE
cpfa	348	cran	FALSE
DIAlignR	348	bioc_fallback_rank	FALSE
emplik	348	cran	FALSE
geonames	348	cran	FALSE
itsmr	348	cran	FALSE
dataquieR	347	cran	FALSE
frontmatter	347	cran	FALSE
outbreaks	347	cran	FALSE
prais	347	cran	FALSE
anthro	346	cran	FALSE
FedData	346	cran	FALSE
irrCAC	346	cran	FALSE
LineagePulse	346	bioc_fallback_rank	FALSE
mdsr	346	cran	FALSE
MolgenisAuth	346	cran	FALSE
monomvn	346	cran	FALSE
stdbscan	346	cran	FALSE
symphony	346	cran	FALSE
blandr	345	cran	FALSE
GetDFPData2	345	cran	FALSE
ggseg_formats	345	cran	FALSE
gMCP	345	cran	FALSE
lightr	345	cran	FALSE
lomb	345	cran	FALSE
MKinfer	345	cran	FALSE
reghelper	345	cran	FALSE
RRphylo	345	cran	FALSE
trimcluster	345	cran	FALSE
warbleR	345	cran	FALSE
faux	344	cran	FALSE
frequencyConnectedness	344	cran	FALSE
SAMtool	344	cran	FALSE
SanityR	344	bioc_fallback_rank	FALSE
and	343	cran	FALSE
aws	343	cran	FALSE
bupaR	343	cran	FALSE
dartR_base	343	cran	FALSE
FielDHub	343	cran	FALSE
filesstrings	343	cran	FALSE
maotai	343	cran	FALSE
triform	343	bioc_fallback_rank	FALSE
tsutils	343	cran	FALSE
workflowr	343	cran	FALSE
atime	342	cran	FALSE
exifr	342	cran	FALSE
forestmangr	342	cran	FALSE
HiCaptuRe	342	bioc_fallback_rank	FALSE
lspline	342	cran	FALSE
qgisprocess	342	cran	FALSE
survIDINRI	342	cran	FALSE
cinterpolate	341	cran	FALSE
dialrjars	341	cran	FALSE
optiSel	341	cran	FALSE
PAnnBuilder	341	bioc_fallback_rank	FALSE
tidytransit	341	cran	FALSE
BayesTools	340	cran	FALSE
CohortConstructor	340	cran	FALSE
daewr	340	cran	FALSE
idiogramFISH	340	cran	FALSE
incidence2	340	cran	FALSE
LDlinkR	340	cran	FALSE
librarian	340	cran	FALSE
lpirfs	340	cran	FALSE
nadiv	340	cran	FALSE
SingleCaseES	340	cran	FALSE
BayesTree	339	cran	FALSE
condMVNorm	339	cran	FALSE
munsellinterpol	339	cran	FALSE
RNAprobR	339	bioc_fallback_rank	FALSE
abess	338	cran	FALSE
gimme	338	cran	FALSE
humaniformat	338	cran	FALSE
spARI	338	bioc_fallback_rank	FALSE
anomalize	337	cran	FALSE
JavaGD	337	cran	FALSE
procs	337	cran	FALSE
SuperCellCyto	337	bioc_fallback_rank	FALSE
wdpar	337	cran	FALSE
CellaRepertorium	336	bioc_fallback_rank	FALSE
smerc	336	cran	FALSE
tablet	336	cran	FALSE
tmbstan	336	cran	FALSE
TreeSearch	336	cran	FALSE
biscale	335	cran	FALSE
detrendr	335	cran	FALSE
docstring	335	cran	FALSE
IPDfromKM	335	cran	FALSE
multiplex	335	cran	FALSE
neonUtilities	335	cran	FALSE
PanViz	335	bioc_fallback_rank	FALSE
rinat	335	cran	FALSE
RSclient	335	cran	FALSE
tidyBdE	335	cran	FALSE
edfReader	334	cran	FALSE
iscream	334	bioc_fallback_rank	FALSE
multipol	334	cran	FALSE
PRECAST	334	cran	FALSE
SomaDataIO	334	cran	FALSE
BDMMAcorrect	333	bioc_fallback_rank	FALSE
cleaner	333	cran	FALSE
crochet	333	cran	FALSE
fastai	333	cran	FALSE
parglm	333	cran	FALSE
PriceIndices	333	cran	FALSE
semPower	333	cran	FALSE
SNFtool	333	cran	FALSE
svs	333	cran	FALSE
Bioc_gff	332	bioc_fallback_rank	FALSE
fAssets	332	cran	FALSE
graphql	332	cran	FALSE
jsmodule	332	cran	FALSE
seqHMM	332	cran	FALSE
shinylogs	332	cran	FALSE
sigmoid	332	cran	FALSE
visOmopResults	332	cran	FALSE
yamlet	332	cran	FALSE
asht	331	cran	FALSE
coexnet	331	bioc_fallback_rank	FALSE
crew_cluster	331	cran	FALSE
exampletestr	331	cran	FALSE
pmxTools	331	cran	FALSE
RcmdrPlugin_UCA	331	cran	FALSE
BEKKs	330	cran	FALSE
circumplex	330	cran	FALSE
colorBlindness	330	cran	FALSE
flowchart	330	cran	FALSE
multidplyr	330	cran	FALSE
NeuCA	330	bioc_fallback_rank	FALSE
pkgnet	330	cran	FALSE
ymlthis	330	cran	FALSE
AWAggregator	329	bioc_fallback_rank	FALSE
CCAMLRGIS	329	cran	FALSE
dendroTools	329	cran	FALSE
disordR	329	cran	FALSE
gander	329	cran	FALSE
ggarchery	329	cran	FALSE
ggHoriPlot	329	cran	FALSE
MomTrunc	329	cran	FALSE
popbio	329	cran	FALSE
priceR	329	cran	FALSE
blase	328	bioc_fallback_rank	FALSE
discretization	328	cran	FALSE
mixlm	328	cran	FALSE
mixture	328	cran	FALSE
PropCIs	328	cran	FALSE
simecol	328	cran	FALSE
varhandle	328	cran	FALSE
CSOA	327	bioc_fallback_rank	FALSE
CSTools	327	cran	FALSE
LSX	327	cran	FALSE
packageRank	327	cran	FALSE
pbdMPI	327	cran	FALSE
SLOPE	327	cran	FALSE
autoReg	326	cran	FALSE
coda_base	326	cran	FALSE
netdiffuseR	326	cran	FALSE
osfr	326	cran	FALSE
PERFect	326	bioc_fallback_rank	FALSE
powerSurvEpi	326	cran	FALSE
ProjectTemplate	326	cran	FALSE
crsmeta	325	cran	FALSE
dynwrap	325	cran	FALSE
entropart	325	cran	FALSE
ggdensity	325	cran	FALSE
PMScanR	325	bioc_fallback_rank	FALSE
recosystem	325	cran	FALSE
fueleconomy	324	cran	FALSE
HMM	324	cran	FALSE
imbalance	324	cran	FALSE
influential	324	cran	FALSE
liver	324	cran	FALSE
optiSolve	324	cran	FALSE
pavo	324	cran	FALSE
Polyfit	324	bioc_fallback_rank	FALSE
psy	324	cran	FALSE
qmap	324	cran	FALSE
topics	324	cran	FALSE
biganalytics	323	cran	FALSE
cliapp	323	cran	FALSE
compound_Cox	323	cran	FALSE
hpa	323	cran	FALSE
MMWRweek	323	cran	FALSE
ndtv	323	cran	FALSE
scLANE	323	bioc_fallback_rank	FALSE
tiler	323	cran	FALSE
treeclim	323	cran	FALSE
goeveg	322	cran	FALSE
isa2	322	cran	FALSE
MSEtool	322	cran	FALSE
risksetROC	322	cran	FALSE
spatialrisk	322	cran	FALSE
SPICEY	322	bioc_fallback_rank	FALSE
AdaptGauss	321	cran	FALSE
compareDF	321	cran	FALSE
lmhelprs	321	cran	FALSE
rice	321	cran	FALSE
Vega	321	bioc_fallback_rank	FALSE
vitae	321	cran	FALSE
brainflowprobes	320	bioc_fallback_rank	FALSE
comtradr	320	cran	FALSE
conos	320	cran	FALSE
datarobot	320	cran	FALSE
openNLP	320	cran	FALSE
RcppEnsmallen	320	cran	FALSE
rdlocrand	320	cran	FALSE
rje	320	cran	FALSE
tcpl	320	cran	FALSE
bcrypt	319	cran	FALSE
bkmr	319	cran	FALSE
configr	319	cran	FALSE
feature	319	cran	FALSE
IncidencePrevalence	319	cran	FALSE
iterClust	319	bioc_fallback_rank	FALSE
lzstring	319	cran	FALSE
sdm	319	cran	FALSE
cpp11armadillo	318	cran	FALSE
ggOceanMaps	318	cran	FALSE
markeR	318	bioc_fallback_rank	FALSE
PredictABEL	318	cran	FALSE
RcppMeCab	318	cran	FALSE
robotoolbox	318	cran	FALSE
BatchGetSymbols	317	cran	FALSE
bskyr	317	cran	FALSE
dispRity	317	cran	FALSE
fCopulae	317	cran	FALSE
ggspectra	317	cran	FALSE
homals	317	cran	FALSE
LMest	317	cran	FALSE
medflex	317	cran	FALSE
SETA	317	bioc_fallback_rank	FALSE
sfdep	317	cran	FALSE
bindata	316	cran	FALSE
icarus	316	cran	FALSE
nlsr	316	cran	FALSE
tramvs	316	cran	FALSE
vapour	316	cran	FALSE
CoxBoost	315	cran	FALSE
cv	315	cran	FALSE
PloGO2	315	bioc_fallback_rank	FALSE
TmCalculator	315	cran	FALSE
cheapr	314	cran	FALSE
cosinor2	314	cran	FALSE
ensembleBMA	314	cran	FALSE
GESE	314	cran	FALSE
psychonetrics	314	cran	FALSE
querychat	314	cran	FALSE
raptr	314	cran	FALSE
Rcollectl	314	bioc_fallback_rank	FALSE
scatterD3	314	cran	FALSE
spdl	314	cran	FALSE
StAMPP	314	cran	FALSE
Delaporte	313	cran	FALSE
gdverse	313	cran	FALSE
httpcache	313	cran	FALSE
IsoplotR	313	cran	FALSE
portalr	313	cran	FALSE
sdcHierarchies	313	cran	FALSE
spotSegmentation	313	bioc_fallback_rank	FALSE
tiledb	313	cran	TRUE
xaringanExtra	313	cran	FALSE
anansi	312	bioc_fallback_rank	FALSE
aster	312	cran	FALSE
brulee	312	cran	FALSE
csodata	312	cran	FALSE
easyanova	312	cran	FALSE
ecb	312	cran	FALSE
Eunomia	312	cran	FALSE
glmmrBase	312	cran	FALSE
jackalope	312	cran	FALSE
L0Learn	312	cran	FALSE
lgcp	312	cran	FALSE
r2r	312	cran	FALSE
Rdsdp	312	cran	FALSE
sparr	312	cran	FALSE
support_CEs	312	cran	FALSE
agricolaeplotr	311	cran	FALSE
analogsea	311	cran	FALSE
BioMM	311	bioc_fallback_rank	FALSE
dHSIC	311	cran	FALSE
ghql	311	cran	FALSE
mblm	311	cran	FALSE
mousetrap	311	cran	FALSE
ordinalNet	311	cran	FALSE
pdfetch	311	cran	FALSE
spotifyr	311	cran	FALSE
deadwood	310	cran	FALSE
glinternet	310	cran	FALSE
hisse	310	cran	FALSE
link2GI	310	cran	FALSE
MetaDICT	310	bioc_fallback_rank	FALSE
nflfastR	310	cran	FALSE
phylogram	310	cran	FALSE
shrinkTVP	310	cran	FALSE
spmodel	310	cran	FALSE
survdistr	310	cran	FALSE
tramnet	310	cran	FALSE
TripleR	310	cran	FALSE
valdr	310	cran	FALSE
yfR	310	cran	FALSE
crqa	309	cran	FALSE
futurize	309	cran	FALSE
hdnom	309	cran	FALSE
MazamaSpatialUtils	309	cran	FALSE
metagenomeFeatures	309	bioc_fallback_rank	FALSE
openairmaps	309	cran	FALSE
quitefastmst	309	cran	FALSE
Rapp	309	cran	FALSE
RLT	309	cran	FALSE
spcosa	309	cran	FALSE
BCEA	308	cran	FALSE
conjoint	308	cran	FALSE
downloadthis	308	cran	FALSE
nasaweather	308	cran	FALSE
resemble	308	cran	FALSE
scAlign	308	bioc_fallback_rank	FALSE
supernova	308	cran	FALSE
CalibraCurve	307	bioc_fallback_rank	FALSE
DescToolsAddIns	307	cran	FALSE
modeltime_ensemble	307	cran	FALSE
protti	307	cran	FALSE
qdapTools	307	cran	FALSE
rclsp	307	cran	FALSE
TidyDensity	307	cran	FALSE
Tplyr	307	cran	FALSE
domainsignatures	306	bioc_fallback_rank	FALSE
glmnetr	306	cran	FALSE
matchingMarkets	306	cran	FALSE
NAM	306	cran	FALSE
RTriangle	306	cran	FALSE
timsac	306	cran	FALSE
Bolstad	305	cran	FALSE
ENCODExplorer	305	bioc_fallback_rank	FALSE
functional	305	cran	FALSE
fuzzySim	305	cran	FALSE
GeoModels	305	cran	FALSE
hce	305	cran	FALSE
LogConcDEAD	305	cran	FALSE
manifestoR	305	cran	FALSE
mokken	305	cran	FALSE
shorts	305	cran	FALSE
StMoMo	305	cran	FALSE
tabula	305	cran	FALSE
WeMix	305	cran	FALSE
adbcsqlite	304	cran	FALSE
agua	304	cran	FALSE
datos	304	cran	FALSE
heatwaveR	304	cran	FALSE
iModMix	304	bioc_fallback_rank	FALSE
latentcor	304	cran	FALSE
soilassessment	304	cran	FALSE
vardpoor	304	cran	FALSE
Anthropometry	303	cran	FALSE
discSurv	303	cran	FALSE
looking4clusters	303	bioc_fallback_rank	FALSE
stratification	303	cran	FALSE
binsegRcpp	302	cran	FALSE
densityClust	302	cran	FALSE
micromap	302	cran	FALSE
mlVAR	302	cran	FALSE
netDx	302	bioc_fallback_rank	FALSE
pangaear	302	cran	FALSE
phylopath	302	cran	FALSE
plsdof	302	cran	FALSE
QRM	302	cran	FALSE
regmedint	302	cran	FALSE
rqPen	302	cran	FALSE
sglg	302	cran	FALSE
txtq	302	cran	FALSE
aifeducation	301	cran	FALSE
blockmodeling	301	cran	FALSE
colorscience	301	cran	FALSE
GWalkR	301	cran	FALSE
lme4breeding	301	cran	FALSE
nestedcv	301	cran	FALSE
omicsGMF	301	bioc_fallback_rank	FALSE
PSCBS	301	cran	FALSE
pwt10	301	cran	FALSE
restatapi	301	cran	FALSE
rlog	301	cran	FALSE
SHELF	301	cran	FALSE
AzureContainers	300	cran	FALSE
BayesSUR	300	cran	FALSE
csvread	300	cran	FALSE
ECharts2Shiny	300	cran	FALSE
gamlss_tr	300	cran	FALSE
shinybiocloader	300	bioc_fallback_rank	FALSE
spikeSlabGAM	300	cran	FALSE
immunarch	299	cran	FALSE
PBSddesolve	299	cran	FALSE
PRISMA2020	299	cran	FALSE
seas	299	cran	FALSE
simsurv	299	cran	FALSE
tidysynth	299	cran	FALSE
TimeSeriesExperiment	299	bioc_fallback_rank	FALSE
archivist	298	cran	FALSE
bayesSurv	298	cran	FALSE
difNLR	298	cran	FALSE
DrugExposureDiagnostics	298	cran	FALSE
DynNom	298	cran	FALSE
FAOSTAT	298	cran	FALSE
finnts	298	cran	FALSE
GeneticsDesign	298	bioc_fallback_rank	FALSE
heemod	298	cran	FALSE
iCAMP	298	cran	FALSE
magclass	298	cran	FALSE
signs	298	cran	FALSE
brainGraph	297	cran	FALSE
cartogramR	297	cran	FALSE
deeptimedata	297	cran	FALSE
HTSeqGenie	297	bioc_fallback_rank	FALSE
mfp	297	cran	FALSE
parzer	297	cran	FALSE
read_gt3x	297	cran	FALSE
RestRserve	297	cran	FALSE
SSDM	297	cran	FALSE
ahaz	296	cran	FALSE
BlakerCI	296	cran	FALSE
fsbrain	296	cran	FALSE
MachineShop	296	cran	FALSE
naijR	296	cran	FALSE
pcxn	296	bioc_fallback_rank	FALSE
pkglite	296	cran	FALSE
rags2ridges	296	cran	FALSE
randomForestExplainer	296	cran	FALSE
sassy	296	cran	FALSE
sensobol	296	cran	FALSE
tnet	296	cran	FALSE
WeightedTreemaps	296	cran	FALSE
adjustedCurves	295	cran	FALSE
Bchron	295	cran	FALSE
bigmemoryExtras	295	bioc_fallback_rank	FALSE
datefixR	295	cran	FALSE
fitzRoy	295	cran	FALSE
midasml	295	cran	FALSE
r2glmm	295	cran	FALSE
RTL	295	cran	FALSE
wrappedtools	295	cran	FALSE
autostsm	294	cran	FALSE
civis	294	cran	FALSE
conditionz	294	cran	FALSE
kdensity	294	cran	FALSE
mvMORPH	294	cran	FALSE
nardl	294	cran	FALSE
pack	294	cran	FALSE
permutes	294	cran	FALSE
support_BWS2	294	cran	FALSE
TrialSize	294	cran	FALSE
CohortCharacteristics	293	cran	FALSE
CytobankAPI	293	cran	FALSE
fdaPDE	293	cran	FALSE
GALLO	293	cran	FALSE
insurancerating	293	cran	FALSE
manynet	293	cran	FALSE
MSstatsSampleSize	293	bioc_fallback_rank	FALSE
OPI	293	cran	FALSE
saemix	293	cran	FALSE
sos	293	cran	FALSE
TDA	293	cran	FALSE
tigger	293	cran	FALSE
adaptivetau	292	cran	FALSE
bayesPop	292	cran	FALSE
charlatan	292	cran	FALSE
ebirdst	292	cran	FALSE
eiPack	292	cran	FALSE
landsepi	292	cran	FALSE
melt	292	cran	FALSE
mRpostman	292	cran	FALSE
NMsim	292	cran	FALSE
pathfindR_data	292	cran	FALSE
peakCombiner	292	bioc_fallback_rank	FALSE
ProFAST	292	cran	FALSE
quickcode	292	cran	FALSE
rgdal	292	cran	TRUE
RobinCar2	292	cran	FALSE
rswipl	292	cran	FALSE
censobr	291	cran	FALSE
cyphr	291	cran	FALSE
inaparc	291	cran	FALSE
multilevelTools	291	cran	FALSE
PDE	291	cran	FALSE
processmapR	291	cran	FALSE
rsem	291	cran	FALSE
SVM2CRM	291	bioc_fallback_rank	FALSE
TDApplied	291	cran	FALSE
arcpullr	290	cran	FALSE
BAMBI	290	cran	FALSE
cppRouting	290	cran	FALSE
fedmatch	290	cran	FALSE
GetBCBData	290	cran	FALSE
gmvarkit	290	cran	FALSE
hetGP	290	cran	FALSE
mapme_biodiversity	290	cran	FALSE
MasterBayes	290	cran	FALSE
mizer	290	cran	FALSE
pairwise	290	cran	FALSE
RcppClassic	290	cran	FALSE
recmap	290	cran	FALSE
RSA	290	cran	FALSE
shiny_router	290	cran	FALSE
spTimer	290	cran	FALSE
taxadb	290	cran	FALSE
TimiRGeN	290	bioc_fallback_rank	FALSE
ASMap	289	cran	FALSE
bedr	289	cran	FALSE
embryogrowth	289	cran	FALSE
extremefit	289	cran	FALSE
nnfor	289	cran	FALSE
oddsratio	289	cran	FALSE
TNBC_CMS	289	bioc_fallback_rank	FALSE
txtplot	289	cran	FALSE
ads	288	cran	FALSE
BalancedSampling	288	cran	FALSE
BGGM	288	cran	FALSE
dynamite	288	cran	FALSE
fslr	288	cran	FALSE
ggeasy	288	cran	FALSE
gptstudio	288	cran	FALSE
od	288	cran	FALSE
panelvar	288	cran	FALSE
R2admb	288	cran	FALSE
savR	288	bioc_fallback_rank	FALSE
worcs	288	cran	FALSE
EffectLiteR	287	cran	FALSE
HelpersMG	287	cran	FALSE
ic_infer	287	cran	FALSE
KRLS	287	cran	FALSE
lavaangui	287	cran	FALSE
mapmisc	287	cran	FALSE
rdpower	287	cran	FALSE
Rlab	287	cran	FALSE
rriskDistributions	287	cran	FALSE
scGraphVerse	287	bioc_fallback_rank	FALSE
sensR	287	cran	FALSE
ckanr	286	cran	FALSE
collinear	286	cran	FALSE
csdata	286	cran	FALSE
dggridR	286	cran	FALSE
dowser	286	cran	FALSE
dynutils	286	cran	FALSE
ggfixest	286	cran	FALSE
glmmLasso	286	cran	FALSE
NetRep	286	cran	FALSE
plinkQC	286	cran	FALSE
rddtools	286	cran	FALSE
readrba	286	cran	FALSE
rFIA	286	cran	FALSE
riskmetric	286	cran	FALSE
rsimsum	286	cran	FALSE
SciViews	286	cran	FALSE
sRAP	286	bioc_fallback_rank	FALSE
stochtree	286	cran	FALSE
TreatmentPatterns	286	cran	FALSE
trelliscopejs	286	cran	FALSE
anacor	285	cran	FALSE
bmemLavaan	285	cran	FALSE
BNSP	285	cran	FALSE
CGNM	285	cran	FALSE
cna	285	cran	FALSE
dados	285	cran	FALSE
decompr	285	cran	FALSE
kappalab	285	cran	FALSE
spatsurv	285	cran	FALSE
tidyhydat	285	cran	FALSE
Unicode	285	cran	FALSE
arcgeocoder	284	cran	FALSE
clusrank	284	cran	FALSE
Compind	284	cran	FALSE
nycflights23	284	cran	FALSE
siebanxicor	284	cran	FALSE
SpatialPack	284	cran	FALSE
streamMOA	284	cran	FALSE
universals	284	cran	FALSE
admix	283	cran	FALSE
GDAtools	283	cran	FALSE
hedgehog	283	cran	FALSE
jsTreeR	283	cran	FALSE
pcadapt	283	cran	FALSE
poissonreg	283	cran	FALSE
revtools	283	cran	FALSE
staRdom	283	cran	FALSE
stdReg	283	cran	FALSE
steadyICA	283	cran	FALSE
SWMPr	283	cran	FALSE
SYNCSA	283	cran	FALSE
timeSeriesDataSets	283	cran	FALSE
auth0	282	cran	FALSE
conleyreg	282	cran	FALSE
dmm	282	cran	FALSE
jagshelper	282	cran	FALSE
MethCP	282	bioc_fallback_rank	FALSE
metrica	282	cran	FALSE
pedmut	282	cran	FALSE
Rage	282	cran	FALSE
ravetools	282	cran	FALSE
rdmulti	282	cran	FALSE
rEMM	282	cran	FALSE
serial	282	cran	FALSE
tidyfinance	282	cran	FALSE
abc_data	281	cran	FALSE
BayesMallows	281	cran	FALSE
chirps	281	cran	FALSE
DFA_CANCOR	281	cran	FALSE
filearray	281	cran	FALSE
gen3sis	281	cran	FALSE
ncf	281	cran	FALSE
oneSENSE	281	bioc_fallback_rank	FALSE
portes	281	cran	FALSE
rorcid	281	cran	FALSE
samc	281	cran	FALSE
apyramid	280	cran	FALSE
ciTools	280	cran	FALSE
MKpower	280	cran	FALSE
mpath	280	cran	FALSE
myTAI	280	cran	FALSE
ontoCAT	280	bioc_fallback_rank	FALSE
soundgen	280	cran	FALSE
variability	280	cran	FALSE
agrmt	279	cran	FALSE
biblio	279	cran	FALSE
bpca	279	cran	FALSE
deeptime	279	cran	FALSE
enveomics_R	279	cran	FALSE
legion	279	cran	FALSE
mefa	279	cran	FALSE
NeighborNet	279	bioc_fallback_rank	FALSE
PanelMatch	279	cran	FALSE
pencal	279	cran	FALSE
phscs	279	cran	FALSE
r2dii_analysis	279	cran	FALSE
rsolr	279	cran	FALSE
Sleuth3	279	cran	FALSE
tfestimators	279	cran	FALSE
updog	279	cran	FALSE
abn	278	cran	FALSE
aspace	278	cran	FALSE
brickster	278	cran	FALSE
cocorresp	278	cran	FALSE
crawl	278	cran	FALSE
dLagM	278	cran	FALSE
metagear	278	cran	FALSE
MortCast	278	cran	FALSE
neurobase	278	cran	FALSE
PAFit	278	cran	FALSE
plotdap	278	cran	FALSE
rangen	278	cran	FALSE
rgrass	278	cran	FALSE
RIPAT	278	bioc_fallback_rank	FALSE
threeBrain	278	cran	FALSE
toml	278	cran	FALSE
AIPW	277	cran	FALSE
BigVAR	277	cran	FALSE
BTSPAS	277	cran	FALSE
crypto2	277	cran	FALSE
fidelius	277	cran	FALSE
finbif	277	cran	FALSE
ordinalForest	277	cran	FALSE
peperr	277	cran	FALSE
rfacebookstat	277	cran	FALSE
sfaR	277	cran	FALSE
TCGAbiolinksGUI	277	bioc_fallback_rank	FALSE
topr	277	cran	FALSE
UKFE	277	cran	FALSE
ZIM	277	cran	FALSE
ACEP	276	cran	FALSE
bqror	276	cran	FALSE
bravo	276	cran	FALSE
CohortSurvival	276	cran	FALSE
FinfoMDS	276	bioc_fallback_rank	FALSE
gwasrapidd	276	cran	FALSE
RHRV	276	cran	FALSE
rsi	276	cran	FALSE
shinylight	276	cran	FALSE
SMLE	276	cran	FALSE
smoothSurv	276	cran	FALSE
spanishoddata	276	cran	FALSE
sugrrants	276	cran	FALSE
tinycodet	276	cran	FALSE
tutorial_helpers	276	cran	FALSE
vtree	276	cran	FALSE
cmsaf	275	cran	FALSE
EdSurvey	275	cran	FALSE
gamlr	275	cran	FALSE
insuranceData	275	cran	FALSE
knockoff	275	cran	FALSE
lagged	275	cran	FALSE
migest	275	cran	FALSE
mrbin	275	cran	FALSE
notameStats	275	bioc_fallback_rank	FALSE
Rd2md	275	cran	FALSE
rtpcr	275	cran	FALSE
sticky	275	cran	FALSE
swephR	275	cran	FALSE
wnominate	275	cran	FALSE
canvasXpress	274	cran	FALSE
CARBayesST	274	cran	FALSE
CBN2Path	274	bioc_fallback_rank	FALSE
chipPCR	274	cran	FALSE
cranlike	274	cran	FALSE
eventPred	274	cran	FALSE
ezplot	274	cran	FALSE
MBC	274	cran	FALSE
mnorm	274	cran	FALSE
onemap	274	cran	FALSE
Qtools	274	cran	FALSE
rBiasCorrection	274	cran	FALSE
RcppCWB	274	cran	FALSE
spOccupancy	274	cran	FALSE
CCMnet	273	cran	FALSE
cofad	273	cran	FALSE
CorMut	273	bioc_fallback_rank	FALSE
DClusterm	273	cran	FALSE
delayed	273	cran	FALSE
DrugUtilisation	273	cran	FALSE
egor	273	cran	FALSE
fable_prophet	273	cran	FALSE
ipaddress	273	cran	FALSE
locuszoomr	273	cran	FALSE
oeli	273	cran	FALSE
oysteR	273	cran	FALSE
PReMiuM	273	cran	FALSE
smplot2	273	cran	FALSE
spray	273	cran	FALSE
startup	273	cran	FALSE
tidyllm	273	cran	FALSE
adbcpostgresql	272	cran	FALSE
ao	272	cran	FALSE
bda	272	cran	FALSE
diemr	272	cran	FALSE
ecostats	272	cran	FALSE
editrules	272	cran	FALSE
frailtyEM	272	cran	FALSE
HYPEtools	272	cran	FALSE
ibr	272	cran	FALSE
MoPS	272	bioc_fallback_rank	FALSE
pomdp	272	cran	FALSE
REDCapTidieR	272	cran	FALSE
rstudiothemes	272	cran	FALSE
survivoR	272	cran	FALSE
autocogs	271	cran	FALSE
bundesbank	271	cran	FALSE
cbioportalR	271	cran	FALSE
CirceR	271	cran	FALSE
ENVISIONQuery	271	bioc_fallback_rank	FALSE
episensr	271	cran	FALSE
firesafety	271	cran	FALSE
ggmice	271	cran	FALSE
hyd1d	271	cran	FALSE
loa	271	cran	FALSE
mcompanion	271	cran	FALSE
nsRFA	271	cran	FALSE
nuggets	271	cran	FALSE
pipeR	271	cran	FALSE
preventr	271	cran	FALSE
RDieHarder	271	cran	FALSE
RMAWGEN	271	cran	FALSE
rminer	271	cran	FALSE
shinymaterial	271	cran	FALSE
shinyMobile	271	cran	FALSE
xpose_nlmixr2	271	cran	FALSE
airGRiwrm	270	cran	FALSE
archetypes	270	cran	FALSE
bbk	270	cran	FALSE
CADFtest	270	cran	FALSE
checked	270	cran	FALSE
CholWishart	270	cran	FALSE
Clustering	270	cran	FALSE
document	270	cran	FALSE
germinationmetrics	270	cran	FALSE
ggplot2_utils	270	cran	FALSE
heatmap3	270	cran	FALSE
keypress	270	cran	FALSE
Mirsynergy	270	bioc_fallback_rank	FALSE
moveHMM	270	cran	FALSE
Numero	270	cran	FALSE
primer	270	cran	FALSE
protr	270	cran	FALSE
RcmdrPlugin_BWS1	270	cran	FALSE
simmer_plot	270	cran	FALSE
cts	269	cran	FALSE
MetaNet	269	cran	FALSE
npde	269	cran	FALSE
patientProfilesVis	269	cran	FALSE
respirometry	269	cran	FALSE
rrcovNA	269	cran	FALSE
Rrepest	269	cran	FALSE
s2dv	269	cran	FALSE
set	269	cran	FALSE
sinew	269	cran	FALSE
admiralonco	268	cran	FALSE
andrews	268	cran	FALSE
Bolstad2	268	cran	FALSE
geocodebr	268	cran	FALSE
MixedIndTests	268	cran	FALSE
mockthat	268	cran	FALSE
rphylopic	268	cran	FALSE
rspiro	268	cran	FALSE
splithalfr	268	cran	FALSE
synthesisr	268	cran	FALSE
AdhereR	267	cran	FALSE
agriutilities	267	cran	FALSE
antaresEditObject	267	cran	FALSE
arcgis	267	cran	FALSE
dsem	267	cran	FALSE
hflights	267	cran	FALSE
Ibex	267	bioc_fallback_rank	FALSE
loadeR	267	cran	FALSE
OCNet	267	cran	FALSE
oppr	267	cran	FALSE
qtlcharts	267	cran	FALSE
rehh	267	cran	FALSE
Rilostat	267	cran	FALSE
tall	267	cran	FALSE
texmex	267	cran	FALSE
tsg	267	cran	FALSE
BiDAG	266	cran	FALSE
BioStatR	266	cran	FALSE
coveffectsplot	266	cran	FALSE
geoscale	266	cran	FALSE
HACSim	266	cran	FALSE
HaploCatcher	266	cran	FALSE
ivolcano	266	cran	FALSE
mall	266	cran	FALSE
mclustcomp	266	cran	FALSE
pedprobr	266	cran	FALSE
r4ss	266	cran	FALSE
rneos	266	cran	FALSE
shinyauthr	266	cran	FALSE
slinky	266	bioc_fallback_rank	FALSE
spsComps	266	cran	FALSE
stepR	266	cran	FALSE
traj	266	cran	FALSE
vegan3d	266	cran	FALSE
wpp2017	266	cran	FALSE
adimpro	265	cran	FALSE
badger	265	cran	FALSE
biodbKegg	265	bioc_fallback_rank	FALSE
boxr	265	cran	FALSE
frenchdata	265	cran	FALSE
ggsem	265	cran	FALSE
MM4LMM	265	cran	FALSE
mvbutils	265	cran	FALSE
prcbench	265	cran	FALSE
PtProcess	265	cran	FALSE
RcmdrPlugin_depthTools	265	cran	FALSE
statcheck	265	cran	FALSE
waysign	265	cran	FALSE
weathermetrics	265	cran	FALSE
bignum	264	cran	FALSE
cccrm	264	cran	FALSE
cytofkit	264	bioc_fallback_rank	FALSE
factorstochvol	264	cran	FALSE
geonapi	264	cran	FALSE
meteoland	264	cran	FALSE
powerEQTL	264	cran	FALSE
qwraps2	264	cran	FALSE
RAQSAPI	264	cran	FALSE
RcmdrPlugin_survival	264	cran	FALSE
RcmdrPlugin_TeachStat	264	cran	FALSE
scRNAstat	264	cran	FALSE
SemNetCleaner	264	cran	FALSE
TrialEmulation	264	cran	FALSE
ufs	264	cran	FALSE
unisensR	264	cran	FALSE
autoslider_core	263	cran	FALSE
bayesImageS	263	cran	FALSE
cclust	263	cran	FALSE
CommonDataModel	263	cran	FALSE
drhur	263	cran	FALSE
familiar	263	cran	FALSE
maestro	263	cran	FALSE
N2R	263	cran	FALSE
owidR	263	cran	FALSE
pastclim	263	cran	FALSE
piecepackr	263	cran	FALSE
rbounds	263	cran	FALSE
reclin2	263	cran	FALSE
SAM	263	cran	FALSE
scuba	263	cran	FALSE
SemNetDictionaries	263	cran	FALSE
tagcloud	263	cran	FALSE
ThresholdROCsurvival	263	cran	FALSE
tidync	263	cran	FALSE
ttservice	263	cran	FALSE
ZarrArray	263	bioc_fallback_rank	FALSE
aws_ec2metadata	262	cran	FALSE
DOtools	262	bioc_fallback_rank	FALSE
expectreg	262	cran	FALSE
GeneNMF	262	cran	FALSE
ggseg3d	262	cran	FALSE
jqbr	262	cran	FALSE
nph	262	cran	FALSE
partR2	262	cran	FALSE
RLumShiny	262	cran	FALSE
SIBER	262	cran	FALSE
simDAG	262	cran	FALSE
SMPracticals	262	cran	FALSE
ThresholdROC	262	cran	FALSE
tidycomm	262	cran	FALSE
timetools	262	cran	FALSE
unvotes	262	cran	FALSE
vimp	262	cran	FALSE
antitrust	261	cran	FALSE
brms_mmrm	261	cran	FALSE
dpeak	261	bioc_fallback_rank	FALSE
eatGADS	261	cran	FALSE
nc	261	cran	FALSE
Ostats	261	cran	FALSE
pathling	261	cran	FALSE
ProjectionBasedClustering	261	cran	FALSE
psycho	261	cran	FALSE
Rcplex	261	cran	TRUE
RedditExtractoR	261	cran	FALSE
riverdist	261	cran	FALSE
SCtools	261	cran	FALSE
busdater	260	cran	FALSE
gamlss_add	260	cran	FALSE
ichimoku	260	cran	FALSE
immReferent	260	bioc_fallback_rank	FALSE
insect	260	cran	FALSE
meteo	260	cran	FALSE
modifiedmk	260	cran	FALSE
osdc	260	cran	FALSE
pbdSLAP	260	cran	FALSE
portfolioBacktest	260	cran	FALSE
simtrial	260	cran	FALSE
sociome	260	cran	FALSE
biogeom	259	cran	FALSE
extremeStat	259	cran	FALSE
FastRWeb	259	cran	FALSE
GeneAccord	259	bioc_fallback_rank	FALSE
graphicalExtremes	259	cran	FALSE
interflex	259	cran	FALSE
lfstat	259	cran	FALSE
mFD	259	cran	FALSE
MRPC	259	cran	FALSE
openCR	259	cran	FALSE
OptimalCutpoints	259	cran	FALSE
penaltyLearning	259	cran	FALSE
ReIns	259	cran	FALSE
rmdpartials	259	cran	FALSE
SNPannotator	259	cran	FALSE
trackdem	259	cran	FALSE
W3CMarkupValidator	259	cran	FALSE
causact	258	cran	FALSE
cleancall	258	cran	FALSE
codebook	258	cran	FALSE
D3mirt	258	cran	FALSE
EntropyEstimation	258	cran	FALSE
fastcpd	258	cran	FALSE
geosapi	258	cran	FALSE
gmt	258	cran	FALSE
growthcleanr	258	cran	FALSE
hfhub	258	cran	FALSE
lol	258	bioc_fallback_rank	FALSE
miscFuncs	258	cran	FALSE
MixSIAR	258	cran	FALSE
mlergm	258	cran	FALSE
mlpack	258	cran	FALSE
OhdsiReportGenerator	258	cran	FALSE
polyRAD	258	cran	FALSE
rDEA	258	cran	FALSE
risks	258	cran	FALSE
survHE	258	cran	FALSE
tlrmvnmvt	258	cran	FALSE
ANN2	257	cran	FALSE
batchmeans	257	cran	FALSE
bioacoustics	257	cran	FALSE
bioregion	257	cran	FALSE
bittermelon	257	cran	FALSE
BRISC	257	cran	FALSE
cdmTools	257	cran	FALSE
cgmanalysis	257	cran	FALSE
conquestr	257	cran	FALSE
covtracer	257	cran	FALSE
degreenet	257	cran	FALSE
GeDS	257	cran	FALSE
genieBPC	257	cran	FALSE
glarma	257	cran	FALSE
glmm_hp	257	cran	FALSE
GoogleGenomics	257	bioc_fallback_rank	FALSE
guideR	257	cran	FALSE
loggit	257	cran	FALSE
QTLEMM	257	cran	FALSE
RAINBOWR	257	cran	FALSE
RcmdrPlugin_aRnova	257	cran	FALSE
RCPA	257	cran	FALSE
RcppXPtrUtils	257	cran	FALSE
recluster	257	cran	FALSE
SoftBart	257	cran	FALSE
SUNGEO	257	cran	FALSE
x12	257	cran	FALSE
admiralophtha	256	cran	FALSE
caracas	256	cran	FALSE
dbx	256	cran	FALSE
einsum	256	cran	FALSE
fmri	256	cran	FALSE
geographiclib	256	cran	FALSE
grapesAgri1	256	cran	FALSE
hockeystick	256	cran	FALSE
iq	256	cran	FALSE
LatticeKrig	256	cran	FALSE
metRology	256	cran	FALSE
nparLD	256	cran	FALSE
ordinalCont	256	cran	FALSE
personalized	256	cran	FALSE
PSweight	256	cran	FALSE
qtl2convert	256	cran	FALSE
ReactomeContentService4R	256	bioc_fallback_rank	FALSE
rnrfa	256	cran	FALSE
secrdesign	256	cran	FALSE
statgenSTA	256	cran	FALSE
survMisc	256	cran	FALSE
adehabitatHS	255	cran	FALSE
analogue	255	cran	FALSE
aroma_affymetrix	255	cran	FALSE
AzureCognitive	255	cran	FALSE
AzureVM	255	cran	FALSE
BeeBDC	255	cran	FALSE
bqtl	255	cran	FALSE
ClustBlock	255	cran	FALSE
deepgp	255	cran	FALSE
emdist	255	cran	FALSE
EstimationTools	255	cran	FALSE
fclust	255	cran	FALSE
FKF	255	cran	FALSE
FLAME	255	cran	FALSE
ggquickeda	255	cran	FALSE
hereR	255	cran	FALSE
ips	255	cran	FALSE
jrvFinance	255	cran	FALSE
matchMulti	255	cran	FALSE
pedbp	255	cran	FALSE
SomatiCA	255	bioc_fallback_rank	FALSE
spiralize	255	cran	FALSE
synthesis	255	cran	FALSE
WASP	255	cran	FALSE
accelmissing	254	cran	FALSE
arkhe	254	cran	FALSE
autoFRK	254	cran	FALSE
connections	254	cran	FALSE
csmaps	254	cran	FALSE
Information	254	cran	FALSE
onewaytests	254	cran	FALSE
plsRbeta	254	cran	FALSE
R_filesets	254	cran	FALSE
RcmdrPlugin_FactoMineR	254	cran	FALSE
rcompendium	254	cran	FALSE
RJSDMX	254	cran	FALSE
ROpenCVLite	254	cran	FALSE
SDMtune	254	cran	FALSE
spc	254	cran	FALSE
sphunif	254	cran	FALSE
tipr	254	cran	FALSE
trialr	254	cran	FALSE
TukeyC	254	cran	FALSE
ubms	254	cran	FALSE
vetr	254	cran	FALSE
actel	253	cran	FALSE
apercu	253	cran	FALSE
baycn	253	cran	FALSE
cargo	253	cran	FALSE
CNVgears	253	bioc_fallback_rank	FALSE
dfms	253	cran	FALSE
EML	253	cran	FALSE
frictionless	253	cran	FALSE
fude	253	cran	FALSE
gcmr	253	cran	FALSE
glmm	253	cran	FALSE
LaF	253	cran	FALSE
lolog	253	cran	FALSE
modeltime_resample	253	cran	FALSE
modi	253	cran	FALSE
MSCquartets	253	cran	FALSE
openai	253	cran	FALSE
prompter	253	cran	FALSE
RcmdrPlugin_NMBU	253	cran	FALSE
RobustRankAggreg	253	cran	FALSE
rpostgis	253	cran	FALSE
SmartEDA	253	cran	FALSE
spEDM	253	cran	FALSE
acumos	252	cran	TRUE
agcounts	252	cran	FALSE
AirMonitor	252	cran	FALSE
AzureTableStor	252	cran	FALSE
bfp	252	cran	FALSE
brokenstick	252	cran	FALSE
detect	252	cran	FALSE
DTRreg	252	cran	FALSE
EmpiricalCalibration	252	cran	FALSE
ggrounded	252	cran	FALSE
gridGeometry	252	cran	FALSE
IDSL_MXP	252	cran	FALSE
phenology	252	cran	FALSE
psgc	252	cran	FALSE
rangeBuilder	252	cran	FALSE
rdecision	252	cran	FALSE
redist	252	cran	FALSE
rJavaEnv	252	cran	FALSE
RJDemetra	252	cran	FALSE
rstackdeque	252	cran	FALSE
senseweight	252	cran	FALSE
tvReg	252	cran	FALSE
vein	252	cran	FALSE
wildlifeDI	252	cran	FALSE
bWGR	251	cran	FALSE
CatastRo	251	cran	FALSE
CePa	251	cran	FALSE
conicfit	251	cran	FALSE
dexter	251	cran	FALSE
disaggregation	251	cran	FALSE
envirem	251	cran	FALSE
eventdataR	251	cran	FALSE
evolqg	251	cran	FALSE
ggblanket	251	cran	FALSE
micemd	251	cran	FALSE
multivarious	251	cran	FALSE
omock	251	cran	FALSE
ore	251	cran	FALSE
ovbsa	251	cran	FALSE
PhenotypeR	251	cran	FALSE
PWEXP	251	cran	FALSE
quadrupen	251	cran	FALSE
readbulk	251	cran	FALSE
rjd3toolkit	251	cran	TRUE
RNASeqR	251	bioc_fallback_rank	FALSE
samplingbook	251	cran	FALSE
schoRsch	251	cran	FALSE
Sim_DiffProc	251	cran	FALSE
vistributions	251	cran	FALSE
Waypoint	251	cran	FALSE
yahoofinancer	251	cran	FALSE
ABCoptim	250	cran	FALSE
AcceptanceSampling	250	cran	FALSE
arfima	250	cran	FALSE
BrainSABER	250	bioc_fallback_rank	FALSE
clustur	250	cran	FALSE
dartR_popgen	250	cran	FALSE
dclone	250	cran	FALSE
elastic	250	cran	FALSE
emln	250	cran	FALSE
extras	250	cran	FALSE
fhircrackr	250	cran	FALSE
git2rdata	250	cran	FALSE
hubeau	250	cran	FALSE
icesSAG	250	cran	FALSE
innsight	250	cran	FALSE
momentuHMM	250	cran	FALSE
pkgndep	250	cran	TRUE
plsdepot	250	cran	FALSE
Rssa	250	cran	FALSE
sankey	250	cran	FALSE
Sequential	250	cran	FALSE
simts	250	cran	FALSE
smacpod	250	cran	FALSE
swCRTdesign	250	cran	FALSE
tidyposterior	250	cran	FALSE
vecvec	250	cran	FALSE
adaptMCMC	249	cran	FALSE
bamdit	249	cran	FALSE
bayesLife	249	cran	FALSE
BGVAR	249	cran	FALSE
dssd	249	cran	FALSE
DTSg	249	cran	FALSE
HighFive	249	cran	FALSE
maSAE	249	cran	FALSE
MXM	249	cran	FALSE
printify	249	cran	FALSE
selenider	249	cran	FALSE
SensoMineR	249	cran	FALSE
spaa	249	cran	FALSE
SpatialVx	249	cran	FALSE
SSEparser	249	cran	FALSE
tidypopgen	249	cran	FALSE
BeviMed	248	cran	FALSE
bvhar	248	cran	FALSE
contrast	248	cran	FALSE
descriptio	248	cran	FALSE
emld	248	cran	FALSE
eplusr	248	cran	FALSE
georob	248	cran	FALSE
gggenomes	248	cran	FALSE
ggmlR	248	cran	FALSE
glmmfields	248	cran	FALSE
hglm_data	248	cran	FALSE
historicalborrowlong	248	cran	FALSE
isdparser	248	cran	FALSE
iteremoval	248	bioc_fallback_rank	FALSE
LearnPCA	248	cran	FALSE
longitudinal	248	cran	FALSE
MPSEM	248	cran	FALSE
multiway	248	cran	FALSE
PAMmisc	248	cran	FALSE
plsVarSel	248	cran	FALSE
psychReport	248	cran	FALSE
rlibkriging	248	cran	TRUE
RNOmni	248	cran	FALSE
SOAR	248	cran	FALSE
sparcl	248	cran	FALSE
aire_zmvm	247	cran	FALSE
chromConverter	247	cran	FALSE
edibble	247	cran	FALSE
EmbedSOM	247	cran	FALSE
fHMM	247	cran	FALSE
filematrix	247	cran	FALSE
GeneNet	247	cran	FALSE
GofCens	247	cran	FALSE
grattan	247	cran	FALSE
GWASExactHW	247	cran	FALSE
interactionR	247	cran	FALSE
lavaanExtra	247	cran	FALSE
Mercator	247	cran	FALSE
metafolio	247	cran	FALSE
morse	247	cran	FALSE
mvGST	247	bioc_fallback_rank	FALSE
MVTests	247	cran	FALSE
R3port	247	cran	FALSE
readMzXmlData	247	cran	FALSE
Rlgt	247	cran	FALSE
robis	247	cran	FALSE
someMTP	247	cran	FALSE
surveysd	247	cran	FALSE
tab	247	cran	FALSE
tabxplor	247	cran	FALSE
text2sdg	247	cran	FALSE
trtswitch	247	cran	FALSE
a11yShiny	246	cran	FALSE
AHMbook	246	cran	FALSE
bayesian	246	cran	FALSE
blockrand	246	cran	FALSE
crunch	246	cran	FALSE
DataQualityDashboard	246	cran	FALSE
dbparser	246	cran	FALSE
disprofas	246	cran	FALSE
ggforestplotR	246	cran	FALSE
ggseqplot	246	cran	FALSE
hillR	246	cran	FALSE
jagstargets	246	cran	FALSE
metalite_ae	246	cran	FALSE
opentripplanner	246	cran	FALSE
pomdpSolve	246	cran	FALSE
psidR	246	cran	FALSE
pwrEWAS	246	bioc_fallback_rank	FALSE
pwt	246	cran	FALSE
rbedrock	246	cran	FALSE
remstimate	246	cran	FALSE
RWsearch	246	cran	FALSE
sdmpredictors	246	cran	FALSE
solvebio	246	cran	FALSE
spNNGP	246	cran	FALSE
svSocket	246	cran	FALSE
TPmsm	246	cran	FALSE
whitestrap	246	cran	FALSE
bayesammi	245	cran	FALSE
BMS	245	cran	FALSE
brunnermunzel	245	cran	FALSE
campsis	245	cran	FALSE
cubfits	245	cran	FALSE
epiworldR	245	cran	FALSE
gensvm	245	cran	FALSE
interplot	245	cran	FALSE
lumberjack	245	cran	FALSE
matrixsampling	245	cran	FALSE
metamedian	245	cran	FALSE
MultiPhen	245	cran	FALSE
rcarbon	245	cran	FALSE
rolog	245	cran	FALSE
rprintf	245	cran	FALSE
rsoi	245	cran	FALSE
superb	245	cran	FALSE
tbm	245	cran	FALSE
tstools	245	cran	FALSE
aroma_core	244	cran	FALSE
aspect	244	cran	FALSE
attrib	244	cran	FALSE
caroline	244	cran	FALSE
ClusterGVis	244	bioc_fallback_rank,cran	FALSE
condformat	244	cran	FALSE
corHMM	244	cran	FALSE
gawdis	244	cran	FALSE
iglu	244	cran	FALSE
IndexNumR	244	cran	FALSE
MazamaTimeSeries	244	cran	FALSE
pequod	244	cran	FALSE
phonTools	244	cran	FALSE
PKPDsim	244	cran	FALSE
tidyseurat	244	cran	FALSE
asymmetry	243	cran	FALSE
bamp	243	cran	FALSE
bmgarch	243	cran	FALSE
cartograflow	243	cran	FALSE
clockify	243	cran	FALSE
cricketdata	243	cran	FALSE
CsChange	243	cran	FALSE
DirStats	243	cran	FALSE
GenomeAdmixR	243	cran	FALSE
htetree	243	cran	FALSE
IceSat2R	243	cran	FALSE
iontree	243	bioc_fallback_rank	FALSE
lang	243	cran	FALSE
LearningStats	243	cran	FALSE
mombf	243	cran	FALSE
namedropR	243	cran	FALSE
presize	243	cran	FALSE
prism	243	cran	FALSE
quantregGrowth	243	cran	FALSE
randomLCA	243	cran	FALSE
rgplates	243	cran	FALSE
st	243	cran	FALSE
uavRmp	243	cran	FALSE
zdeskR	243	cran	FALSE
apache_sedona	242	cran	FALSE
BMT	242	cran	FALSE
cond	242	cran	FALSE
Davies	242	cran	FALSE
diceR	242	cran	FALSE
diversitree	242	cran	FALSE
geohabnet	242	cran	FALSE
IRISFGM	242	bioc_fallback_rank	FALSE
learnrbook	242	cran	FALSE
LongDat	242	cran	FALSE
mindr	242	cran	FALSE
multDM	242	cran	FALSE
predictoR	242	cran	FALSE
propagate	242	cran	TRUE
restoptr	242	cran	FALSE
secsse	242	cran	FALSE
simsem	242	cran	FALSE
trip	242	cran	FALSE
varPro	242	cran	FALSE
AnalyzeFMRI	241	cran	FALSE
basecamb	241	cran	FALSE
bcmaps	241	cran	FALSE
Bios2cor	241	cran	FALSE
ebvcube	241	cran	FALSE
franc	241	cran	FALSE
fritools	241	cran	FALSE
gtfstools	241	cran	FALSE
INLAjoint	241	cran	FALSE
intensitynet	241	cran	FALSE
lsirm12pl	241	cran	FALSE
microseq	241	cran	FALSE
NBLDA	241	cran	FALSE
orca	241	cran	FALSE
permPATH	241	cran	FALSE
ProcData	241	cran	FALSE
sphereplot	241	cran	FALSE
TwoWayFEWeights	241	cran	FALSE
abe	240	cran	FALSE
admiralvaccine	240	cran	FALSE
ADMM	240	cran	FALSE
BayesERtools	240	cran	FALSE
bgumbel	240	cran	FALSE
daymetr	240	cran	FALSE
explor	240	cran	FALSE
ggpedigree	240	cran	FALSE
icesVocab	240	cran	FALSE
icr	240	cran	FALSE
joint_Cox	240	cran	FALSE
ludic	240	cran	FALSE
MACER	240	cran	FALSE
meme	240	cran	FALSE
myClim	240	cran	FALSE
permuco	240	cran	FALSE
PFIM	240	cran	FALSE
plater	240	cran	FALSE
RcmdrPlugin_KMggplot2	240	cran	FALSE
rexpokit	240	cran	FALSE
rnn	240	cran	FALSE
sparklyr_flint	240	cran	FALSE
sparseMVN	240	cran	FALSE
stan4bart	240	cran	FALSE
varycoef	240	cran	FALSE
webexercises	240	cran	FALSE
akc	239	cran	FALSE
audubon	239	cran	FALSE
BayesMultiMode	239	cran	FALSE
bayesRecon	239	cran	FALSE
boundingbox	239	cran	FALSE
cati	239	cran	FALSE
diseasemapping	239	cran	FALSE
ec50estimator	239	cran	FALSE
eks	239	cran	FALSE
eyeris	239	cran	FALSE
ggmuller	239	cran	FALSE
indiedown	239	cran	FALSE
junco	239	cran	FALSE
Keng	239	cran	FALSE
lori	239	cran	FALSE
MANOVA_RM	239	cran	FALSE
OUwie	239	cran	FALSE
penalizedSVM	239	cran	FALSE
RaceID	239	cran	FALSE
robustX	239	cran	FALSE
Rsmlx	239	cran	FALSE
terrainr	239	cran	FALSE
UniprotR	239	cran	FALSE
xpectr	239	cran	FALSE
acss	238	cran	FALSE
bcaboot	238	cran	FALSE
conformalForecast	238	cran	FALSE
csutil	238	cran	FALSE
fanyi	238	cran	FALSE
GpGp	238	cran	FALSE
inlpubs	238	cran	FALSE
IRISMustangMetrics	238	cran	FALSE
miceRanger	238	cran	FALSE
missingHE	238	cran	FALSE
nodbi	238	cran	FALSE
random	238	cran	FALSE
statpsych	238	cran	FALSE
TiPS	238	cran	FALSE
allofus	237	cran	FALSE
AnalysisPageServer	237	bioc_fallback_rank	FALSE
AzureQstor	237	cran	FALSE
BTSR	237	cran	FALSE
copulaData	237	cran	FALSE
dbGaPCheckup	237	cran	FALSE
EasyMx	237	cran	FALSE
GenOrd	237	cran	FALSE
GWPR_light	237	cran	FALSE
mappoly	237	cran	FALSE
mashr	237	cran	FALSE
MortalityLaws	237	cran	FALSE
movecost	237	cran	FALSE
oddsapiR	237	cran	FALSE
palaeoverse	237	cran	FALSE
pema	237	cran	FALSE
RALSA	237	cran	FALSE
RankAggreg	237	cran	FALSE
sstvars	237	cran	FALSE
TestGenerator	237	cran	FALSE
theft	237	cran	FALSE
walrus	237	cran	FALSE
APackOfTheClones	236	cran	FALSE
BIGDAWG	236	cran	FALSE
blockForest	236	cran	FALSE
cfa	236	cran	FALSE
cograph	236	cran	FALSE
dashboardthemes	236	cran	FALSE
DupChecker	236	bioc_fallback_rank	FALSE
electionsBR	236	cran	FALSE
emuR	236	cran	FALSE
graphicalMCP	236	cran	FALSE
hbamr	236	cran	FALSE
intsvy	236	cran	FALSE
MazamaLocationUtils	236	cran	FALSE
mixAK	236	cran	FALSE
ModTools	236	cran	FALSE
nomnoml	236	cran	FALSE
optimizeR	236	cran	FALSE
prodigenr	236	cran	FALSE
PTAk	236	cran	FALSE
RcppSMC	236	cran	FALSE
rebmix	236	cran	FALSE
ReliaGrowR	236	cran	FALSE
sdsfun	236	cran	FALSE
SiPhyNetwork	236	cran	FALSE
SuperGauss	236	cran	FALSE
assignPOP	235	cran	FALSE
autograph	235	cran	FALSE
autoimage	235	cran	FALSE
BayesianNetwork	235	cran	FALSE
choroplethr	235	cran	FALSE
cmstatr	235	cran	FALSE
comat	235	cran	FALSE
confoundvis	235	cran	FALSE
ctxR	235	cran	FALSE
DRIP	235	cran	FALSE
epanet2toolkit	235	cran	FALSE
gittargets	235	cran	FALSE
jfa	235	cran	FALSE
kergp	235	cran	FALSE
LSDsensitivity	235	cran	FALSE
OpenCL	235	cran	FALSE
pharmaverseadamjnj	235	cran	FALSE
photobiologyWavebands	235	cran	FALSE
RcmdrPlugin_temis	235	cran	FALSE
RGBM	235	cran	FALSE
secrfunc	235	cran	FALSE
singleRcapture	235	cran	FALSE
speaq	235	cran	FALSE
spreadr	235	cran	FALSE
surveyvoi	235	cran	FALSE
swimplot	235	cran	FALSE
tfrmt	235	cran	FALSE
VertexWiseR	235	cran	FALSE
voluModel	235	cran	FALSE
apdesign	234	cran	FALSE
asylum	234	cran	FALSE
bmm	234	cran	FALSE
catlearn	234	cran	FALSE
codemeta	234	cran	FALSE
cstime	234	cran	FALSE
DASiR	234	bioc_fallback_rank	FALSE
eatTools	234	cran	FALSE
ggmapinset	234	cran	FALSE
ghibli	234	cran	FALSE
jgsbook	234	cran	FALSE
mixR	234	cran	FALSE
NPRED	234	cran	FALSE
PHEindicatormethods	234	cran	FALSE
preferably	234	cran	FALSE
r02pro	234	cran	FALSE
RConics	234	cran	FALSE
relliptical	234	cran	FALSE
RIdeogram	234	cran	FALSE
rscc	234	cran	FALSE
rStrava	234	cran	FALSE
socviz	234	cran	FALSE
tipmap	234	cran	FALSE
TriMatch	234	cran	FALSE
WeibullR	234	cran	FALSE
zoom	234	cran	FALSE
activity	233	cran	FALSE
adelie	233	cran	FALSE
APCalign	233	cran	FALSE
BNPmix	233	cran	FALSE
clusterSEs	233	cran	FALSE
crew_aws_batch	233	cran	FALSE
diffusion	233	cran	FALSE
DLMtool	233	cran	FALSE
fMRIscrub	233	cran	FALSE
footBayes	233	cran	FALSE
genekitr	233	cran	FALSE
gimms	233	cran	FALSE
idm	233	cran	FALSE
island	233	cran	FALSE
JointAI	233	cran	FALSE
mdbr	233	cran	FALSE
mvSLOUCH	233	cran	FALSE
org	233	cran	FALSE
planr	233	cran	FALSE
procmaps	233	cran	FALSE
prqlr	233	cran	TRUE
psc	233	cran	FALSE
qrNLMM	233	cran	FALSE
rD3plot	233	cran	FALSE
remstats	233	cran	FALSE
rtmpinv	233	cran	FALSE
singleCellHaystack	233	cran	FALSE
tsdistributions	233	cran	FALSE
UCSCXenaShiny	233	cran	FALSE
additivityTests	232	cran	FALSE
alookr	232	cran	FALSE
aoos	232	cran	FALSE
APIS	232	cran	FALSE
bootPLS	232	cran	FALSE
brisk	232	cran	FALSE
Cascade	232	cran	FALSE
collpcm	232	cran	FALSE
congress	232	cran	FALSE
ecan	232	cran	FALSE
eph	232	cran	FALSE
exdqlm	232	cran	FALSE
gamlss_mx	232	cran	FALSE
inventorize	232	cran	FALSE
iRfcb	232	cran	FALSE
mapplots	232	cran	FALSE
modgo	232	cran	FALSE
MQmetrics	232	bioc_fallback_rank	FALSE
NGCHM	232	cran	FALSE
pdfsearch	232	cran	FALSE
quantdr	232	cran	FALSE
Rcompadre	232	cran	FALSE
sfarrow	232	cran	FALSE
spacesRGB	232	cran	FALSE
tlars	232	cran	FALSE
bcfrailph	231	cran	FALSE
blockmodels	231	cran	FALSE
ClustAssess	231	cran	FALSE
condvis	231	cran	FALSE
EGRETci	231	cran	FALSE
GLMcat	231	cran	FALSE
HDANOVA	231	cran	FALSE
htsr	231	cran	FALSE
irtoys	231	cran	FALSE
mggd	231	cran	FALSE
mhsmm	231	cran	FALSE
naspaclust	231	cran	FALSE
neaGUI	231	bioc_fallback_rank	FALSE
nlmeU	231	cran	FALSE
phonics	231	cran	FALSE
poolr	231	cran	TRUE
prnsamplr	231	cran	FALSE
quantCurves	231	cran	FALSE
RcppTN	231	cran	FALSE
Rgff	231	cran	FALSE
rNeighborQTL	231	cran	FALSE
scoper	231	cran	FALSE
stR	231	cran	FALSE
toxpiR	231	cran	FALSE
ympes	231	cran	FALSE
adobeanalyticsr	230	cran	FALSE
binb	230	cran	FALSE
biplotEZ	230	cran	FALSE
daiquiri	230	cran	FALSE
ds4psy	230	cran	FALSE
easyPubMed	230	cran	FALSE
ggsankeyfier	230	cran	FALSE
hdcuremodels	230	cran	FALSE
InflectSSP	230	cran	FALSE
ip2location	230	cran	FALSE
IPWboxplot	230	cran	FALSE
itraxR	230	cran	FALSE
LLSR	230	cran	FALSE
MALDIquantForeign	230	cran	FALSE
mauricer	230	cran	FALSE
measr	230	cran	FALSE
netboxr	230	bioc_fallback_rank	FALSE
PopED	230	cran	FALSE
potools	230	cran	FALSE
prim	230	cran	FALSE
relevent	230	cran	FALSE
ROlogit	230	cran	FALSE
rTRNG	230	cran	FALSE
spNetwork	230	cran	FALSE
TDbook	230	cran	FALSE
tokenizers_bpe	230	cran	FALSE
WPKDE	230	cran	FALSE
AnanseSeurat	229	cran	FALSE
batchmix	229	cran	FALSE
censable	229	cran	FALSE
cfbfastR	229	cran	FALSE
cleanNLP	229	cran	FALSE
cramer	229	cran	FALSE
dendRoAnalyst	229	cran	FALSE
DEPONS2R	229	cran	FALSE
echarty	229	cran	FALSE
Evapotranspiration	229	cran	FALSE
excelR	229	cran	FALSE
ffmanova	229	cran	FALSE
GAD	229	cran	FALSE
GeneralizedWendland	229	cran	FALSE
gips	229	cran	FALSE
goatea	229	bioc_fallback_rank	FALSE
lingtypology	229	cran	FALSE
plnr	229	cran	FALSE
poliscidata	229	cran	FALSE
ppclust	229	cran	FALSE
refugees	229	cran	FALSE
RISmed	229	cran	FALSE
rjd3jars	229	cran	FALSE
rlppinv	229	cran	FALSE
rplum	229	cran	FALSE
rpymat	229	cran	FALSE
TRexSelector	229	cran	FALSE
vitals	229	cran	FALSE
wql	229	cran	FALSE
yuima	229	cran	FALSE
BMRMM	228	cran	FALSE
Claddis	228	cran	FALSE
clidatajp	228	cran	FALSE
Colossus	228	cran	FALSE
confreq	228	cran	FALSE
cstidy	228	cran	FALSE
decoder	228	cran	FALSE
distory	228	cran	FALSE
EnrichIntersect	228	cran	FALSE
fastcox	228	cran	FALSE
FastJM	228	cran	FALSE
fixes	228	cran	FALSE
ForestTools	228	cran	FALSE
gemini_R	228	cran	FALSE
LaMa	228	cran	FALSE
marked	228	cran	FALSE
mvnormalTest	228	cran	FALSE
onbrand	228	cran	FALSE
PakPMICS2018	228	cran	FALSE
PeakSegDisk	228	cran	FALSE
pmparser	228	cran	FALSE
poismf	228	cran	FALSE
proffer	228	cran	TRUE
qrmtools	228	cran	FALSE
Rbeast	228	cran	FALSE
reliabilitydiag	228	cran	FALSE
Rfmtool	228	cran	FALSE
RKaggle	228	cran	FALSE
rscorecard	228	cran	FALSE
rtide	228	cran	FALSE
shapper	228	cran	FALSE
SimInf	228	cran	FALSE
spatialTIME	228	cran	FALSE
traits	228	cran	FALSE
trajeR	228	cran	FALSE
TraMineRextras	228	cran	FALSE
TSPred	228	cran	FALSE
zenplots	228	cran	FALSE
amadeus	227	cran	FALSE
beautier	227	cran	FALSE
beyondWhittle	227	cran	FALSE
BiocDockerManager	227	bioc_fallback_rank	FALSE
bpbounds	227	cran	FALSE
clhs	227	cran	FALSE
convertid	227	cran	FALSE
correlationfunnel	227	cran	FALSE
dataSDA	227	cran	FALSE
decisionSupport	227	cran	FALSE
Deducer	227	cran	FALSE
distrDoc	227	cran	FALSE
dvir	227	cran	FALSE
era	227	cran	FALSE
estadistica	227	cran	FALSE
grafify	227	cran	FALSE
icesDatsu	227	cran	FALSE
kairos	227	cran	FALSE
marelac	227	cran	FALSE
MassWateR	227	cran	FALSE
midasr	227	cran	FALSE
nphRCT	227	cran	FALSE
PBSadmb	227	cran	FALSE
ppcSpatial	227	cran	FALSE
protViz	227	cran	FALSE
PWEALL	227	cran	FALSE
regressoR	227	cran	FALSE
rENA	227	cran	FALSE
rSRD	227	cran	FALSE
SelectBoost	227	cran	FALSE
stcos	227	cran	FALSE
tabr	227	cran	FALSE
visachartR	227	cran	FALSE
VSURF	227	cran	FALSE
weightQuant	227	cran	FALSE
airqualityES	226	cran	FALSE
arcgisgeocode	226	cran	FALSE
AriGaMyANNSVR	226	cran	FALSE
bc3net	226	cran	FALSE
biogrowth	226	cran	FALSE
BREADR	226	cran	FALSE
checkglobals	226	cran	FALSE
ChemoSpec2D	226	cran	FALSE
conText	226	cran	FALSE
DAVIDQuery	226	bioc_fallback_rank	FALSE
dmai	226	cran	FALSE
EGRET	226	cran	FALSE
epitrix	226	cran	FALSE
FamEvent	226	cran	FALSE
fastml	226	cran	FALSE
fitHeavyTail	226	cran	FALSE
gausscov	226	cran	FALSE
geodetector	226	cran	FALSE
ggtreebar	226	cran	FALSE
IMIFA	226	cran	FALSE
kim	226	cran	FALSE
KONPsurv	226	cran	FALSE
meerva	226	cran	FALSE
opencv	226	cran	FALSE
restatis	226	cran	FALSE
roclang	226	cran	FALSE
starnet	226	cran	FALSE
texor	226	cran	FALSE
apcf	225	cran	FALSE
astrochron	225	cran	FALSE
ATAforecasting	225	cran	FALSE
BioTIMEr	225	cran	FALSE
CLME	225	cran	FALSE
crane	225	cran	FALSE
deal	225	cran	FALSE
divest	225	cran	FALSE
eda4treeR	225	cran	FALSE
elmNNRcpp	225	cran	FALSE
growthrates	225	cran	FALSE
interpretCI	225	cran	FALSE
jamba	225	cran	FALSE
LadderFuelsR	225	cran	FALSE
modeldb	225	cran	FALSE
mtsdi	225	cran	FALSE
mvord	225	cran	FALSE
palette	225	cran	FALSE
PeakSegJoint	225	cran	FALSE
pedquant	225	cran	FALSE
pubh	225	cran	FALSE
readJDX	225	cran	FALSE
robomit	225	cran	FALSE
sensitivitymv	225	cran	FALSE
SNSequate	225	cran	FALSE
textreuse	225	cran	FALSE
TUFLOWR	225	cran	FALSE
USpopcenters	225	cran	FALSE
WayFindR	225	cran	FALSE
adaptTest	224	cran	FALSE
BayesSIM	224	cran	FALSE
bigDM	224	cran	FALSE
caRamel	224	cran	FALSE
CDCPLACES	224	cran	FALSE
CollocInfer	224	cran	FALSE
CopulaCenR	224	cran	FALSE
dlim	224	cran	FALSE
dsims	224	cran	FALSE
fanc	224	cran	FALSE
fastText	224	cran	FALSE
keep	224	cran	FALSE
langevitour	224	cran	FALSE
libopenexr	224	cran	TRUE
MixSim	224	cran	FALSE
OneTwoSamples	224	cran	FALSE
pps	224	cran	FALSE
rtmpinvi	224	cran	FALSE
SamplingStrata	224	cran	FALSE
statgenGWAS	224	cran	FALSE
stevetemplates	224	cran	FALSE
SuperpixelImageSegmentation	224	cran	FALSE
sure	224	cran	FALSE
timeperiodsR	224	cran	FALSE
asuri	223	bioc_fallback_rank	FALSE
aum	223	cran	FALSE
bage	223	cran	FALSE
bayesmove	223	cran	FALSE
blocklength	223	cran	FALSE
CohortGenerator	223	cran	FALSE
coxphw	223	cran	FALSE
CRMetrics	223	cran	FALSE
czechrates	223	cran	FALSE
G2Sd	223	cran	FALSE
geojsonR	223	cran	FALSE
iCellR	223	cran	TRUE
IMD	223	cran	FALSE
LDATS	223	cran	FALSE
LowRankQP	223	cran	FALSE
MazamaCoreUtils	223	cran	FALSE
meteospain	223	cran	FALSE
multibias	223	cran	FALSE
onbabynames	223	cran	FALSE
ottrpal	223	cran	FALSE
prenoms	223	cran	FALSE
quincunx	223	cran	FALSE
reservr	223	cran	FALSE
rmarchingcubes	223	cran	FALSE
rMEA	223	cran	FALSE
Rthingsboard	223	cran	FALSE
scplot	223	cran	FALSE
SimSurvey	223	cran	FALSE
sleev	223	cran	FALSE
tsgarch	223	cran	FALSE
WebAnalytics	223	cran	FALSE
ABCanalysis	222	cran	FALSE
adea	222	cran	FALSE
AdhereRViz	222	cran	FALSE
altmeta	222	cran	FALSE
bellreg	222	cran	FALSE
binr	222	cran	FALSE
cchs	222	cran	FALSE
comFuncs	222	cran	FALSE
crispRdesignR	222	cran	FALSE
diversityForest	222	cran	FALSE
dyngen	222	cran	FALSE
flare	222	cran	FALSE
Fragman	222	cran	FALSE
geneticae	222	cran	FALSE
GreedyExperimentalDesign	222	cran	FALSE
hesim	222	cran	FALSE
irtQ	222	cran	FALSE
IsoplotRgui	222	cran	FALSE
LACHESIS	222	bioc_fallback_rank	FALSE
letsR	222	cran	FALSE
mixedBayes	222	cran	FALSE
netUtils	222	cran	FALSE
orderly	222	cran	FALSE
pathviewr	222	cran	FALSE
pcv	222	cran	FALSE
r4ds_tutorials	222	cran	FALSE
RaMS	222	cran	FALSE
ResistorArray	222	cran	FALSE
ring	222	cran	FALSE
RMaCzek	222	cran	FALSE
roxut	222	cran	FALSE
Rphylopars	222	cran	FALSE
SlimR	222	cran	FALSE
sparkxgb	222	cran	FALSE
SwissAir	222	cran	FALSE
varSelRF	222	cran	FALSE
adoptr	221	cran	FALSE
bcfrailphdv	221	cran	FALSE
biglmm	221	cran	FALSE
card	221	cran	FALSE
causaleffect	221	cran	FALSE
daltoolbox	221	cran	FALSE
dartR_sim	221	cran	FALSE
distantia	221	cran	FALSE
DR_SC	221	cran	FALSE
enmpa	221	cran	FALSE
EvaluateCore	221	cran	FALSE
fastymd	221	cran	FALSE
findInFiles	221	cran	FALSE
gKRLS	221	cran	FALSE
inferference	221	cran	FALSE
jmosaics	221	bioc_fallback_rank	FALSE
lookup	221	cran	FALSE
MAINT_Data	221	cran	FALSE
marg	221	cran	FALSE
mortAAR	221	cran	FALSE
MSGARCH	221	cran	FALSE
PakPMICS2014Wm	221	cran	FALSE
perspectiveR	221	cran	FALSE
PGRdup	221	cran	FALSE
pollster	221	cran	FALSE
rscontract	221	cran	FALSE
tinyVAST	221	cran	FALSE
tm_plugin_lexisnexis	221	cran	FALSE
vol2birdR	221	cran	TRUE
WorldFlora	221	cran	FALSE
XNomial	221	cran	FALSE
XYomics	221	cran	FALSE
AcceptReject	220	cran	FALSE
apa	220	cran	FALSE
autoharp	220	cran	FALSE
bhmbasket	220	cran	FALSE
bnstruct	220	cran	FALSE
CaseCohortCoxSurvival	220	cran	FALSE
CDSE	220	cran	FALSE
chisq_posthoc_test	220	cran	FALSE
dartR_spatial	220	cran	FALSE
geosimilarity	220	cran	FALSE
jpmesh	220	cran	FALSE
luajr	220	cran	FALSE
maketools	220	cran	FALSE
mapboxapi	220	cran	FALSE
mixedCCA	220	cran	FALSE
NAEPprimer	220	cran	FALSE
NST	220	cran	FALSE
oceanic	220	cran	FALSE
packager	220	cran	FALSE
plasma	220	cran	FALSE
Rdistance	220	cran	FALSE
RobustGaSP	220	cran	FALSE
rspa	220	cran	FALSE
sloop	220	cran	FALSE
tidyheatmaps	220	cran	FALSE
tractor_base	220	cran	FALSE
wnl	220	cran	FALSE
additive	219	cran	FALSE
BayesianMCPMod	219	cran	FALSE
boral	219	cran	FALSE
bsub	219	cran	FALSE
ClimProjDiags	219	cran	FALSE
cpop	219	cran	FALSE
dataviewR	219	cran	FALSE
epifitter	219	cran	FALSE
gibasa	219	cran	FALSE
harbinger	219	cran	FALSE
HVT	219	cran	FALSE
junctions	219	cran	FALSE
LocaTT	219	cran	FALSE
lorad	219	cran	FALSE
lvplot	219	cran	FALSE
meteoForecast	219	cran	FALSE
MiscMetabar	219	cran	FALSE
MultiATSM	219	cran	FALSE
nls_multstart	219	cran	FALSE
pannotator	219	cran	FALSE
PCRA	219	cran	FALSE
PoTRA	219	bioc_fallback_rank	FALSE
prcr	219	cran	FALSE
pseudo	219	cran	FALSE
ReDaMoR	219	cran	FALSE
rerddapXtracto	219	cran	FALSE
ResIN	219	cran	FALSE
RSDA	219	cran	FALSE
sregsurvey	219	cran	FALSE
tcplfit2	219	cran	FALSE
whoa	219	cran	FALSE
amen	218	cran	FALSE
ARGOS	218	cran	FALSE
bbknnR	218	cran	FALSE
BFI	218	cran	FALSE
campsismod	218	cran	FALSE
ceterisParibus	218	cran	FALSE
clean	218	cran	FALSE
cloudml	218	cran	FALSE
ClustVarLV	218	cran	FALSE
critpath	218	cran	FALSE
csalert	218	cran	FALSE
doclisting	218	cran	FALSE
fastrmodels	218	cran	FALSE
geoBayes	218	cran	FALSE
ggThemeAssist	218	cran	FALSE
GMMAT	218	cran	FALSE
hchinamap	218	cran	FALSE
inferr	218	cran	FALSE
KODAMA	218	cran	FALSE
mfrmr	218	cran	FALSE
MSCMT	218	cran	FALSE
OneR	218	cran	FALSE
Patterns	218	cran	FALSE
PubScore	218	bioc_fallback_rank	FALSE
rasterImage	218	cran	FALSE
ROCnReg	218	cran	FALSE
rPref	218	cran	FALSE
rslurm	218	cran	FALSE
rsurveycto	218	cran	FALSE
rtop	218	cran	FALSE
sigminer	218	cran	FALSE
splitTools	218	cran	FALSE
spm	218	cran	FALSE
statgenHTP	218	cran	FALSE
taylor	218	cran	FALSE
transforEmotion	218	cran	FALSE
visualize	218	cran	FALSE
AID	217	cran	FALSE
diffr	217	cran	FALSE
EpiNow2	217	cran	FALSE
FastGaSP	217	cran	FALSE
gadget3	217	cran	FALSE
GGRidge	217	cran	FALSE
Gifi	217	cran	FALSE
iC10	217	cran	FALSE
jackstraw	217	cran	FALSE
lmeresampler	217	cran	FALSE
MDPtoolbox	217	cran	FALSE
mfGARCH	217	cran	FALSE
mixsmsn	217	cran	FALSE
mmstat4	217	cran	FALSE
modQR	217	cran	FALSE
multilinguer	217	cran	FALSE
nandb	217	cran	FALSE
npreg	217	cran	FALSE
popdemo	217	cran	FALSE
PottsUtils	217	cran	FALSE
psborrow2	217	cran	FALSE
quickcheck	217	cran	FALSE
readBrukerFlexData	217	cran	FALSE
rfars	217	cran	FALSE
rhosa	217	cran	FALSE
secrlinear	217	cran	FALSE
spatialData	217	cran	FALSE
survML	217	cran	FALSE
SynergyLMM	217	cran	FALSE
tidysmd	217	cran	FALSE
tidystats	217	cran	FALSE
vglmer	217	cran	FALSE
vivid	217	cran	FALSE
wpp2015	217	cran	FALSE
AzureVision	216	cran	FALSE
colorist	216	cran	FALSE
comparator	216	cran	FALSE
csampling	216	cran	FALSE
EL	216	cran	FALSE
equateIRT	216	cran	FALSE
ergm_rank	216	cran	FALSE
HoRM	216	cran	FALSE
howler	216	cran	FALSE
MCS	216	cran	FALSE
metaConvert	216	cran	FALSE
msentropy	216	cran	FALSE
neotoma2	216	cran	FALSE
opticskxi	216	cran	FALSE
optiscale	216	cran	FALSE
quickPlot	216	cran	FALSE
ReacTran	216	cran	FALSE
RMediation	216	cran	FALSE
rsyncrosim	216	cran	FALSE
SEQTaRget	216	cran	FALSE
SQRL	216	cran	FALSE
starschemar	216	cran	FALSE
traudem	216	cran	FALSE
ABCDscores	215	cran	FALSE
abjutils	215	cran	FALSE
addinslist	215	cran	FALSE
affiner	215	cran	FALSE
aiRthermo	215	cran	FALSE
AsyK	215	cran	FALSE
aws_iam	215	cran	FALSE
baystability	215	cran	FALSE
ccdR	215	cran	FALSE
COMPoissonReg	215	cran	FALSE
comprehenr	215	cran	FALSE
DiceView	215	cran	FALSE
fairmodels	215	cran	FALSE
folio	215	cran	FALSE
freealg	215	cran	FALSE
FuzzyNumbers	215	cran	FALSE
galah	215	cran	FALSE
ggbrain	215	cran	FALSE
gmwmx2	215	cran	FALSE
hsrecombi	215	cran	FALSE
imagine	215	cran	FALSE
kidney_epi	215	cran	FALSE
metathis	215	cran	FALSE
MRMCaov	215	cran	FALSE
netdose	215	cran	FALSE
nixtlar	215	cran	FALSE
NScluster	215	cran	FALSE
nvmix	215	cran	FALSE
pharmr	215	cran	FALSE
PNSIBGE	215	cran	FALSE
red	215	cran	FALSE
ResultModelManager	215	cran	FALSE
rirods	215	cran	FALSE
risk_assessr	215	cran	FALSE
rjade	215	cran	FALSE
RQdeltaCT	215	cran	FALSE
statforbiology	215	cran	FALSE
UPG	215	cran	FALSE
albersdown	214	cran	FALSE
areaplot	214	cran	FALSE
BayesMortalityPlus	214	cran	FALSE
bigalgebra	214	cran	FALSE
bigsplines	214	cran	FALSE
biopixR	214	cran	FALSE
cat2cat	214	cran	FALSE
dabestr	214	cran	FALSE
DEET	214	cran	FALSE
errorlocate	214	cran	FALSE
filebin	214	cran	FALSE
fusionchartsR	214	cran	FALSE
GetFREData	214	cran	FALSE
ggborderline	214	cran	FALSE
ggtibble	214	cran	FALSE
InterpretMSSpectrum	214	cran	FALSE
intrinsicDimension	214	cran	FALSE
joinpointR	214	cran	FALSE
PupillometryR	214	cran	FALSE
rb3	214	cran	FALSE
reactable_extras	214	cran	FALSE
sharpshootR	214	cran	FALSE
spc4sts	214	cran	FALSE
spmoran	214	cran	FALSE
statar	214	cran	FALSE
statease	214	cran	FALSE
stratamatch	214	cran	FALSE
taxonomizr	214	cran	FALSE
tibblify	214	cran	FALSE
tLagPropOdds	214	cran	FALSE
torchdatasets	214	cran	FALSE
uteals	214	cran	FALSE
a5R	213	cran	TRUE
accrualPlot	213	cran	FALSE
ale	213	cran	FALSE
archeofrag	213	cran	FALSE
beakr	213	cran	FALSE
biodbLipidmaps	213	bioc_fallback_rank	FALSE
braidrm	213	cran	FALSE
c212	213	cran	FALSE
cassandRa	213	cran	FALSE
codyn	213	cran	FALSE
cohorts	213	cran	FALSE
CommonJavaJars	213	cran	FALSE
dataMaid	213	cran	FALSE
deps	213	cran	FALSE
dimensio	213	cran	FALSE
EIX	213	cran	FALSE
epimdr2	213	cran	FALSE
FAfA	213	cran	FALSE
fastLink	213	cran	FALSE
gbm3	213	cran	FALSE
GerminaR	213	cran	FALSE
kstMatrix	213	cran	FALSE
LikertMakeR	213	cran	FALSE
macrocol	213	cran	FALSE
MATA	213	cran	FALSE
midfieldr	213	cran	FALSE
ModStatR	213	cran	FALSE
Mondrian	213	cran	FALSE
nfl4th	213	cran	FALSE
pgmm	213	cran	FALSE
promor	213	cran	FALSE
rAmCharts	213	cran	FALSE
rdbnomics	213	cran	FALSE
RoBTT	213	cran	FALSE
shiny_semantic	213	cran	FALSE
spatstat_Knet	213	cran	FALSE
standby	213	cran	FALSE
stdReg2	213	cran	FALSE
SteppedPower	213	cran	FALSE
surveyplanning	213	cran	FALSE
SVDNF	213	cran	FALSE
taxa	213	cran	FALSE
visStatistics	213	cran	FALSE
vivainsights	213	cran	FALSE
wid	213	cran	FALSE
aebdata	212	cran	FALSE
AiES	212	cran	FALSE
bcputility	212	cran	FALSE
boostmtree	212	cran	FALSE
BoutrosLab_plotting_general	212	cran	FALSE
COUNT	212	cran	FALSE
CVglasso	212	cran	FALSE
dann	212	cran	FALSE
DATAstudio	212	cran	FALSE
dominatR	212	bioc_fallback_rank	FALSE
hqreg	212	cran	FALSE
imputeREE	212	cran	FALSE
intendo	212	cran	FALSE
lintools	212	cran	FALSE
lmomRFA	212	cran	FALSE
LocalControl	212	cran	FALSE
mascarade	212	cran	FALSE
mcmcsae	212	cran	FALSE
MGBT	212	cran	FALSE
mop	212	cran	FALSE
mpr	212	cran	FALSE
mpspline2	212	cran	FALSE
MSclust	212	cran	FALSE
multipanelfigure	212	cran	FALSE
pathlit	212	cran	FALSE
pks	212	cran	FALSE
refer	212	cran	FALSE
reporttools	212	cran	FALSE
sdcLog	212	cran	FALSE
SoundShape	212	cran	FALSE
SpaceTimeBSS	212	cran	FALSE
SpaDES_tools	212	cran	FALSE
ss3sim	212	cran	FALSE
STB	212	cran	FALSE
waves	212	cran	TRUE
wbacon	212	cran	FALSE
adklakedata	211	cran	FALSE
admtools	211	cran	FALSE
AutoDeskR	211	cran	FALSE
base_rms	211	cran	FALSE
bigtabulate	211	cran	FALSE
CFilt	211	cran	FALSE
CFO	211	cran	FALSE
clinUtils	211	cran	FALSE
Copula_surv	211	cran	FALSE
couplr	211	cran	FALSE
damr	211	cran	FALSE
EMT	211	cran	FALSE
ergMargins	211	cran	FALSE
excluder	211	cran	FALSE
flps	211	cran	FALSE
FoReco	211	cran	FALSE
geeasy	211	cran	FALSE
ggreveal	211	cran	FALSE
GREENeR	211	cran	FALSE
gslnls	211	cran	FALSE
halfmoon	211	cran	FALSE
ineapir	211	cran	FALSE
iNEXT_3D	211	cran	FALSE
isocir	211	cran	FALSE
keyATM	211	cran	FALSE
kStatistics	211	cran	FALSE
lookout	211	cran	FALSE
loon_data	211	cran	FALSE
mcauchyd	211	cran	FALSE
MGLM	211	cran	FALSE
multiApply	211	cran	FALSE
nanostringr	211	cran	FALSE
nda	211	cran	FALSE
OptM	211	cran	FALSE
pmetar	211	cran	FALSE
pmxcode	211	cran	FALSE
pubmed_mineR	211	cran	FALSE
readsdmx	211	cran	FALSE
ReliaPlotR	211	cran	FALSE
RGCCA	211	cran	FALSE
RiskScorescvd	211	cran	FALSE
SCORPION	211	cran	FALSE
Sejong	211	cran	FALSE
squash	211	cran	FALSE
statebins	211	cran	FALSE
TBRDist	211	cran	FALSE
tepr	211	cran	FALSE
testcorr	211	cran	FALSE
textir	211	cran	FALSE
tna	211	cran	FALSE
vistla	211	cran	FALSE
WaveletMLbestFL	211	cran	FALSE
xergm_common	211	cran	FALSE
apa7	210	cran	FALSE
AzureCosmosR	210	cran	FALSE
biometryassist	210	cran	FALSE
chooseGCM	210	cran	FALSE
CopulaGAMM	210	cran	FALSE
DstarM	210	cran	FALSE
ecespa	210	cran	FALSE
ghyp	210	cran	FALSE
iAR	210	cran	FALSE
icesTAF	210	cran	FALSE
jmotif	210	cran	FALSE
LBI	210	cran	FALSE
llm_api	210	cran	FALSE
mdendro	210	cran	FALSE
neo4r	210	cran	FALSE
nparcomp	210	cran	FALSE
PakPMICS2014HL	210	cran	FALSE
provenance	210	cran	FALSE
pvaluefunctions	210	cran	FALSE
qgshiny	210	cran	FALSE
recexcavAAR	210	cran	FALSE
rtgstat	210	cran	FALSE
sentometrics	210	cran	FALSE
simPH	210	cran	FALSE
solaR	210	cran	FALSE
spider	210	cran	FALSE
stepjglm	210	cran	FALSE
stpp	210	cran	FALSE
TSSS	210	cran	FALSE
WARDEN	210	cran	FALSE
Xplortext	210	cran	FALSE
alone	209	cran	FALSE
bolasso	209	cran	FALSE
cartographer	209	cran	FALSE
changepointGA	209	cran	FALSE
cmsafvis	209	cran	FALSE
cOde	209	cran	FALSE
CoTiMA	209	cran	FALSE
CSHShydRology	209	cran	FALSE
DisaggregateTS	209	cran	FALSE
EcoEnsemble	209	cran	FALSE
envir	209	cran	FALSE
fscache	209	cran	FALSE
ggplotgui	209	cran	FALSE
ISAR	209	cran	FALSE
isopam	209	cran	FALSE
ISR	209	cran	FALSE
ixplorer	209	cran	FALSE
KSEAapp	209	cran	FALSE
lgtdl	209	cran	FALSE
magicfor	209	cran	FALSE
micromapST	209	cran	FALSE
missForestPredict	209	cran	FALSE
normfluodbf	209	cran	FALSE
ohenery	209	cran	FALSE
OVtool	209	cran	FALSE
PSLM2015	209	cran	FALSE
QF	209	cran	FALSE
qra	209	cran	FALSE
RCarb	209	cran	FALSE
reda	209	cran	FALSE
resampledata	209	cran	FALSE
rjstat	209	cran	FALSE
Rpdb	209	cran	FALSE
RXKCD	209	cran	FALSE
selectiveInference	209	cran	FALSE
sizeMat	209	cran	FALSE
SolveSAPHE	209	cran	FALSE
spatialRF	209	cran	FALSE
Spectrum	209	cran	FALSE
stepp	209	cran	FALSE
streamDAG	209	cran	FALSE
templateICAr	209	cran	FALSE
tsvio	209	cran	FALSE
tswge	209	cran	FALSE
Westerlund	209	cran	FALSE
adaptr	208	cran	FALSE
aihuman	208	cran	FALSE
AzureVMmetadata	208	cran	FALSE
bayesvl	208	cran	FALSE
betafunctions	208	cran	FALSE
BrazilCrime	208	cran	FALSE
Certara_RsNLME	208	cran	FALSE
chores	208	cran	FALSE
dartR_sexlinked	208	cran	FALSE
dataone	208	cran	FALSE
datetimeutils	208	cran	FALSE
ENMTools	208	cran	FALSE
fastplyr	208	cran	FALSE
fNonlinear	208	cran	FALSE
forensim	208	cran	FALSE
fsdaR	208	cran	FALSE
gumbel	208	cran	FALSE
ieegio	208	cran	TRUE
LS2W	208	cran	FALSE
mbbefd	208	cran	FALSE
mFLICA	208	cran	FALSE
MFSIS	208	cran	FALSE
mlexperiments	208	cran	FALSE
MM	208	cran	FALSE
nlreg	208	cran	FALSE
npclust	208	cran	FALSE
OlympicRshiny	208	cran	FALSE
origin	208	cran	FALSE
pam	208	cran	FALSE
parsec	208	cran	FALSE
PCPS	208	cran	FALSE
pdR	208	cran	FALSE
regress	208	cran	FALSE
repfdr	208	cran	FALSE
RMOAjars	208	cran	FALSE
SACCR	208	cran	FALSE
SCDB	208	cran	FALSE
SCI	208	cran	FALSE
sigr	208	cran	FALSE
sisal	208	cran	FALSE
spatPomp	208	cran	FALSE
spfilteR	208	cran	FALSE
svgtools	208	cran	FALSE
TailRank	208	cran	FALSE
ThreeWay	208	cran	FALSE
wbids	208	cran	FALSE
wbs	208	cran	FALSE
wru	208	cran	FALSE
AIscreenR	207	cran	FALSE
bhetGP	207	cran	FALSE
bimets	207	cran	FALSE
bulkreadr	207	cran	FALSE
cgmguru	207	cran	FALSE
cnefetools	207	cran	FALSE
coconots	207	cran	FALSE
CoImp	207	cran	FALSE
cointReg	207	cran	FALSE
conf	207	cran	FALSE
CopulaREMADA	207	cran	FALSE
deseats	207	cran	FALSE
EBcoBART	207	cran	FALSE
faviconPlease	207	cran	FALSE
freestiler	207	cran	TRUE
gargoyle	207	cran	FALSE
genoPlotR	207	cran	FALSE
glm_predict	207	cran	FALSE
gnlm	207	cran	FALSE
gompertztrunc	207	cran	FALSE
greenfeedr	207	cran	FALSE
hglm	207	cran	FALSE
hibayes	207	cran	FALSE
hubUtils	207	cran	FALSE
iNZightTools	207	cran	FALSE
istacr	207	cran	FALSE
JMdesign	207	cran	FALSE
jmuOutlier	207	cran	FALSE
kgrams	207	cran	FALSE
laminr	207	cran	FALSE
LifeInsureR	207	cran	FALSE
mwcsr	207	cran	FALSE
nemsqar	207	cran	FALSE
nlcv	207	cran	FALSE
nodeSub	207	cran	FALSE
pdynmc	207	cran	FALSE
pedtools	207	cran	FALSE
positron_tutorials	207	cran	FALSE
praatpicture	207	cran	TRUE
proteasy	207	bioc_fallback_rank	FALSE
rbin	207	cran	FALSE
RTransferEntropy	207	cran	FALSE
secuTrialR	207	cran	FALSE
sits	207	cran	FALSE
spatialAtomizeR	207	cran	FALSE
statgenGxE	207	cran	FALSE
survParamSim	207	cran	FALSE
svydiags	207	cran	FALSE
tidyhte	207	cran	FALSE
tidyrules	207	cran	FALSE
typehint	207	cran	FALSE
virtualPollen	207	cran	FALSE
voi	207	cran	FALSE
WMAP	207	cran	FALSE
aopdata	206	cran	FALSE
asus	206	cran	FALSE
besthr	206	cran	FALSE
blaster	206	cran	FALSE
bvartools	206	cran	FALSE
CausalGPS	206	cran	FALSE
dbnR	206	cran	FALSE
dsm	206	cran	FALSE
e2tree	206	cran	FALSE
EMC2	206	cran	FALSE
epidatr	206	cran	FALSE
fastkmedoids	206	cran	FALSE
flexoki	206	cran	FALSE
GLMMcosinor	206	cran	FALSE
granova	206	cran	FALSE
InSilicoVA	206	cran	FALSE
intSDM	206	cran	FALSE
Landmarking	206	cran	FALSE
manymodelr	206	cran	FALSE
mgee2	206	cran	FALSE
midrangeMCP	206	cran	FALSE
mnonr	206	cran	FALSE
OECD	206	cran	FALSE
ouch	206	cran	FALSE
paleobioDB	206	cran	FALSE
PanJen	206	cran	FALSE
PointedSDMs	206	cran	FALSE
QUALYPSO	206	cran	FALSE
rasterdiv	206	cran	FALSE
ROI_plugin_highs	206	cran	FALSE
rworkflows	206	cran	FALSE
saeRobust	206	cran	FALSE
SEMgraph	206	cran	FALSE
SISIR	206	cran	FALSE
success	206	cran	FALSE
SVEMnet	206	cran	FALSE
teal_modules_clinical	206	cran	FALSE
tspredit	206	cran	FALSE
unikn	206	cran	FALSE
vectorsurvR	206	cran	FALSE
wbwdi	206	cran	FALSE
ZetaSuite	206	cran	FALSE
alien	205	cran	FALSE
atrrr	205	cran	FALSE
avesperu	205	cran	FALSE
batsch	205	cran	FALSE
BigDataPE	205	cran	FALSE
BKTR	205	cran	FALSE
carat	205	cran	FALSE
CBCgrps	205	cran	FALSE
conclus	205	bioc_fallback_rank	FALSE
corncob	205	cran	FALSE
counterfactuals	205	cran	FALSE
dCovTS	205	cran	FALSE
drhutools	205	cran	FALSE
DWreg	205	cran	FALSE
ecm	205	cran	FALSE
ecotraj	205	cran	FALSE
Euclimatch	205	cran	FALSE
ezTrack	205	cran	FALSE
fiodata	205	cran	FALSE
FORTLS	205	cran	TRUE
gecko	205	cran	FALSE
geostatsp	205	cran	FALSE
healthyR_ts	205	cran	FALSE
hmsidwR	205	cran	FALSE
ideanet	205	cran	FALSE
idendr0	205	cran	FALSE
linelist	205	cran	FALSE
lmtp	205	cran	FALSE
mbreaks	205	cran	FALSE
MCL	205	cran	FALSE
Modeler	205	cran	FALSE
multichull	205	cran	FALSE
multipleNCC	205	cran	FALSE
nbpMatching	205	cran	FALSE
NobBS	205	cran	FALSE
parfm	205	cran	FALSE
phateR	205	cran	FALSE
politeness	205	cran	FALSE
r2mlm	205	cran	FALSE
rasterpic	205	cran	FALSE
Rcurvep	205	cran	FALSE
RGraphSpace	205	cran	FALSE
scGate	205	cran	FALSE
scip	205	cran	TRUE
shinyGovstyle	205	cran	FALSE
Sofi	205	cran	FALSE
spotoroo	205	cran	FALSE
STEPCAM	205	cran	FALSE
stranslate	205	cran	FALSE
syllogi	205	cran	FALSE
tensorTS	205	cran	FALSE
uaparserjs	205	cran	FALSE
waveband	205	cran	FALSE
abcrf	204	cran	FALSE
acss_data	204	cran	FALSE
ActivePathways	204	cran	FALSE
BioM2	204	cran	FALSE
calendR	204	cran	FALSE
causalOT	204	cran	FALSE
Characterization	204	cran	FALSE
choroplethrAdmin1	204	cran	FALSE
CICI	204	cran	FALSE
ClickHouseHTTP	204	cran	FALSE
CNVScope	204	cran	FALSE
colocboost	204	cran	FALSE
conrad	204	cran	FALSE
fastFMM	204	cran	FALSE
FDX	204	cran	FALSE
gcplyr	204	cran	FALSE
gctsc	204	cran	FALSE
GE	204	cran	FALSE
highOrderPortfolios	204	cran	FALSE
humanleague	204	cran	FALSE
ibawds	204	cran	FALSE
InteractionPoweR	204	cran	FALSE
kstIO	204	cran	FALSE
LUCIDus	204	cran	FALSE
massiveGST	204	cran	FALSE
medfate	204	cran	FALSE
MultBiplotR	204	cran	FALSE
mxnorm	204	cran	FALSE
NormalityAssessment	204	cran	FALSE
oHMMed	204	cran	FALSE
OncoDataSets	204	cran	FALSE
onls	204	cran	FALSE
pnd	204	cran	FALSE
pracpac	204	cran	FALSE
predictmeans	204	cran	FALSE
PTSR	204	cran	FALSE
ravecore	204	cran	TRUE
redatam	204	cran	FALSE
RFPM	204	cran	FALSE
rgraph6	204	cran	FALSE
rts2	204	cran	FALSE
simpleboot	204	cran	FALSE
spada	204	cran	FALSE
weatherOz	204	cran	FALSE
xkcd	204	cran	FALSE
ActiveDriverWGS	203	cran	FALSE
BrazilMet	203	cran	FALSE
breakDown	203	cran	FALSE
CatEncoders	203	cran	FALSE
choroplethrMaps	203	cran	FALSE
damidBind	203	bioc_fallback_rank	FALSE
dittodb	203	cran	FALSE
DMRnet	203	cran	FALSE
DynareR	203	cran	FALSE
effectplots	203	cran	FALSE
fake	203	cran	FALSE
fitbitViz	203	cran	FALSE
funData	203	cran	FALSE
gimap	203	cran	FALSE
grec	203	cran	FALSE
HIMA	203	cran	FALSE
HistogramTools	203	cran	FALSE
humidity	203	cran	FALSE
icesDatsuQC	203	cran	FALSE
ImpactEffectsize	203	cran	FALSE
lavacreg	203	cran	FALSE
MFAg	203	cran	FALSE
mispitools	203	cran	FALSE
netcom	203	cran	FALSE
NetworkChange	203	cran	FALSE
nlpsem	203	cran	FALSE
npRmpi	203	cran	TRUE
optimall	203	cran	FALSE
osdatahub	203	cran	FALSE
PeakSegDP	203	cran	FALSE
phylospatial	203	cran	FALSE
PoissonPCA	203	cran	FALSE
qmrparser	203	cran	FALSE
RCircos	203	cran	FALSE
RCPA3	203	cran	FALSE
reportRmd	203	cran	FALSE
rnassqs	203	cran	FALSE
Rsagacmd	203	cran	FALSE
rts	203	cran	FALSE
SelfControlledCaseSeries	203	cran	FALSE
signnet	203	cran	FALSE
spAbundance	203	cran	FALSE
spearmanCI	203	cran	FALSE
surveyexplorer	203	cran	FALSE
tablaxlsx	203	cran	FALSE
threshr	203	cran	FALSE
todor	203	cran	FALSE
apisensr	202	cran	FALSE
arkdb	202	cran	FALSE
BaseTempSeed	202	cran	FALSE
bsearchtools	202	cran	FALSE
carcass	202	cran	FALSE
CINNA	202	cran	FALSE
cladoRcpp	202	cran	FALSE
codemetar	202	cran	FALSE
ConnMatTools	202	cran	FALSE
CopulaInference	202	cran	FALSE
cvasi	202	cran	FALSE
DynForest	202	cran	FALSE
ecolottery	202	cran	FALSE
Ecume	202	cran	FALSE
galamm	202	cran	FALSE
genderBR	202	cran	FALSE
getLattes	202	cran	FALSE
gkwdist	202	cran	FALSE
greenR	202	cran	FALSE
ICC	202	cran	FALSE
kst	202	cran	FALSE
leem	202	cran	FALSE
LifeInsuranceContracts	202	cran	FALSE
magmaR	202	cran	FALSE
MedDataSets	202	cran	FALSE
metamisc	202	cran	FALSE
micEconCES	202	cran	FALSE
mpactr	202	cran	FALSE
NPFD	202	cran	FALSE
nplyr	202	cran	FALSE
PP	202	cran	FALSE
pxmake	202	cran	FALSE
randomForestVIP	202	cran	FALSE
revss	202	cran	FALSE
rSEA	202	cran	FALSE
seqhandbook	202	cran	FALSE
shinyDatetimePickers	202	cran	FALSE
shortIRT	202	cran	FALSE
SmartPhos	202	bioc_fallback_rank	FALSE
snotelr	202	cran	FALSE
SOMbrero	202	cran	FALSE
SpPOP	202	cran	FALSE
TableMonster	202	cran	FALSE
TransProR	202	cran	FALSE
UComp	202	cran	FALSE
xpose_xtras	202	cran	FALSE
alphaOutlier	201	cran	FALSE
AurieLSHGaussian	201	cran	FALSE
BOIN	201	cran	FALSE
cdom	201	cran	FALSE
ConfidenceEllipse	201	cran	FALSE
desirability2	201	cran	FALSE
EstemPMM	201	cran	FALSE
ffscrapr	201	cran	FALSE
FMAT	201	cran	FALSE
FossilSimShiny	201	cran	FALSE
furniture	201	cran	FALSE
gapmap	201	cran	FALSE
GeneralizedUmatrix	201	cran	FALSE
geobounds	201	cran	FALSE
gitignore	201	cran	FALSE
gptzeror	201	cran	FALSE
hrqglas	201	cran	FALSE
immunaut	201	cran	FALSE
jpinfect	201	cran	FALSE
list	201	cran	FALSE
liteq	201	cran	FALSE
ltmle	201	cran	FALSE
mstknnclust	201	cran	FALSE
ndi	201	cran	FALSE
PortalHacienda	201	cran	FALSE
regsem	201	cran	FALSE
rNeighborGWAS	201	cran	FALSE
rutledge	201	cran	FALSE
sankeywheel	201	cran	FALSE
shotGroups	201	cran	FALSE
SNPfiltR	201	cran	FALSE
sox	201	cran	FALSE
SpiecEasi	201	bioc_fallback_rank	FALSE
teal_transform	201	cran	FALSE
tidybins	201	cran	FALSE
ViewR	201	cran	FALSE
WebGestaltR	201	cran	FALSE
XDNUTS	201	cran	FALSE
ADAPTS	200	cran	FALSE
addhazard	200	cran	FALSE
Aerith	200	bioc_fallback_rank	FALSE
ag5Tools	200	cran	FALSE
ambiorix	200	cran	FALSE
ardlverse	200	cran	FALSE
autoMR	200	cran	FALSE
bayesMig	200	cran	FALSE
bioseq	200	cran	FALSE
brinton	200	cran	FALSE
cdcanthro	200	cran	FALSE
CodeDepends	200	cran	FALSE
CSDownscale	200	cran	FALSE
divent	200	cran	FALSE
docorator	200	cran	FALSE
FastGP	200	cran	FALSE
fastqcr	200	cran	FALSE
flexpolyline	200	cran	FALSE
GCEstim	200	cran	FALSE
gfoRmula	200	cran	FALSE
ggpointless	200	cran	FALSE
graphsim	200	cran	FALSE
heiscore	200	cran	FALSE
hmmm	200	cran	FALSE
hornpa	200	cran	FALSE
hutilscpp	200	cran	FALSE
igoR	200	cran	FALSE
Jaya	200	cran	FALSE
jlmerclusterperm	200	cran	FALSE
lmSubsets	200	cran	FALSE
m2r	200	cran	FALSE
monitoR	200	cran	FALSE
neo2R	200	cran	FALSE
nprotreg	200	cran	FALSE
orsk	200	cran	FALSE
otargen	200	cran	FALSE
pBrackets	200	cran	FALSE
photosynthesis	200	cran	FALSE
PLNmodels	200	cran	FALSE
poisbinom	200	cran	FALSE
riAFTBART	200	cran	FALSE
rigr	200	cran	FALSE
RivRetrieve	200	cran	FALSE
rSPDE	200	cran	FALSE
secret	200	cran	FALSE
SOHPIE	200	cran	FALSE
sphet	200	cran	FALSE
Spower	200	cran	FALSE
SRS	200	cran	FALSE
standardlastprofile	200	cran	FALSE
stilt	200	cran	FALSE
tabpfn	200	cran	FALSE
TestAnaAPP	200	cran	FALSE
traipse	200	cran	FALSE
univOutl	200	cran	FALSE
usedist	200	cran	FALSE
xaringanthemer	200	cran	FALSE
AdequacyModel	199	cran	FALSE
BoolNet	199	cran	FALSE
bsam	199	cran	FALSE
CCMMR	199	cran	FALSE
ClimMobTools	199	cran	FALSE
clusternomics	199	cran	FALSE
cohorttools	199	cran	FALSE
contentValidity	199	cran	FALSE
covatest	199	cran	FALSE
crmPack	199	cran	FALSE
darksky	199	cran	FALSE
DiPALM	199	cran	FALSE
DOVE	199	cran	FALSE
eDITH	199	cran	FALSE
EMD	199	cran	FALSE
espadon	199	cran	FALSE
feltr	199	cran	FALSE
fxTWAPLS	199	cran	FALSE
genepop	199	cran	FALSE
genetic_algo_optimizeR	199	cran	FALSE
harmonicmeanp	199	cran	FALSE
hybridts	199	cran	FALSE
inca	199	cran	FALSE
marginalizedRisk	199	cran	FALSE
metaLik	199	cran	FALSE
mutualinf	199	cran	FALSE
mvnmle	199	cran	FALSE
p3state_msm	199	cran	FALSE
peacesciencer	199	cran	FALSE
PFP	199	bioc_fallback_rank	FALSE
pinp	199	cran	FALSE
pivmet	199	cran	FALSE
pkgcond	199	cran	FALSE
predint	199	cran	FALSE
ProAE	199	cran	FALSE
Pursuit	199	cran	FALSE
QDiabetes	199	cran	FALSE
rstack	199	cran	FALSE
rsurv	199	cran	FALSE
scPloidy	199	cran	FALSE
sensitivityfull	199	cran	FALSE
SimplyAgree	199	cran	FALSE
stabiliser	199	cran	FALSE
staplr	199	cran	FALSE
StempCens	199	cran	FALSE
TropFishR	199	cran	FALSE
tsintermittent	199	cran	FALSE
tsqn	199	cran	FALSE
USAboundaries	199	cran	FALSE
wikiTools	199	cran	FALSE
actLifer	198	cran	FALSE
AIUQ	198	cran	FALSE
asnipe	198	cran	FALSE
AsynchLong	198	cran	FALSE
autoFC	198	cran	FALSE
bayesDP	198	cran	FALSE
bulkQC	198	cran	FALSE
CalibrateSSB	198	cran	FALSE
causalDisco	198	cran	FALSE
CohortMethod	198	cran	FALSE
ConsRankClass	198	cran	FALSE
Countr	198	cran	FALSE
coxrobust	198	cran	FALSE
CpmERCCutoff	198	cran	FALSE
CytoSimplex	198	cran	FALSE
datapack	198	cran	FALSE
designit	198	cran	FALSE
dockViewR	198	cran	FALSE
dti	198	cran	FALSE
dttr2	198	cran	FALSE
dtts	198	cran	FALSE
dyn	198	cran	FALSE
eddington	198	cran	FALSE
ergm_ego	198	cran	FALSE
essentialstools	198	cran	FALSE
FAIRmaterials	198	cran	FALSE
freqdistributionNogives	198	cran	FALSE
froggeR	198	cran	FALSE
fuseMLR	198	cran	FALSE
GGMridge	198	cran	FALSE
GPTCM	198	cran	FALSE
gunsales	198	cran	FALSE
hommel	198	cran	FALSE
msme	198	cran	FALSE
omnibus	198	cran	FALSE
orbital	198	cran	FALSE
periscope2	198	cran	FALSE
plotwidgets	198	cran	FALSE
PublicationBiasBenchmark	198	cran	FALSE
PwrGSD	198	cran	FALSE
ramsvm	198	cran	FALSE
RcmdrPlugin_TeachingDemos	198	cran	FALSE
resmush	198	cran	FALSE
RJalaliDate	198	cran	FALSE
rLakeAnalyzer	198	cran	FALSE
RPyGeo	198	cran	FALSE
rstanemax	198	cran	FALSE
sbm	198	cran	FALSE
SCBmeanfd	198	cran	FALSE
SearchTrees	198	cran	FALSE
season	198	cran	FALSE
sgdGMF	198	cran	FALSE
SparseTSCGM	198	cran	FALSE
SPARTAAS	198	cran	FALSE
StratigrapheR	198	cran	FALSE
subincomeR	198	cran	FALSE
swash	198	cran	FALSE
textcat	198	cran	FALSE
tidyCpp	198	cran	FALSE
tldr	198	cran	FALSE
tongfen	198	cran	FALSE
vermeulen	198	cran	FALSE
xegaGeGene	198	cran	FALSE
zippeR	198	cran	FALSE
bayesmlogit	197	cran	FALSE
bayespmtools	197	cran	FALSE
clickR	197	cran	FALSE
denim	197	cran	FALSE
DFBA	197	cran	FALSE
exuber	197	cran	FALSE
fcaR	197	cran	FALSE
flashlight	197	cran	FALSE
fritools2	197	cran	FALSE
GeoTox	197	cran	FALSE
ggmapcn	197	cran	FALSE
GPUmatrix	197	cran	FALSE
hdf5lib	197	cran	TRUE
HLAtools	197	cran	FALSE
IAPWS95	197	cran	FALSE
lpacf	197	cran	FALSE
lpcde	197	cran	FALSE
mars	197	cran	FALSE
MatrixEQTL	197	cran	FALSE
mfp2	197	cran	FALSE
movedesign	197	cran	FALSE
MPN	197	cran	FALSE
mvhtests	197	cran	FALSE
NegativeControlOutcomeAdjustment	197	cran	FALSE
NetSci	197	cran	FALSE
nlist	197	cran	FALSE
ocs4R	197	cran	FALSE
owd	197	cran	FALSE
PakPC2023	197	cran	FALSE
pgdraw	197	cran	FALSE
PStrata	197	cran	FALSE
qrmdata	197	cran	FALSE
raw	197	cran	FALSE
reproducer	197	cran	FALSE
RMVL	197	cran	FALSE
rmweather	197	cran	FALSE
roboBayes	197	cran	FALSE
shapley	197	cran	FALSE
tframe	197	cran	FALSE
vartest	197	cran	FALSE
VirtualPop	197	cran	FALSE
z22	197	cran	FALSE
AdMit	196	cran	FALSE
algaeClassify	196	cran	FALSE
APCanalysis	196	cran	FALSE
aphylo	196	cran	FALSE
BayesianReasoning	196	cran	FALSE
bayeslm	196	cran	FALSE
cellGeometry	196	cran	FALSE
cicalc	196	cran	FALSE
constrainedKriging	196	cran	FALSE
crsuggest	196	cran	FALSE
datasetjson	196	cran	FALSE
DatastreamR	196	cran	FALSE
dataverifyr	196	cran	FALSE
DiscreteTests	196	cran	FALSE
dtrSurv	196	cran	FALSE
ecoregime	196	cran	FALSE
EFA_dimensions	196	cran	FALSE
EWSmethods	196	cran	FALSE
gbmt	196	cran	FALSE
geocausal	196	cran	FALSE
ggdaynight	196	cran	FALSE
gggibbous	196	cran	FALSE
ggpath	196	cran	FALSE
ggtricks	196	cran	FALSE
gnn	196	cran	FALSE
grattanInflators	196	cran	FALSE
GSSTDA	196	cran	FALSE
hmmr	196	cran	FALSE
LDATree	196	cran	FALSE
limonaid	196	cran	FALSE
LMMELSM	196	cran	FALSE
logbin	196	cran	FALSE
Map2NCBI	196	cran	FALSE
MapperAlgo	196	cran	FALSE
MAT	196	cran	FALSE
moduleColor	196	cran	FALSE
MSTest	196	cran	FALSE
multilevelmediation	196	cran	FALSE
nat	196	cran	FALSE
plumber2	196	cran	FALSE
PopGenHelpR	196	cran	FALSE
RARfreq	196	cran	FALSE
rbcc	196	cran	FALSE
repsd	196	cran	FALSE
rTPC	196	cran	FALSE
scModels	196	cran	FALSE
SeaVal	196	cran	FALSE
semboottools	196	cran	FALSE
SeuratExplorer	196	cran	FALSE
shinyStorePlus	196	cran	FALSE
smidm	196	cran	FALSE
SurvLong	196	cran	FALSE
tidyfun	196	cran	FALSE
TSEtools	196	cran	FALSE
yacca	196	cran	FALSE
aftgee	195	cran	FALSE
Athlytics	195	cran	FALSE
AudioScatter	195	cran	FALSE
awsMethods	195	cran	FALSE
BCBCSF	195	cran	FALSE
Blendstat	195	cran	FALSE
bullseye	195	cran	FALSE
CAESAR_Suite	195	cran	FALSE
caviarpd	195	cran	FALSE
clarkeTest	195	cran	FALSE
CMLS	195	cran	FALSE
combat_enigma	195	cran	FALSE
cosimmr	195	cran	FALSE
cosmicsig	195	cran	FALSE
dartRverse	195	cran	FALSE
dc3net	195	cran	FALSE
DREGAR	195	cran	FALSE
EasyStat	195	cran	FALSE
ega	195	cran	FALSE
extraTrees	195	cran	FALSE
farff	195	cran	FALSE
fio	195	cran	FALSE
GeNetIt	195	cran	FALSE
historicalborrow	195	cran	FALSE
hrt	195	cran	FALSE
itol_toolkit	195	cran	FALSE
LSDinterface	195	cran	FALSE
metalite_sl	195	cran	FALSE
MixGHD	195	cran	FALSE
moderate_mediation	195	cran	FALSE
moewishart	195	cran	FALSE
Nestimate	195	cran	FALSE
nflplotR	195	cran	FALSE
OasisR	195	cran	FALSE
ordinalClust	195	cran	FALSE
plsgenomics	195	cran	FALSE
quest	195	cran	FALSE
SEPA	195	bioc_fallback_rank,cran	FALSE
shinyscholar	195	cran	FALSE
SimMultiCorrData	195	cran	FALSE
SpatFD	195	cran	FALSE
spicy	195	cran	FALSE
spsur	195	cran	FALSE
support_BWS	195	cran	FALSE
TestDesign	195	cran	FALSE
text2sdgData	195	cran	FALSE
trackeR	195	cran	FALSE
TSCI	195	cran	FALSE
uiucthemes	195	cran	FALSE
WRI	195	cran	FALSE
akin	194	cran	FALSE
ArCo	194	cran	FALSE
assist	194	cran	FALSE
ATACCoGAPS	194	bioc_fallback_rank	FALSE
caretSDM	194	cran	FALSE
catalog	194	cran	FALSE
dartR_captive	194	cran	FALSE
densratio	194	cran	FALSE
dynamac	194	cran	FALSE
easyalluvial	194	cran	FALSE
encode	194	cran	FALSE
fishstat	194	cran	FALSE
flownet	194	cran	FALSE
formatdown	194	cran	FALSE
ggdiagram	194	cran	FALSE
googlePublicData	194	cran	FALSE
jackknifeR	194	cran	FALSE
kollaR	194	cran	FALSE
mtdesign	194	cran	FALSE
muiMaterial	194	cran	FALSE
multiview	194	cran	FALSE
nat_templatebrains	194	cran	FALSE
NPBayesImputeCat	194	cran	FALSE
numbat	194	cran	FALSE
petersenlab	194	cran	FALSE
phylosignal	194	cran	FALSE
powRICLPM	194	cran	FALSE
pqrBayes	194	cran	FALSE
rBDAT	194	cran	FALSE
rmcfs	194	cran	FALSE
shidashi	194	cran	FALSE
simplecolors	194	cran	FALSE
sofa	194	cran	FALSE
splutil	194	cran	FALSE
statgenMPP	194	cran	FALSE
stencilaschema	194	cran	FALSE
stevedata	194	cran	FALSE
Tmisc	194	cran	FALSE
tmvmixnorm	194	cran	FALSE
tripEstimation	194	cran	FALSE
tsmarch	194	cran	FALSE
wordvector	194	cran	FALSE
antaresViz	193	cran	FALSE
arakno	193	cran	FALSE
BayesGP	193	cran	FALSE
betaselectr	193	cran	FALSE
blackmarbler	193	cran	FALSE
BOLDconnectR	193	cran	FALSE
BTYD	193	cran	FALSE
cata	193	cran	FALSE
clusterability	193	cran	FALSE
clustertend	193	cran	FALSE
CONCUR	193	cran	FALSE
eventstudyr	193	cran	FALSE
fingerPro	193	cran	FALSE
FinNet	193	cran	FALSE
fmpapi	193	cran	FALSE
forestSAS	193	cran	FALSE
FScanR	193	bioc_fallback_rank	FALSE
GapAnalysis	193	cran	TRUE
gatoRs	193	cran	FALSE
gauseR	193	cran	FALSE
greed	193	cran	FALSE
gscramble	193	cran	FALSE
GWpcor	193	cran	FALSE
KMEANS_KNN	193	cran	FALSE
lmls	193	cran	FALSE
LOST	193	cran	FALSE
madrat	193	cran	FALSE
maidr	193	cran	FALSE
mcmapper	193	cran	FALSE
miclust	193	cran	FALSE
MultiTraits	193	cran	FALSE
NatureSounds	193	cran	FALSE
nettskjemar	193	cran	FALSE
noise	193	cran	FALSE
normaliseR	193	cran	FALSE
numform	193	cran	FALSE
oro_dicom	193	cran	FALSE
OTRselect	193	cran	FALSE
ParallelTree	193	cran	FALSE
phyloregion	193	cran	FALSE
polymapR	193	cran	FALSE
RandomWalker	193	cran	FALSE
rbmi	193	cran	FALSE
Rcapture	193	cran	FALSE
rdomains	193	cran	FALSE
RGraphics	193	cran	FALSE
RobRegression	193	cran	FALSE
ruijter	193	cran	FALSE
SeleMix	193	cran	FALSE
SEMID	193	cran	FALSE
skeletor	193	cran	FALSE
srlars	193	cran	FALSE
survivalmodels	193	cran	FALSE
tidylearn	193	cran	FALSE
wingen	193	cran	FALSE
AccelStab	192	cran	FALSE
adjclust	192	cran	FALSE
agrobox	192	cran	FALSE
babelwhale	192	cran	FALSE
BayesDIP	192	cran	FALSE
carpenter	192	cran	FALSE
clootl	192	cran	FALSE
coFAST	192	cran	FALSE
D4TAlink_light	192	cran	FALSE
DiscreteDatasets	192	cran	FALSE
dplyrAssist	192	cran	FALSE
exvatools	192	cran	FALSE
imageRy	192	cran	FALSE
LorMe	192	cran	FALSE
lsl	192	cran	FALSE
mixdist	192	cran	FALSE
MLID	192	cran	FALSE
mlmc	192	cran	FALSE
mult_latent_reg	192	cran	FALSE
negligible	192	cran	FALSE
nmw	192	cran	FALSE
nRegression	192	cran	FALSE
OmicSense	192	cran	FALSE
openaq	192	cran	FALSE
outreg	192	cran	FALSE
pargasite	192	cran	FALSE
pedgene	192	cran	FALSE
phyloseqGraphTest	192	cran	FALSE
quickpsy	192	cran	FALSE
ravepipeline	192	cran	FALSE
rebus	192	cran	FALSE
rmdwc	192	cran	FALSE
rnnmf	192	cran	FALSE
robmed	192	cran	FALSE
robustfa	192	cran	FALSE
rqti	192	cran	FALSE
SoilTaxonomy	192	cran	FALSE
soundecology	192	cran	FALSE
sparseIndexTracking	192	cran	FALSE
sparsenet	192	cran	FALSE
sship	192	cran	FALSE
TesiproV	192	cran	FALSE
textreg	192	cran	FALSE
toolStability	192	cran	FALSE
treeClust	192	cran	FALSE
TreeRingShape	192	cran	FALSE
uGMAR	192	cran	FALSE
WaterBalanceR	192	cran	FALSE
WRSS	192	cran	FALSE
acfMPeriod	191	cran	FALSE
ANOPA	191	cran	FALSE
AnthropMMD	191	cran	FALSE
asm	191	cran	FALSE
baytrends	191	cran	FALSE
braidReports	191	cran	FALSE
centerline	191	cran	FALSE
cld	191	cran	FALSE
CORPlot	191	cran	FALSE
covidnor	191	cran	FALSE
CSTE	191	cran	FALSE
cvdprevent	191	cran	FALSE
dampack	191	cran	FALSE
deducorrect	191	cran	FALSE
dynsbm	191	cran	FALSE
EDOIF	191	cran	FALSE
eemR	191	cran	FALSE
farr	191	cran	FALSE
fastreg	191	cran	FALSE
flashr	191	cran	FALSE
gdxdt	191	cran	FALSE
genlasso	191	cran	FALSE
geohashTools	191	cran	FALSE
gkwreg	191	cran	FALSE
GPCMlasso	191	cran	FALSE
GrapheR	191	cran	FALSE
gremlin	191	cran	FALSE
HierPortfolios	191	cran	FALSE
iC10TrainingData	191	cran	FALSE
LA	191	cran	FALSE
mark	191	cran	FALSE
mikropml	191	cran	FALSE
MobilityTransformR	191	bioc_fallback_rank	FALSE
ModelMap	191	cran	FALSE
MVA	191	cran	FALSE
MVar_pt	191	cran	FALSE
nimbleNoBounds	191	cran	FALSE
PNAR	191	cran	FALSE
processcheckR	191	cran	FALSE
pxR	191	cran	FALSE
readNSx	191	cran	TRUE
retrosheet	191	cran	FALSE
Rlibeemd	191	cran	FALSE
RobinCar	191	cran	FALSE
scCATCH	191	cran	FALSE
SeaSondeR	191	cran	FALSE
ukbnmr	191	cran	FALSE
wskm	191	cran	FALSE
AirportProblems	190	cran	FALSE
babelmixr2	190	cran	FALSE
basifoR	190	cran	FALSE
bdc	190	cran	FALSE
beastt	190	cran	FALSE
betaARMA	190	cran	FALSE
binaryGP	190	cran	FALSE
bioLeak	190	cran	FALSE
BioPred	190	cran	FALSE
causalsens	190	cran	FALSE
cctest	190	cran	FALSE
coda_plot	190	cran	FALSE
crc32c	190	cran	FALSE
disastr_api	190	cran	FALSE
fermicatsR	190	cran	FALSE
g6R	190	cran	FALSE
ggrcs	190	cran	FALSE
gie	190	cran	FALSE
happign	190	cran	FALSE
homomorpheR	190	cran	FALSE
hwordcloud	190	cran	FALSE
imputeFin	190	cran	FALSE
intradayModel	190	cran	FALSE
jrt	190	cran	FALSE
listarrays	190	cran	FALSE
LST	190	cran	FALSE
Mangrove	190	cran	FALSE
mcdabench	190	cran	FALSE
molaR	190	cran	FALSE
MutSeqR	190	bioc_fallback_rank	FALSE
neonOS	190	cran	FALSE
OpenSpecy	190	cran	FALSE
OptGS	190	cran	FALSE
pastaPlot	190	cran	FALSE
POMADE	190	cran	FALSE
probs	190	cran	FALSE
rbioapi	190	cran	FALSE
RcppNLoptExample	190	cran	FALSE
Renext	190	cran	FALSE
rolap	190	cran	FALSE
SchoolDataIT	190	cran	FALSE
SEAHORS	190	cran	FALSE
sensitivitymw	190	cran	FALSE
spatsoc	190	cran	FALSE
stevemisc	190	cran	FALSE
StMoSim	190	cran	FALSE
SurprisalAnalysis	190	cran	FALSE
switchSelection	190	cran	FALSE
tidycountries	190	cran	FALSE
tstests	190	cran	FALSE
WeightSVM	190	cran	FALSE
wizaRdry	190	cran	FALSE
aftables	189	cran	FALSE
artpack	189	cran	FALSE
baclava	189	cran	FALSE
BayesfMRI	189	cran	FALSE
BCC1997	189	cran	FALSE
centr	189	cran	FALSE
Certara_RsNLME_ModelExecutor	189	cran	FALSE
cmocean	189	cran	FALSE
dateback	189	cran	FALSE
desirability	189	cran	FALSE
drogonR	189	cran	TRUE
eAnalytics	189	cran	FALSE
educationdata	189	cran	FALSE
elo	189	cran	FALSE
escalation	189	cran	FALSE
estimators	189	cran	FALSE
exametrika	189	cran	FALSE
genSurv	189	cran	FALSE
ggmatplot	189	cran	FALSE
gwas2crispr	189	cran	FALSE
IBrokers	189	cran	FALSE
iplots	189	cran	FALSE
kDGLM	189	cran	FALSE
lavaan_shiny	189	cran	FALSE
MEFM	189	cran	FALSE
metaplot	189	cran	FALSE
metricminer	189	cran	FALSE
miniPCH	189	cran	FALSE
mistral	189	cran	FALSE
MMAC	189	cran	FALSE
morepls	189	cran	FALSE
movieROC	189	cran	FALSE
multivar	189	cran	FALSE
nbTransmission	189	cran	FALSE
PathwaySpace	189	cran	FALSE
pbatR	189	cran	FALSE
picohdr	189	cran	FALSE
ppgmmga	189	cran	FALSE
PRTree	189	cran	FALSE
retroharmonize	189	cran	FALSE
Riemann	189	cran	FALSE
rnoaa	189	cran	FALSE
semds	189	cran	FALSE
sparseSEM	189	cran	FALSE
spBPS	189	cran	FALSE
sportyR	189	cran	FALSE
spStack	189	cran	FALSE
SQLove	189	cran	FALSE
sugarglider	189	cran	FALSE
survex	189	cran	FALSE
tame	189	cran	FALSE
tfNeuralODE	189	cran	FALSE
twingp	189	cran	FALSE
VEwaning	189	cran	FALSE
Ball	188	cran	FALSE
bartCause	188	cran	FALSE
cifti	188	cran	FALSE
climatehealth	188	cran	FALSE
CLVTools	188	cran	FALSE
CopernicusClimate	188	cran	FALSE
dcov	188	cran	FALSE
DES	188	cran	FALSE
dotgen	188	cran	FALSE
dynmix	188	cran	FALSE
errors	188	cran	FALSE
exams_forge	188	cran	FALSE
firesale	188	cran	FALSE
gena	188	cran	FALSE
h3sdm	188	cran	FALSE
HadamardR	188	cran	FALSE
holland	188	cran	FALSE
jsonstat	188	cran	FALSE
LMERConvenienceFunctions	188	cran	FALSE
MAGMA_R	188	cran	FALSE
mcmcr	188	cran	FALSE
metaviz	188	cran	FALSE
MIIVsem	188	cran	FALSE
MRReg	188	cran	FALSE
muRty	188	cran	FALSE
npcure	188	cran	FALSE
OmopSketch	188	cran	FALSE
OpenML	188	cran	FALSE
patterncausality	188	cran	FALSE
PDN	188	cran	FALSE
photon	188	cran	FALSE
pkgstats	188	cran	FALSE
POINT	188	cran	FALSE
profoc	188	cran	FALSE
RapidFuzz	188	cran	FALSE
rBeta2009	188	cran	FALSE
REDCapDM	188	cran	FALSE
reviser	188	cran	FALSE
rfvimptest	188	cran	FALSE
Rtrack	188	cran	FALSE
rym	188	cran	FALSE
Select	188	cran	FALSE
semfindr	188	cran	FALSE
SharpeR	188	cran	FALSE
suggests	188	cran	FALSE
systemicrisk	188	cran	FALSE
testex	188	cran	FALSE
TestGardener	188	cran	FALSE
textrank	188	cran	FALSE
webdav	188	cran	FALSE
wex	188	cran	FALSE
Xcertainty	188	cran	FALSE
adiv	187	cran	FALSE
AgeBandDecomposition	187	cran	FALSE
alcyon	187	cran	FALSE
arete	187	cran	FALSE
aSPU	187	cran	FALSE
badp	187	cran	FALSE
BFF	187	cran	FALSE
BigDataStatMeth	187	cran	FALSE
biodbExpasy	187	bioc_fallback_rank	FALSE
BLOQ	187	cran	FALSE
BLSloadR	187	cran	FALSE
boot_pval	187	cran	FALSE
Boptbd	187	cran	FALSE
chopthin	187	cran	FALSE
CLRtools	187	cran	FALSE
commafree	187	cran	FALSE
cppSim	187	cran	FALSE
cyclomort	187	cran	FALSE
EHRtemporalVariability	187	cran	FALSE
emIRT	187	cran	FALSE
fasterRaster	187	cran	FALSE
fireproof	187	cran	FALSE
GCCfactor	187	cran	FALSE
ggdibbler	187	cran	FALSE
glassdoor	187	cran	FALSE
GLCMTextures	187	cran	FALSE
grantham	187	cran	FALSE
hbal	187	cran	FALSE
highMLR	187	cran	FALSE
idealstan	187	cran	FALSE
ipeaplot	187	cran	FALSE
JMbdirect	187	cran	FALSE
jrSiCKLSNMF	187	cran	FALSE
KLINK	187	cran	FALSE
kpeaks	187	cran	FALSE
LFDREmpiricalBayes	187	cran	FALSE
localScore	187	cran	FALSE
matrixNormal	187	cran	FALSE
mbg	187	cran	FALSE
mize	187	cran	FALSE
mlrintermbo	187	cran	FALSE
NHLData	187	cran	FALSE
nimbleSMC	187	cran	FALSE
openVA	187	cran	FALSE
pikchr	187	cran	FALSE
profileR	187	cran	FALSE
qcluster	187	cran	FALSE
rcbalance	187	cran	FALSE
refseqR	187	cran	FALSE
robusTest	187	cran	FALSE
RTMBdist	187	cran	FALSE
Rveg	187	cran	FALSE
RVIpkg	187	cran	FALSE
smoothic	187	cran	FALSE
ssmodels	187	cran	FALSE
starwarsdb	187	cran	FALSE
strucchangeRcpp	187	cran	FALSE
supportR	187	cran	FALSE
survextrap	187	cran	FALSE
syrup	187	cran	FALSE
tesselle	187	cran	FALSE
TKCat	187	cran	FALSE
tmap_networks	187	cran	FALSE
vaultr	187	cran	FALSE
Vicus	187	cran	FALSE
weightr	187	cran	FALSE
xegaGpGene	187	cran	FALSE
xiacf	187	cran	FALSE
beeca	186	cran	FALSE
biosignalEMG	186	cran	FALSE
birddog	186	cran	FALSE
BLModel	186	cran	FALSE
bnclassify	186	cran	FALSE
catcont	186	cran	FALSE
cbcTools	186	cran	FALSE
cforecast	186	cran	FALSE
cophescan	186	cran	FALSE
corpustools	186	cran	FALSE
covidcast	186	cran	FALSE
Cronbach	186	cran	FALSE
D3GB	186	cran	FALSE
DatabionicSwarm	186	cran	FALSE
datapackage	186	cran	FALSE
decemedip	186	bioc_fallback_rank	FALSE
depCensoring	186	cran	FALSE
elfgen	186	cran	FALSE
EMAS	186	cran	FALSE
emphatic	186	cran	FALSE
envDocument	186	cran	FALSE
EQUALSTATS	186	cran	FALSE
EvidenceSynthesis	186	cran	FALSE
exhaustiveRasch	186	cran	FALSE
fishtree	186	cran	FALSE
FLASHMM	186	cran	FALSE
fmpcloudr	186	cran	FALSE
forcis	186	cran	FALSE
fr	186	cran	FALSE
ggautomap	186	cran	FALSE
ggcharts	186	cran	FALSE
ggDNAvis	186	cran	FALSE
GGEBiplots	186	cran	FALSE
gmmsslm	186	cran	FALSE
grpnet	186	cran	FALSE
h5lite	186	cran	TRUE
immunogenetr	186	cran	FALSE
insee	186	cran	FALSE
ivDiag	186	cran	FALSE
jobqueue	186	cran	FALSE
kappaSize	186	cran	FALSE
klassR	186	cran	FALSE
maat	186	cran	FALSE
MAIHDA	186	cran	FALSE
medicare	186	cran	FALSE
MFPCA	186	cran	FALSE
mulea	186	cran	FALSE
necountries	186	cran	FALSE
neldermead	186	cran	FALSE
NetworkRiskMeasures	186	cran	FALSE
onemapsgapi	186	cran	FALSE
periscope	186	cran	FALSE
PHENTHAUproc	186	cran	FALSE
pkgdepR	186	cran	FALSE
planscorer	186	cran	FALSE
pooledpeaks	186	cran	FALSE
RcmdrPlugin_ROC	186	cran	FALSE
Rcssplot	186	cran	FALSE
rmdcev	186	cran	FALSE
RMeDPower2	186	cran	FALSE
rMIDAS	186	cran	FALSE
RRgeo	186	cran	FALSE
rsinaica	186	cran	FALSE
ryandexdirect	186	cran	FALSE
snowquery	186	cran	FALSE
SpoMAG	186	cran	FALSE
svyROC	186	cran	FALSE
TailClassifier	186	cran	FALSE
telescope	186	cran	FALSE
tilegramsR	186	cran	FALSE
twowaytests	186	cran	FALSE
unhcrthemes	186	cran	FALSE
unittest	186	cran	FALSE
anipaths	185	cran	FALSE
BACCO	185	cran	FALSE
bayesCureRateModel	185	cran	FALSE
beastier	185	cran	FALSE
blockr_core	185	cran	FALSE
bvarsv	185	cran	FALSE
cmsafops	185	cran	FALSE
codeCollection	185	cran	FALSE
colleyRstats	185	cran	FALSE
confMeta	185	cran	FALSE
crosslag	185	cran	FALSE
cureplots	185	cran	FALSE
data_table_threads	185	cran	FALSE
divo	185	cran	FALSE
dsTidyverse	185	cran	FALSE
ELYP	185	cran	FALSE
evoper	185	cran	FALSE
FactorHet	185	cran	FALSE
FateID	185	cran	FALSE
flowTraceR	185	cran	FALSE
folda	185	cran	FALSE
genomicper	185	cran	FALSE
geovol	185	cran	FALSE
ggDoubleHeat	185	cran	FALSE
gorica	185	cran	FALSE
HDoutliers	185	cran	FALSE
imfweo	185	cran	FALSE
ipADMIXTURE	185	cran	FALSE
ivmodel	185	cran	FALSE
LexisNexisTools	185	cran	FALSE
LLMR	185	cran	FALSE
mapbayr	185	cran	FALSE
mapsapi	185	cran	FALSE
mcca	185	cran	FALSE
mgwrhw	185	cran	FALSE
MIMSunit	185	cran	FALSE
mlr3resampling	185	cran	FALSE
MultiscaleDTM	185	cran	FALSE
netgsa	185	cran	FALSE
olr	185	cran	FALSE
optimbase	185	cran	FALSE
PakPMICS2018mn	185	cran	FALSE
pct	185	cran	FALSE
photobiologySensors	185	cran	FALSE
phylotate	185	cran	FALSE
PieGlyph	185	cran	FALSE
PL94171	185	cran	FALSE
potions	185	cran	FALSE
prop_comb_RR	185	cran	FALSE
qtl2pleio	185	cran	FALSE
RCEIM	185	cran	FALSE
rminqa	185	cran	FALSE
SAiVE	185	cran	FALSE
SAMBA	185	cran	FALSE
scellpam	185	cran	FALSE
SIHR	185	cran	FALSE
simctest	185	cran	FALSE
Sojourn	185	cran	FALSE
specs	185	cran	FALSE
spfda	185	cran	FALSE
STATcubeR	185	cran	FALSE
subdetect	185	cran	FALSE
sValues	185	cran	FALSE
tidyCDISC	185	cran	FALSE
TMTI	185	cran	FALSE
transreg	185	cran	FALSE
worldbank	185	cran	FALSE
YieldCurve	185	cran	FALSE
zetadiv	185	cran	FALSE
AHPGaussian	184	cran	FALSE
ameras	184	cran	FALSE
aramappings	184	cran	FALSE
autovi	184	cran	FALSE
BIGL	184	cran	FALSE
bndovb	184	cran	FALSE
catdap	184	cran	FALSE
cheetahR	184	cran	FALSE
climatrends	184	cran	FALSE
CompoundEvents	184	cran	FALSE
CopernicusDEM	184	cran	FALSE
crmReg	184	cran	FALSE
csdb	184	cran	FALSE
Dpit	184	cran	FALSE
easylabel	184	cran	FALSE
eyetrackingR	184	cran	FALSE
features	184	cran	FALSE
fntl	184	cran	FALSE
fwlplot	184	cran	FALSE
geotargets	184	cran	FALSE
gglogger	184	cran	FALSE
ggview	184	cran	FALSE
govinfoR	184	cran	FALSE
gsDesign2	184	cran	FALSE
highTtest	184	cran	FALSE
HQM	184	cran	FALSE
klovan	184	cran	FALSE
knnmi	184	cran	FALSE
lakhesis	184	cran	FALSE
LightLogR	184	cran	FALSE
mergedblocks	184	cran	FALSE
MGDrivE	184	cran	FALSE
mgwrsar	184	cran	FALSE
mixvlmc	184	cran	FALSE
modelfree	184	cran	FALSE
mpmsim	184	cran	FALSE
netCoin	184	cran	FALSE
nhlscraper	184	cran	FALSE
OpeNoise	184	cran	FALSE
optim_functions	184	cran	FALSE
orgutils	184	cran	FALSE
osrm_backend	184	cran	FALSE
Pade	184	cran	FALSE
PANACEA	184	cran	FALSE
PFW	184	cran	FALSE
pkgdiff	184	cran	FALSE
pooh	184	cran	FALSE
ptetools	184	cran	FALSE
ptm	184	cran	FALSE
rebus_unicode	184	cran	FALSE
rehh_data	184	cran	FALSE
resevol	184	cran	FALSE
RNewsflow	184	cran	FALSE
rnpn	184	cran	FALSE
rstream	184	cran	FALSE
sae4health	184	cran	FALSE
simfinapi	184	cran	FALSE
sourcoise	184	cran	FALSE
spagmix	184	cran	FALSE
SRscore	184	cran	FALSE
streamy	184	cran	FALSE
SwimmeR	184	cran	FALSE
TernTables	184	cran	FALSE
THREC	184	cran	FALSE
TidyConsultant	184	cran	FALSE
tirt	184	cran	FALSE
tscv	184	cran	FALSE
turboEM	184	cran	FALSE
unglue	184	cran	FALSE
volker	184	cran	FALSE
xVA	184	cran	FALSE
afdx	183	cran	FALSE
anomaly	183	cran	FALSE
BayesMoFo	183	cran	FALSE
bmlm	183	cran	FALSE
breakaway	183	cran	FALSE
CADF	183	cran	FALSE
cholera	183	cran	FALSE
clubpro	183	cran	FALSE
covequal	183	cran	FALSE
crossmap	183	cran	FALSE
datamuseum	183	cran	FALSE
DCEM	183	cran	FALSE
DCluster	183	cran	FALSE
derivmkts	183	cran	FALSE
Dire	183	cran	FALSE
DJL	183	cran	FALSE
dsb	183	cran	FALSE
educabR	183	cran	FALSE
eegkit	183	cran	FALSE
EMP	183	cran	FALSE
famish	183	cran	FALSE
flippant	183	cran	FALSE
fmriAR	183	cran	FALSE
fmx	183	cran	FALSE
gerda	183	cran	FALSE
GetLattesData	183	cran	FALSE
GISTools	183	cran	FALSE
hemispheR	183	cran	FALSE
HRW	183	cran	FALSE
iccTraj	183	cran	FALSE
icesAdvice	183	cran	FALSE
intamap	183	cran	FALSE
JATSdecoder	183	cran	FALSE
KnockoffHybrid	183	cran	FALSE
ladder	183	cran	FALSE
MaddisonData	183	cran	FALSE
mapchina	183	cran	FALSE
mapindia	183	cran	FALSE
MBBEFDLite	183	cran	FALSE
nortsTest	183	cran	FALSE
nswgeo	183	cran	FALSE
onion	183	cran	FALSE
PakPMICS2014Ch	183	cran	FALSE
pldamixture	183	cran	FALSE
pressuRe	183	cran	FALSE
PropScrRand	183	cran	FALSE
psborrow	183	cran	FALSE
ReactomeGraph4R	183	bioc_fallback_rank	FALSE
REEMtree	183	cran	FALSE
rfriend	183	cran	FALSE
RISCA	183	cran	FALSE
rixpress	183	cran	FALSE
rjaf	183	cran	FALSE
rollupTree	183	cran	FALSE
sars	183	cran	FALSE
savvyr	183	cran	FALSE
searcher	183	cran	FALSE
SESraster	183	cran	FALSE
simcross	183	cran	FALSE
SubgrpID	183	cran	FALSE
textrar	183	cran	FALSE
theorytools	183	cran	FALSE
VancouvR	183	cran	FALSE
agriDQ	182	cran	FALSE
arcgisplaces	182	cran	FALSE
ARTtransfer	182	cran	FALSE
BifactorIndicesCalculator	182	cran	FALSE
binaryRL	182	cran	FALSE
CardioDataSets	182	cran	FALSE
CDGHMM	182	cran	FALSE
ChileDataAPI	182	cran	FALSE
citecorp	182	cran	FALSE
ciuupi	182	cran	FALSE
CleaningValidation	182	cran	FALSE
CMTFtoolbox	182	cran	FALSE
COveR	182	cran	FALSE
covid19_analytics	182	cran	FALSE
cropdatape	182	cran	FALSE
dacc	182	cran	FALSE
denguedatahub	182	cran	FALSE
DisImpact	182	cran	FALSE
drf	182	cran	FALSE
DRomics	182	cran	FALSE
emhawkes	182	cran	FALSE
ernm	182	cran	FALSE
ExtDist	182	cran	FALSE
famSKATRC	182	cran	FALSE
fangs	182	cran	FALSE
FastKM	182	cran	FALSE
FinancialMath	182	cran	FALSE
finiteruinprob	182	cran	FALSE
funMoDisco	182	cran	FALSE
GDILM_SIR	182	cran	FALSE
ggEDA	182	cran	FALSE
highlightr	182	cran	FALSE
icesSD	182	cran	FALSE
IMak	182	cran	FALSE
JMbayes	182	cran	FALSE
kmer	182	cran	FALSE
learningtower	182	cran	FALSE
limexhub	182	cran	FALSE
LMMstar	182	cran	FALSE
ltc	182	cran	FALSE
macro	182	cran	FALSE
microdiluteR	182	cran	FALSE
mvglmmRank	182	cran	FALSE
nhppp	182	cran	FALSE
NumericEnsembles	182	cran	FALSE
ordgam	182	cran	FALSE
panelsummary	182	cran	FALSE
paths	182	cran	FALSE
PBIBD	182	cran	FALSE
pcvr	182	cran	FALSE
PLFD	182	cran	FALSE
powerLATE	182	cran	FALSE
ptmixed	182	cran	FALSE
r2dii_match	182	cran	FALSE
R2MLwiN	182	cran	FALSE
reappraised	182	cran	FALSE
rgsp	182	cran	FALSE
rmake	182	cran	FALSE
robustmatrix	182	cran	FALSE
sarp_snowprofile	182	cran	FALSE
SmCCNet	182	cran	FALSE
sport	182	cran	FALSE
ssddata	182	cran	FALSE
STV	182	cran	FALSE
textTinyR	182	cran	FALSE
tidyexposomics	182	bioc_fallback_rank	FALSE
TrialSimulator	182	cran	FALSE
twilio	182	cran	FALSE
virustotal	182	cran	FALSE
vismeteor	182	cran	FALSE
visPedigree	182	cran	FALSE
visualFields	182	cran	FALSE
WRTDStidal	182	cran	FALSE
xlcharts	182	cran	FALSE
zephyr	182	cran	FALSE
zoomerjoin	182	cran	FALSE
abd	181	cran	FALSE
actuary	181	cran	FALSE
algebraic_mle	181	cran	FALSE
asciiSetupReader	181	cran	FALSE
autotesteR	181	cran	FALSE
Bayesiangammareg	181	cran	FALSE
BEMPdata	181	cran	FALSE
bfbin2arm	181	cran	FALSE
bpgmm	181	cran	FALSE
bsitar	181	cran	FALSE
cascadess	181	cran	FALSE
classmap	181	cran	FALSE
colocPropTest	181	cran	FALSE
cols	181	cran	FALSE
DALSM	181	cran	FALSE
dextergui	181	cran	FALSE
disbayes	181	cran	FALSE
DOTSeq	181	bioc_fallback_rank	FALSE
educationR	181	cran	FALSE
europop	181	cran	FALSE
EXPAR	181	cran	FALSE
ExtremeRisks	181	cran	FALSE
fakmct	181	cran	FALSE
fastadi	181	cran	FALSE
fso	181	cran	FALSE
geodiv	181	cran	FALSE
ggquiver	181	cran	FALSE
gjam	181	cran	FALSE
GPSeqClus	181	cran	FALSE
Haplin	181	cran	FALSE
iheatmapr	181	cran	FALSE
IIS	181	cran	FALSE
istat	181	cran	FALSE
KrakenR	181	cran	FALSE
linelistBayes	181	cran	FALSE
lpda	181	cran	FALSE
medrxivr	181	cran	FALSE
MKMeans	181	cran	FALSE
MoEClust	181	cran	FALSE
MSbox	181	cran	FALSE
MUGS	181	cran	FALSE
occumb	181	cran	FALSE
onsvplot	181	cran	FALSE
optbin	181	cran	FALSE
parcats	181	cran	FALSE
parquetize	181	cran	FALSE
pdc	181	cran	FALSE
plotprotein	181	cran	FALSE
predict3d	181	cran	FALSE
randomizeR	181	cran	FALSE
SeaGraphs	181	cran	FALSE
selection_index	181	cran	FALSE
sisti	181	cran	FALSE
smurf	181	cran	FALSE
sqlq	181	cran	FALSE
SRMERS	181	cran	FALSE
swdpwr	181	cran	FALSE
talkr	181	cran	FALSE
tidyfast	181	cran	FALSE
tmap_glyphs	181	cran	FALSE
trade	181	cran	FALSE
vDiveR	181	cran	FALSE
WaverideR	181	cran	FALSE
wehoop	181	cran	FALSE
Ymisc	181	cran	FALSE
acebayes	180	cran	FALSE
aroma_apd	180	cran	FALSE
blocking	180	cran	FALSE
blockr_io	180	cran	FALSE
bujar	180	cran	FALSE
clinTrialData	180	cran	FALSE
CombinS	180	cran	FALSE
coxsei	180	cran	FALSE
daltoolboxdp	180	cran	FALSE
diario	180	cran	FALSE
elhmc	180	cran	FALSE
EMMLi	180	cran	FALSE
eva	180	cran	FALSE
geostan	180	cran	FALSE
ggordiplots	180	cran	FALSE
Goodreader	180	cran	FALSE
grplasso	180	cran	FALSE
heck	180	cran	FALSE
hmm_discnp	180	cran	FALSE
igraphwalshdata	180	cran	FALSE
IRTest	180	cran	FALSE
MAMS	180	cran	FALSE
mapindiatools	180	cran	FALSE
maraca	180	cran	FALSE
MatrixCorrelation	180	cran	FALSE
mddmaps	180	cran	FALSE
miceFast	180	cran	FALSE
migrate	180	cran	FALSE
minesweeper	180	cran	FALSE
motmot	180	cran	FALSE
MTest	180	cran	FALSE
MTLR	180	cran	FALSE
nichetools	180	cran	FALSE
orloca_es	180	cran	FALSE
processpredictR	180	cran	FALSE
qcr	180	cran	FALSE
RchivalTag	180	cran	FALSE
RcmdrPlugin_MPAStats	180	cran	FALSE
reflimR	180	cran	FALSE
remmy	180	cran	FALSE
rim	180	cran	FALSE
RMX	180	cran	FALSE
roben	180	cran	FALSE
S7schema	180	cran	FALSE
saber	180	cran	FALSE
samplesizeestimator	180	cran	FALSE
sc2sc	180	cran	FALSE
survAH	180	cran	FALSE
survdnn	180	cran	FALSE
svrep	180	cran	FALSE
tern_mmrm	180	cran	FALSE
twinning	180	cran	FALSE
unpivotr	180	cran	FALSE
vchartr	180	cran	FALSE
VisitorCounts	180	cran	FALSE
WaveletGARCH	180	cran	FALSE
abima	179	cran	FALSE
antaresProcessing	179	cran	FALSE
apm	179	cran	FALSE
Bayesrel	179	cran	FALSE
bifrost	179	cran	FALSE
BiplotML	179	cran	FALSE
BivGeo	179	cran	FALSE
BLA	179	cran	FALSE
blockTools	179	cran	FALSE
boodd	179	cran	FALSE
capesR	179	cran	FALSE
chemdeg	179	cran	FALSE
COINr	179	cran	FALSE
ConfMatrix	179	cran	FALSE
countyhealthR	179	cran	FALSE
deflist	179	cran	FALSE
dexisensitivity	179	cran	FALSE
dir2json	179	cran	FALSE
ecotrends	179	cran	FALSE
fullfact	179	cran	FALSE
funHDDC	179	cran	FALSE
funtimes	179	cran	FALSE
GEOsearch	179	bioc_fallback_rank	FALSE
ggalign	179	cran	FALSE
glcm	179	cran	FALSE
GoMiner	179	cran	FALSE
greeks	179	cran	FALSE
gt4ireval	179	cran	FALSE
GWASinspector	179	cran	FALSE
GxEprs	179	cran	FALSE
healthdb	179	cran	FALSE
ib	179	cran	FALSE
ILSAmerge	179	cran	FALSE
ineAtlas	179	cran	FALSE
install_load	179	cran	FALSE
iNZightPlots	179	cran	FALSE
ip2locationio	179	cran	FALSE
ipd	179	cran	FALSE
mini007	179	cran	FALSE
mmapcharr	179	cran	FALSE
mtscr	179	cran	FALSE
nflseedR	179	cran	FALSE
nonmem2R	179	cran	FALSE
nonmem2rx	179	cran	FALSE
nzilbb_labbcat	179	cran	FALSE
palinsol	179	cran	FALSE
PAutilities	179	cran	FALSE
personalized2part	179	cran	FALSE
RastaRocket	179	cran	FALSE
RcamelsCL	179	cran	FALSE
rcbayes	179	cran	FALSE
REffectivePred	179	cran	FALSE
releaser	179	cran	FALSE
rgnoisefilt	179	cran	FALSE
RNAseqQC	179	cran	FALSE
RoME	179	cran	FALSE
safejoin	179	cran	FALSE
samplr	179	cran	FALSE
shinyOAuth	179	cran	FALSE
SSVS	179	cran	FALSE
survkl	179	cran	FALSE
TDAstats	179	cran	FALSE
tidyestimate	179	cran	FALSE
tsaux	179	cran	FALSE
utsf	179	cran	FALSE
voice	179	cran	FALSE
walker	179	cran	FALSE
weightedsurv	179	cran	FALSE
xegaBNF	179	cran	FALSE
zlib	179	cran	FALSE
AIBias	178	cran	FALSE
argonDash	178	cran	FALSE
AutoWMM	178	cran	FALSE
bayes4psy	178	cran	FALSE
bddkR	178	cran	FALSE
BI	178	cran	FALSE
biometrics	178	cran	FALSE
boe	178	cran	FALSE
bootmlm	178	cran	FALSE
braids	178	cran	FALSE
bsamGP	178	cran	FALSE
cdid	178	cran	FALSE
checkCLI	178	cran	FALSE
classifly	178	cran	FALSE
cogmapr	178	cran	FALSE
comorosmaps	178	cran	FALSE
correlatio	178	cran	FALSE
cre_dcf	178	cran	FALSE
dcmodify	178	cran	FALSE
DeRezende_Ferreira	178	cran	FALSE
devRate	178	cran	FALSE
DigestiveDataSets	178	cran	FALSE
DIscBIO	178	cran	FALSE
dlsem	178	cran	FALSE
dual	178	cran	FALSE
eba	178	cran	FALSE
eVCGsampler	178	cran	FALSE
fable_ata	178	cran	FALSE
firestorm	178	cran	FALSE
gbts	178	cran	FALSE
glmmSeq	178	cran	FALSE
iheiddown	178	cran	FALSE
iucnr	178	cran	FALSE
learnPopGen	178	cran	FALSE
lofifonts	178	cran	FALSE
manydata	178	cran	FALSE
MLE	178	cran	FALSE
msPCA	178	cran	FALSE
NetCoupler	178	cran	FALSE
NoviceDeveloperResources	178	cran	FALSE
objectSignals	178	cran	FALSE
OHPL	178	cran	FALSE
openEBGM	178	cran	FALSE
OptHoldoutSize	178	cran	FALSE
PACVr	178	cran	FALSE
piqp	178	cran	FALSE
powerbrmsINLA	178	cran	FALSE
prepplot	178	cran	FALSE
prome	178	cran	FALSE
protein8k	178	cran	FALSE
quaxnat	178	cran	FALSE
ramps	178	cran	FALSE
regioncode	178	cran	FALSE
RITCH	178	cran	FALSE
robmedExtra	178	cran	FALSE
rvisidata	178	cran	FALSE
saeczi	178	cran	FALSE
SimRDS	178	cran	FALSE
ssMRCD	178	cran	FALSE
staRgate	178	bioc_fallback_rank	FALSE
stdmod	178	cran	FALSE
stressor	178	cran	FALSE
susographql	178	cran	FALSE
talib	178	cran	TRUE
tlsR	178	cran	FALSE
Tushare	178	cran	FALSE
updater	178	cran	FALSE
vcmeta	178	cran	FALSE
VMDecomp	178	cran	FALSE
whisper	178	cran	TRUE
zscorer	178	cran	FALSE
ABRSQOL	177	cran	FALSE
aRxiv	177	cran	FALSE
assemblykor	177	cran	FALSE
asteRisk	177	cran	FALSE
atlasapprox	177	cran	FALSE
AuxSurvey	177	cran	FALSE
baymedr	177	cran	FALSE
bdsvd	177	cran	FALSE
BinaryDosage	177	cran	TRUE
BrainNetTest	177	cran	FALSE
bunddev	177	cran	FALSE
CaMeA	177	cran	FALSE
CellMentor	177	bioc_fallback_rank	FALSE
cheddar	177	cran	FALSE
COINT	177	cran	FALSE
d3Network	177	cran	FALSE
d3plus	177	cran	FALSE
DedooseR	177	cran	FALSE
dnr	177	cran	FALSE
EMgaussian	177	cran	FALSE
emodnet_wfs	177	cran	FALSE
EpiContactTrace	177	cran	FALSE
EPLSIM	177	cran	FALSE
f1dataR	177	cran	FALSE
FMradio	177	cran	FALSE
forecastLSW	177	cran	FALSE
GFDsurv	177	cran	FALSE
glmbayes	177	cran	FALSE
gptoolsStan	177	cran	FALSE
grandR	177	cran	FALSE
graphicalEvidence	177	cran	FALSE
GSDA	177	cran	FALSE
hbsaems	177	cran	FALSE
hwsdr	177	cran	FALSE
hyper2	177	cran	FALSE
jmvconnect	177	cran	FALSE
marlod	177	cran	FALSE
minimalistGODB	177	cran	FALSE
mma	177	cran	FALSE
MRCV	177	cran	FALSE
mrf	177	cran	FALSE
MultiBD	177	cran	FALSE
multilevLCA	177	cran	FALSE
new_dist	177	cran	FALSE
OpEnHiMR	177	cran	FALSE
pmr	177	cran	FALSE
polyreg	177	cran	FALSE
PResiduals	177	cran	FALSE
r_proxy	177	cran	FALSE
RcppEigenAD	177	cran	FALSE
ReSurv	177	cran	FALSE
revealedPrefs	177	cran	FALSE
RMSDp	177	cran	FALSE
rrpack	177	cran	FALSE
rtestim	177	cran	FALSE
Rtwobitlib	177	cran	FALSE
sejmRP	177	cran	FALSE
serocalculator	177	cran	FALSE
shinytitle	177	cran	FALSE
TAR	177	cran	FALSE
traineR	177	cran	FALSE
truncSP	177	cran	FALSE
ump	177	cran	FALSE
agpower	176	cran	FALSE
ccLRforR	176	cran	FALSE
ChangepointTesting	176	cran	FALSE
checkhelper	176	cran	FALSE
CompositionalClust	176	cran	FALSE
comstab	176	cran	FALSE
corrselect	176	cran	FALSE
cpam	176	cran	FALSE
ctgGEM	176	bioc_fallback_rank	FALSE
ctoclient	176	cran	FALSE
CTxCC	176	cran	FALSE
DataSimilarity	176	cran	FALSE
deductive	176	cran	FALSE
discoveR	176	cran	FALSE
erify	176	cran	FALSE
FnR	176	cran	FALSE
getRad	176	cran	FALSE
ggpop	176	cran	FALSE
GoFKernel	176	cran	FALSE
GregoryQuadrature	176	cran	FALSE
HDNRA	176	cran	FALSE
HMC	176	cran	FALSE
hubEnsembles	176	cran	FALSE
iccbeta	176	cran	FALSE
iotables	176	cran	FALSE
kfda	176	cran	FALSE
lacm	176	cran	FALSE
lmeSplines	176	cran	FALSE
LSAfun	176	cran	FALSE
mantis	176	cran	FALSE
MazamaRollUtils	176	cran	FALSE
MCPAN	176	cran	FALSE
meta4diag	176	cran	FALSE
MIRES	176	cran	FALSE
multiwave	176	cran	FALSE
neuroimaGene	176	cran	FALSE
Omisc	176	cran	FALSE
orloca	176	cran	FALSE
OutliersLearn	176	cran	FALSE
PAICE	176	cran	FALSE
PakPC2017	176	cran	FALSE
PakPMICS2018hh	176	cran	FALSE
pioneeR	176	cran	FALSE
poolfstat	176	cran	FALSE
pRecipe	176	cran	FALSE
QR_break	176	cran	FALSE
RAFS	176	cran	FALSE
RainfallErosivityFactor	176	cran	FALSE
RcppBessel	176	cran	FALSE
RcppClassicExamples	176	cran	FALSE
rdocdump	176	cran	FALSE
rjd3x13	176	cran	TRUE
robcor	176	cran	FALSE
rregm	176	cran	FALSE
rzmq	176	cran	FALSE
SChangeBlock	176	cran	FALSE
serpstatr	176	cran	FALSE
testCompareR	176	cran	FALSE
tfprobability	176	cran	FALSE
TUWmodel	176	cran	FALSE
visvaR	176	cran	FALSE
abdiv	175	cran	FALSE
actxps	175	cran	FALSE
andorR	175	cran	FALSE
autoFlagR	175	cran	FALSE
bayesDiagnostics	175	cran	FALSE
blapsr	175	cran	FALSE
circlizePlus	175	cran	FALSE
comf	175	cran	FALSE
currentSurvival	175	cran	FALSE
CUSUMdesign	175	cran	FALSE
dendroextras	175	cran	FALSE
dirichletprocess	175	cran	FALSE
divvy	175	cran	FALSE
easyEWAS	175	cran	FALSE
eoa3	175	cran	FALSE
epicontacts	175	cran	FALSE
episomer	175	cran	FALSE
ETDQualitizer	175	cran	FALSE
evprof	175	cran	FALSE
FaaSr	175	cran	FALSE
fdicdata	175	cran	FALSE
fishualize	175	cran	FALSE
forestGYM	175	cran	FALSE
fracARMA	175	cran	FALSE
fusionclust	175	cran	FALSE
GENE_E	175	bioc_fallback_rank	FALSE
ggInterval	175	cran	FALSE
hmetad	175	cran	FALSE
HMR	175	cran	FALSE
ibdsim2	175	cran	FALSE
ICODS	175	cran	FALSE
JFE	175	cran	FALSE
LDAShiny	175	cran	FALSE
liqueueR	175	cran	FALSE
matrixCorr	175	cran	FALSE
MGDrivE2	175	cran	FALSE
midr	175	cran	FALSE
mLLMCelltype	175	cran	FALSE
ModalForecast	175	cran	FALSE
msaR	175	cran	FALSE
msdrought	175	cran	FALSE
multiDEGGs	175	cran	FALSE
mumarinex	175	cran	FALSE
mwmap	175	cran	FALSE
nser	175	cran	FALSE
ojsr	175	cran	FALSE
OmicFlow	175	cran	FALSE
paneldesc	175	cran	FALSE
PDEnaiveBayes	175	cran	FALSE
plssem	175	cran	FALSE
r3dmol	175	cran	FALSE
rda	175	cran	FALSE
RDS	175	cran	FALSE
RFOC	175	cran	FALSE
roads	175	cran	FALSE
savvyPR	175	cran	FALSE
sbtools	175	cran	FALSE
seqtrie	175	cran	FALSE
serosv	175	cran	FALSE
SHARK4R	175	cran	FALSE
shinymgr	175	cran	FALSE
sitar	175	cran	FALSE
SpatialNP	175	cran	FALSE
STAREG	175	cran	FALSE
survSAKK	175	cran	FALSE
tinytiger	175	cran	FALSE
tradestatistics	175	cran	FALSE
TTAinterfaceTrendAnalysis	175	cran	FALSE
tvcure	175	cran	FALSE
ultrapolaRplot	175	cran	FALSE
Achilles	174	cran	FALSE
BEACH	174	cran	FALSE
birdnetR	174	cran	FALSE
blatent	174	cran	FALSE
bnns	174	cran	FALSE
citsr	174	cran	FALSE
clordr	174	cran	FALSE
COMBO	174	cran	FALSE
CPsurv	174	cran	FALSE
datamedios	174	cran	FALSE
DBCVindex	174	cran	FALSE
dfcomb	174	cran	FALSE
dwdradar	174	cran	FALSE
eikosograms	174	cran	FALSE
enmSdmX	174	cran	FALSE
EQRN	174	cran	FALSE
ezec	174	cran	FALSE
fastbioclim	174	cran	FALSE
fastGLCM	174	cran	FALSE
flexord	174	cran	FALSE
geosptdb	174	cran	FALSE
ICC_Sample_Size	174	cran	FALSE
ICGE	174	cran	FALSE
ICtest	174	cran	FALSE
jointPm	174	cran	FALSE
KScorrect	174	cran	FALSE
marimekko	174	cran	FALSE
MetaCycle	174	cran	FALSE
mixtox	174	cran	FALSE
modelStudio	174	cran	FALSE
msmtools	174	cran	FALSE
nmarank	174	cran	FALSE
nycOpenData	174	cran	FALSE
objectProperties	174	cran	FALSE
openNCAI	174	cran	FALSE
OutSeekR	174	cran	FALSE
pald	174	cran	FALSE
phylopairs	174	cran	FALSE
PMwR	174	cran	FALSE
ppcc	174	cran	FALSE
Qindex	174	cran	FALSE
quallmer_app	174	cran	FALSE
rcprd	174	cran	FALSE
rebus_datetimes	174	cran	FALSE
reslr	174	cran	FALSE
RESTK	174	cran	FALSE
riskyr	174	cran	FALSE
rsdNE	174	cran	FALSE
rvkstat	174	cran	FALSE
sampcompR	174	cran	FALSE
semlbci	174	cran	FALSE
shinyGizmo	174	cran	FALSE
shrinkTVPVAR	174	cran	FALSE
smlePH	174	cran	FALSE
spopt	174	cran	TRUE
StabilityApp	174	cran	FALSE
StereoMorph	174	cran	FALSE
strata	174	cran	FALSE
TCIU	174	cran	FALSE
term	174	cran	FALSE
textplot	174	cran	FALSE
timeDF	174	cran	FALSE
usdatasets	174	cran	FALSE
AIDA	173	cran	FALSE
airGRdatasets	173	cran	FALSE
AOboot	173	cran	FALSE
atom4R	173	cran	FALSE
BRCore	173	cran	FALSE
clinify	173	cran	FALSE
clustrd	173	cran	FALSE
DGP4LCF	173	cran	FALSE
distionary	173	cran	FALSE
dynsurv	173	cran	FALSE
ecorest	173	cran	FALSE
eegkitdata	173	cran	FALSE
epiparameter	173	cran	FALSE
eq5dsuite	173	cran	FALSE
forrel	173	cran	FALSE
geommc	173	cran	FALSE
GillespieSSA	173	cran	FALSE
hmcdm	173	cran	FALSE
ICompELM	173	cran	FALSE
idar	173	cran	FALSE
IQCC	173	cran	FALSE
irboost	173	cran	FALSE
kmed	173	cran	FALSE
matsbyname	173	cran	FALSE
metacor	173	cran	FALSE
microinverterdata	173	cran	FALSE
minimaxApprox	173	cran	FALSE
MLFS	173	cran	FALSE
morseDR	173	cran	FALSE
mstudentd	173	cran	FALSE
neuroim2	173	cran	FALSE
NO_PING_PONG	173	cran	FALSE
OmopConstructor	173	cran	FALSE
ordDisp	173	cran	FALSE
OrigamiPlot	173	cran	FALSE
outbreaker2	173	cran	FALSE
PakPMICS2018mm	173	cran	FALSE
pbcc	173	cran	FALSE
PJFM	173	cran	FALSE
pmrm	173	cran	FALSE
poth	173	cran	FALSE
prioritylasso	173	cran	FALSE
Prize	173	bioc_fallback_rank	FALSE
psdr	173	cran	FALSE
rcausim	173	cran	FALSE
rjd3providers	173	cran	TRUE
RSC	173	cran	FALSE
saeTrafo	173	cran	FALSE
scf	173	cran	FALSE
simstandard	173	cran	FALSE
smallstuff	173	cran	FALSE
SMUT	173	cran	FALSE
sooty	173	cran	FALSE
stdvectors	173	cran	FALSE
STMotif	173	cran	FALSE
summata	173	cran	FALSE
tidysdm	173	cran	FALSE
treats	173	cran	FALSE
TunePareto	173	cran	FALSE
UBCRM	173	cran	FALSE
Ultimixt	173	cran	FALSE
UniversalCVI	173	cran	FALSE
vec2dtransf	173	cran	FALSE
wrassp	173	cran	FALSE
accelEE	172	cran	FALSE
BagWhiskerPlot	172	cran	FALSE
bayeslist	172	cran	FALSE
bayesmix	172	cran	FALSE
BayesPower	172	cran	FALSE
bcmixed	172	cran	FALSE
camtrapdp	172	cran	FALSE
cercospoRa	172	cran	FALSE
climwin	172	cran	FALSE
cornet	172	cran	FALSE
cvcqv	172	cran	FALSE
DDIwR	172	cran	FALSE
demulticoder	172	cran	FALSE
dineR	172	cran	FALSE
dots	172	cran	FALSE
dspline	172	cran	FALSE
earthtide	172	cran	FALSE
EasyABC	172	cran	FALSE
echelon	172	cran	FALSE
ecoCopula	172	cran	FALSE
ECOTOXr	172	cran	FALSE
eia	172	cran	FALSE
EIEntropy	172	cran	FALSE
ExPanDaR	172	cran	FALSE
FFTrees	172	cran	FALSE
findR	172	cran	FALSE
FLOPART	172	cran	FALSE
foodwebWrapper	172	cran	FALSE
frscore	172	cran	FALSE
gMOIP	172	cran	FALSE
HiveR	172	cran	TRUE
HTGM	172	cran	FALSE
ICCbin	172	cran	FALSE
ipkg	172	cran	FALSE
kuenm2	172	cran	FALSE
lchemix	172	cran	FALSE
logcondiscr	172	cran	FALSE
logolink	172	cran	FALSE
lslx	172	cran	FALSE
massProps	172	cran	FALSE
MD2sample	172	cran	FALSE
missr	172	cran	FALSE
mlS3	172	cran	FALSE
MLwrap	172	cran	FALSE
mrMLM	172	cran	FALSE
netropy	172	cran	FALSE
optbdmaeAT	172	cran	FALSE
phenofit	172	cran	FALSE
pizzarr	172	cran	FALSE
pleioh2g	172	cran	FALSE
power4mome	172	cran	FALSE
qccrs	172	cran	FALSE
quickr	172	cran	FALSE
rconvertu	172	cran	FALSE
read_abares	172	cran	FALSE
RobMixReg	172	cran	FALSE
rticulate	172	cran	FALSE
sadists	172	cran	FALSE
scMAGeCK	172	bioc_fallback_rank	FALSE
splineplot	172	cran	FALSE
starburst	172	cran	FALSE
subsampling	172	cran	FALSE
subscreen	172	cran	FALSE
tapLock	172	cran	FALSE
thriftr	172	cran	FALSE
TIMP	172	cran	FALSE
treefit	172	cran	FALSE
validmind	172	cran	FALSE
wevid	172	cran	FALSE
AbSolution	171	cran	FALSE
ami	171	cran	FALSE
bayesestdft	171	cran	FALSE
BerkeleyForestsAnalytics	171	cran	FALSE
blsR	171	cran	FALSE
BMIselect	171	cran	FALSE
BrazilDataAPI	171	cran	FALSE
broadcast	171	cran	FALSE
bunsen	171	cran	FALSE
CareDensity	171	cran	FALSE
caretForecast	171	cran	FALSE
cbsREPS	171	cran	FALSE
cherry	171	cran	FALSE
climenu	171	cran	FALSE
conformalInference_multi	171	cran	FALSE
cryptorng	171	cran	FALSE
denstest	171	cran	FALSE
dglars	171	cran	FALSE
dRiftDM	171	cran	FALSE
drrglm	171	cran	FALSE
dvmisc	171	cran	FALSE
ExposR	171	cran	FALSE
eyelinker	171	cran	FALSE
fabricQueryR	171	cran	FALSE
gaawr2	171	cran	FALSE
GADAG	171	cran	FALSE
gdldata	171	cran	FALSE
generalRSS	171	cran	FALSE
gofIG	171	cran	FALSE
handwriterApp	171	cran	FALSE
hanyupinyin	171	cran	TRUE
HTDV	171	cran	FALSE
incubate	171	cran	FALSE
libimath	171	cran	TRUE
matchmaker	171	cran	FALSE
morpheus	171	cran	FALSE
moveEZ	171	cran	FALSE
multiScaleR	171	cran	FALSE
mvcauchy	171	cran	FALSE
NetworkReg	171	cran	FALSE
npiv	171	cran	FALSE
o2ools	171	cran	FALSE
particle_swarm_optimisation	171	cran	FALSE
pcutils	171	cran	FALSE
PGM2	171	cran	FALSE
pkggraph	171	cran	FALSE
Pstat	171	cran	FALSE
rblimp	171	cran	FALSE
rct3	171	cran	FALSE
rebus_numbers	171	cran	FALSE
redatamx	171	cran	FALSE
regexSelect	171	cran	FALSE
relevance	171	cran	FALSE
rethinker	171	cran	FALSE
ribd	171	cran	FALSE
roxy_shinylive	171	cran	FALSE
RStata	171	cran	FALSE
rTLS	171	cran	FALSE
sampledatasets	171	cran	FALSE
scregclust	171	cran	FALSE
seminrExtras	171	cran	FALSE
ShapDoE	171	cran	FALSE
shinymeta	171	cran	FALSE
slendr	171	cran	FALSE
sparsegl	171	cran	FALSE
splitr	171	cran	FALSE
StableEstim	171	cran	FALSE
stam	171	bioc_fallback_rank,cran	FALSE
statuser	171	cran	FALSE
SupMZ	171	cran	FALSE
tmap_cartogram	171	cran	FALSE
tmap_mapgl	171	cran	FALSE
tsfknn	171	cran	FALSE
vaccine	171	cran	FALSE
vaxpmx	171	cran	FALSE
vcfppR	171	cran	FALSE
waou	171	cran	FALSE
WeightedROC	171	cran	FALSE
whitening	171	cran	FALSE
winputall	171	cran	FALSE
aieconindex	170	cran	FALSE
algebraic_dist	170	cran	FALSE
anthroplus	170	cran	FALSE
aphid	170	cran	FALSE
ArchaeoPhases	170	cran	FALSE
ArgentinAPI	170	cran	FALSE
awdb	170	cran	FALSE
BEND	170	cran	FALSE
BET	170	cran	FALSE
BioWorldR	170	cran	FALSE
calmr	170	cran	FALSE
cat	170	cran	FALSE
ChemoSpecUtils	170	cran	FALSE
clam	170	cran	FALSE
creditr	170	cran	FALSE
DDPstar	170	cran	FALSE
deltapif	170	cran	FALSE
DTS	170	cran	FALSE
ECDFniche	170	cran	FALSE
energyr	170	cran	FALSE
fmrihrf	170	cran	FALSE
fun	170	cran	FALSE
FunChisq	170	cran	FALSE
fuzzywuzzyR	170	cran	FALSE
GencoDymo2	170	cran	FALSE
ggdiceplot	170	cran	FALSE
glca	170	cran	FALSE
growthPheno	170	cran	FALSE
hilbertSimilarity	170	cran	FALSE
HuraultMisc	170	cran	FALSE
iemisctext	170	cran	FALSE
InvariantCausalPrediction	170	cran	FALSE
isoWater	170	cran	FALSE
IxPopDyMod	170	cran	FALSE
lapop	170	cran	FALSE
mAr	170	cran	FALSE
mcStats	170	cran	FALSE
MedxR	170	cran	FALSE
metaforest	170	cran	FALSE
metagroup	170	cran	FALSE
MethComp	170	cran	FALSE
mfpp	170	cran	FALSE
modelbpp	170	cran	FALSE
narray	170	cran	FALSE
netstat	170	cran	FALSE
NeuralEstimators	170	cran	FALSE
nlmrt	170	cran	FALSE
omophub	170	cran	FALSE
optRF	170	cran	FALSE
orbweaver	170	cran	FALSE
orthGS	170	cran	FALSE
otinference	170	cran	FALSE
PEAXAI	170	cran	FALSE
pedFamilias	170	cran	FALSE
PINSPlus	170	cran	FALSE
powerMediation	170	cran	FALSE
QGA	170	cran	FALSE
QuadratiK	170	cran	FALSE
quallmer	170	cran	FALSE
quarks	170	cran	FALSE
qVarSel	170	cran	FALSE
RcmdrPlugin_RiskDemo	170	cran	FALSE
RcppBigIntAlgos	170	cran	FALSE
RcppCensSpatial	170	cran	FALSE
robin	170	cran	FALSE
rolr	170	cran	FALSE
RPatternJoin	170	cran	FALSE
scaledescr	170	cran	FALSE
scoredec	170	cran	FALSE
SDLfilter	170	cran	FALSE
ShinyWizard	170	cran	FALSE
SNSeg	170	cran	FALSE
SoilManageR	170	cran	FALSE
SpatialTools	170	cran	FALSE
TDCM	170	cran	FALSE
tidynorm	170	cran	FALSE
TITAN2	170	cran	FALSE
trapezoid	170	cran	FALSE
TrendTM	170	cran	FALSE
TSdeeplearning	170	cran	FALSE
TSrepr	170	cran	FALSE
wdnet	170	cran	FALSE
ZonationR	170	cran	FALSE
accelerometry	169	cran	FALSE
agriTutorial	169	cran	FALSE
anyflights	169	cran	FALSE
archiveRetriever	169	cran	FALSE
Arothron	169	cran	FALSE
assertable	169	cran	FALSE
babynamesIL	169	cran	FALSE
blockr_dag	169	cran	FALSE
blockr_dock	169	cran	FALSE
cABCanalysis	169	cran	FALSE
calms	169	cran	FALSE
charcuterie	169	cran	FALSE
clustvarsel	169	cran	FALSE
CondMVT	169	cran	FALSE
cookies	169	cran	FALSE
correspondenceTables	169	cran	FALSE
CrossClustering	169	cran	FALSE
ctlr	169	cran	FALSE
CurricularAnalytics	169	cran	FALSE
cutoff	169	cran	FALSE
DanielBiostatistics10th	169	cran	FALSE
DeductiveR	169	cran	FALSE
demofit	169	cran	FALSE
DiSCos	169	cran	FALSE
DSAIDE	169	cran	FALSE
EBEN	169	cran	FALSE
eggCounts	169	cran	FALSE
epiworldRShiny	169	cran	FALSE
epsiwal	169	cran	FALSE
evolved	169	cran	FALSE
fasta	169	cran	FALSE
fastei	169	cran	FALSE
fluidsynth	169	cran	TRUE
gglinedensity	169	cran	FALSE
ggmugs	169	cran	FALSE
glyrepr	169	cran	FALSE
grapes	169	cran	FALSE
GRShiny	169	cran	FALSE
hpackedbubble	169	cran	FALSE
iccmult	169	cran	FALSE
inkaR	169	cran	FALSE
jsutils	169	cran	FALSE
kardl	169	cran	FALSE
Largevars	169	cran	FALSE
latrend	169	cran	FALSE
leafSTAR	169	cran	FALSE
manureshed	169	cran	FALSE
mcglm	169	cran	FALSE
MEAanalysis	169	cran	FALSE
MMRcaseselection	169	cran	FALSE
moodlequiz	169	cran	FALSE
moRphomenses	169	cran	FALSE
mr_mashr	169	cran	FALSE
MuChPoint	169	cran	FALSE
MVNGmod	169	cran	FALSE
nebula	169	cran	FALSE
nomogramFormula	169	cran	FALSE
opencis	169	cran	FALSE
OrdFacReg	169	cran	FALSE
pakret	169	cran	FALSE
paleoAM	169	cran	FALSE
pboost	169	cran	FALSE
peakRAM	169	cran	FALSE
phutil	169	cran	FALSE
plantecophys	169	cran	FALSE
PLindleyROC	169	cran	FALSE
plug	169	cran	FALSE
pridit	169	cran	FALSE
PrInDT	169	cran	FALSE
PubChemR	169	cran	FALSE
rankICC	169	cran	FALSE
rcens	169	cran	FALSE
RcmdrPlugin_orloca	169	cran	FALSE
rebus_base	169	cran	FALSE
RiskPortfolios	169	cran	FALSE
rjd3workspace	169	cran	TRUE
RMCC	169	cran	FALSE
rmcmc	169	cran	FALSE
RRBoost	169	cran	FALSE
SAPP	169	cran	FALSE
semtree	169	cran	FALSE
smdocker	169	cran	FALSE
SoilSaltIndex	169	cran	FALSE
soptdmaeA	169	cran	FALSE
spectrolab	169	cran	FALSE
spsUtil	169	cran	FALSE
tabstats	169	cran	FALSE
trafficCAR	169	cran	FALSE
vasicekreg	169	cran	FALSE
videogameinsightsR	169	cran	FALSE
vvconverter	169	cran	FALSE
washr	169	cran	FALSE
wildcard	169	cran	FALSE
yfinancer	169	cran	FALSE
abtest	168	cran	FALSE
AgriDiversiX	168	cran	FALSE
AMDconfigurations	168	cran	FALSE
arl	168	cran	FALSE
autotab	168	cran	FALSE
baggr	168	cran	FALSE
BaSTA	168	cran	FALSE
BayesDecon	168	cran	FALSE
behaviorchange	168	cran	FALSE
bmem	168	cran	FALSE
bootsurv	168	cran	FALSE
branchingprocess	168	cran	FALSE
CausalMetaR	168	cran	FALSE
CBASSED50	168	cran	FALSE
cdfquantreg	168	cran	FALSE
CMGFM	168	cran	FALSE
CNSigs	168	cran	FALSE
CompensAID	168	bioc_fallback_rank	FALSE
dist_structure	168	cran	FALSE
DSIR	168	cran	FALSE
dsTidyverseClient	168	cran	FALSE
dtmapi	168	cran	FALSE
econdataverse	168	cran	FALSE
elcf4R	168	cran	FALSE
engression	168	cran	FALSE
favawesome	168	cran	FALSE
fbglm	168	cran	FALSE
FoCo2	168	cran	FALSE
GCD	168	cran	FALSE
geotopbricks	168	cran	FALSE
GUTS	168	cran	FALSE
h3o	168	cran	FALSE
heritable	168	cran	FALSE
hydraulics	168	cran	FALSE
imbalanceDatRel	168	cran	FALSE
infoxtr	168	cran	FALSE
InvasionCorrection	168	cran	FALSE
keys	168	cran	FALSE
magicLamp	168	cran	FALSE
mathml	168	cran	FALSE
mcmodule	168	cran	FALSE
mermboost	168	cran	FALSE
miCoPTCM	168	cran	FALSE
MicroMacroMultilevel	168	cran	FALSE
NameNeedle	168	cran	FALSE
ngramr	168	cran	FALSE
niarules	168	cran	FALSE
pharmaRTF	168	cran	FALSE
PlateVision	168	cran	FALSE
prmisc	168	cran	FALSE
RcmdrPlugin_DCCV	168	cran	FALSE
reportr	168	cran	FALSE
rGV	168	cran	FALSE
ROCpsych	168	cran	FALSE
RRmorph	168	cran	FALSE
rtabulator	168	cran	FALSE
Ruido	168	cran	FALSE
rwalkr	168	cran	FALSE
shiny2docker	168	cran	FALSE
tidyfit	168	cran	FALSE
typr	168	cran	FALSE
vacalibration	168	cran	FALSE
VAM	168	cran	FALSE
vibass	168	cran	FALSE
weightedRank	168	cran	FALSE
where	168	cran	FALSE
wINEQ	168	cran	FALSE
ArDec	167	cran	FALSE
assertions	167	cran	FALSE
assignR	167	cran	FALSE
AssociationExplorer2	167	cran	FALSE
baRulho	167	cran	FALSE
bayesforecast	167	cran	FALSE
BayesVarSel	167	cran	FALSE
bplsr	167	cran	FALSE
brassica	167	cran	FALSE
breathtestcore	167	cran	FALSE
brightspaceR	167	cran	FALSE
bshazard	167	cran	FALSE
censo2022arg	167	cran	FALSE
ces	167	cran	FALSE
clinDataReview	167	cran	FALSE
contdid	167	cran	FALSE
corteza	167	cran	FALSE
corto	167	cran	FALSE
countmaskr	167	cran	FALSE
deident	167	cran	FALSE
drugfindR	167	bioc_fallback_rank	FALSE
DTEBOP2	167	cran	FALSE
eatRep	167	cran	FALSE
ffm	167	cran	FALSE
flexlsx	167	cran	FALSE
FLSSS	167	cran	FALSE
fonctionr	167	cran	FALSE
ForeCA	167	cran	FALSE
GaussSuppression	167	cran	FALSE
GenEst	167	cran	FALSE
GLDEX	167	cran	FALSE
GPvecchia	167	cran	FALSE
gravity	167	cran	FALSE
GridOnClusters	167	cran	FALSE
HDMT	167	cran	FALSE
heterocop	167	cran	FALSE
hydrostats	167	cran	FALSE
iglm	167	cran	FALSE
ISEtools	167	cran	FALSE
JUMP	167	cran	FALSE
latent2likert	167	cran	FALSE
MarZIC	167	cran	FALSE
MixtureFitting	167	cran	FALSE
mvvg	167	cran	FALSE
NADA2	167	cran	FALSE
NBDCtools	167	cran	FALSE
NlsyLinks	167	cran	FALSE
pairwiseLLM	167	cran	FALSE
pdxTrees	167	cran	FALSE
pk_unit_trans	167	cran	FALSE
ranktreeEnsemble	167	cran	FALSE
rapidsplithalf	167	cran	FALSE
rbtt	167	cran	FALSE
rCausalMGM	167	cran	FALSE
RcmdrPlugin_DCE	167	cran	FALSE
RCognito	167	cran	FALSE
refineR	167	cran	FALSE
remindR	167	cran	FALSE
retry	167	cran	FALSE
rPDBapi	167	cran	FALSE
SCDA	167	cran	FALSE
scov	167	cran	FALSE
scPairs	167	cran	FALSE
sgplot	167	cran	FALSE
shiny_ollama	167	cran	FALSE
shiny_webawesome	167	cran	FALSE
sicher	167	cran	FALSE
ssd4mosaic	167	cran	FALSE
SSN2	167	cran	FALSE
TopSisWM	167	cran	FALSE
touRnamentofchampions	167	cran	FALSE
ume	167	cran	FALSE
upset_hp	167	cran	FALSE
yorkr	167	cran	FALSE
argosfilter	166	cran	FALSE
ato	166	cran	FALSE
bdf3	166	cran	FALSE
CATAcode	166	cran	FALSE
CB2	166	cran	FALSE
cdfinv	166	cran	FALSE
clockplot	166	cran	FALSE
cmpp	166	cran	FALSE
coda4microbiome	166	cran	FALSE
CoDaLoMic	166	cran	FALSE
ctablerseh	166	cran	FALSE
DESA	166	cran	FALSE
epm	166	cran	FALSE
estar	166	cran	FALSE
estimateW	166	cran	FALSE
eva3dm	166	cran	FALSE
extremevalues	166	cran	FALSE
fertilmodel	166	cran	FALSE
fipio	166	cran	FALSE
fjoin	166	cran	FALSE
fkcentroids	166	cran	FALSE
funcharts	166	cran	FALSE
fusen	166	cran	FALSE
HeckmanStan	166	cran	FALSE
HistDAWass	166	cran	FALSE
ihsMW	166	cran	FALSE
infixit	166	cran	FALSE
lievens	166	cran	FALSE
loon	166	cran	FALSE
MBRM	166	cran	FALSE
micropan	166	cran	FALSE
MonotoneHazardRatio	166	cran	FALSE
MVar	166	cran	FALSE
npsurvSS	166	cran	FALSE
nseq	166	cran	FALSE
onsvtables	166	cran	FALSE
optrcdmaeAT	166	cran	FALSE
paleoDiv	166	cran	FALSE
papeR	166	cran	FALSE
PCFAM	166	cran	FALSE
plaid	166	bioc_fallback_rank	FALSE
rainette	166	cran	FALSE
RChASM	166	cran	FALSE
REddyProcNCDF	166	cran	FALSE
RMCDA	166	cran	FALSE
robust_prioritizr	166	cran	FALSE
saens	166	cran	FALSE
schoolmath	166	cran	FALSE
semhelpinghands	166	cran	FALSE
sensortowerR	166	cran	FALSE
shinyloadtest	166	cran	FALSE
shinyseo	166	cran	FALSE
SiER	166	cran	FALSE
simDNAmixtures	166	cran	FALSE
ssw	166	cran	FALSE
SynthETIC	166	cran	FALSE
tbea	166	cran	FALSE
textpress	166	cran	FALSE
tLagInterim	166	cran	FALSE
tvm	166	cran	FALSE
unmconf	166	cran	FALSE
UnplanSimon	166	cran	FALSE
vinereg	166	cran	FALSE
VisCov	166	cran	FALSE
WACS	166	cran	FALSE
xpect	166	cran	FALSE
zcurve	166	cran	FALSE
abba	165	cran	FALSE
AHPWR	165	cran	FALSE
annoLinker	165	bioc_fallback_rank	FALSE
argonR	165	cran	FALSE
atable	165	cran	FALSE
automatedRecLin	165	cran	FALSE
basksim	165	cran	FALSE
BASS	165	cran	FALSE
bayesnec	165	cran	FALSE
bcc	165	cran	FALSE
booklet	165	cran	FALSE
CBAModel	165	cran	FALSE
cdiWG2WS	165	cran	FALSE
CellDEEP	165	cran	FALSE
ChauBoxplot	165	cran	FALSE
ciecl	165	cran	FALSE
cmAnalysis	165	cran	FALSE
configulaR	165	cran	FALSE
crimedatasets	165	cran	FALSE
days2lessons	165	cran	FALSE
dbProject	165	cran	FALSE
DeSciDe	165	cran	FALSE
dtlg	165	cran	FALSE
easycensus	165	cran	FALSE
ecostate	165	cran	FALSE
EDISON	165	cran	FALSE
EFAutilities	165	cran	FALSE
EMAR	165	cran	FALSE
epts	165	cran	FALSE
fgeo_analyze	165	cran	FALSE
FITSio	165	cran	FALSE
geoflow	165	cran	TRUE
GoodFibes	165	cran	FALSE
grangersearch	165	cran	FALSE
hdbcp	165	cran	FALSE
huito	165	cran	FALSE
iclogcondist	165	cran	FALSE
IFTPredictor	165	cran	FALSE
Imneuron	165	cran	FALSE
inTextSummaryTable	165	cran	FALSE
LipidMS	165	cran	FALSE
m61r	165	cran	FALSE
MajMinKmeans	165	cran	FALSE
matchpointR	165	cran	FALSE
MBHdesign	165	cran	FALSE
mdbplyr	165	cran	FALSE
mefa4	165	cran	FALSE
MSMGOptimizer	165	cran	FALSE
MultiLCIRT	165	cran	FALSE
multilevelmod	165	cran	FALSE
muttest	165	cran	FALSE
MVET	165	cran	FALSE
OPCreg	165	cran	FALSE
PacketLLM	165	cran	FALSE
pangoling	165	cran	FALSE
phylepic	165	cran	FALSE
pixiedust	165	cran	FALSE
poset	165	cran	FALSE
PowRPriori	165	cran	FALSE
progressify	165	cran	FALSE
psgp	165	cran	FALSE
psp	165	cran	FALSE
RecAssoRules	165	cran	FALSE
RedeAgroRadar	165	cran	FALSE
runMCMCbtadjust	165	cran	FALSE
RweaveExtra	165	cran	FALSE
SAMprior	165	cran	FALSE
shinyDTC	165	cran	FALSE
simBKMRdata	165	cran	FALSE
sixtyfour	165	cran	FALSE
skater	165	cran	FALSE
SLSEdesign	165	cran	FALSE
SOIL	165	cran	FALSE
spBayesSurv	165	cran	FALSE
splikit	165	cran	FALSE
surreal	165	cran	FALSE
SurvRegCensCov	165	cran	FALSE
topologyGSA	165	cran	FALSE
treeSS	165	cran	FALSE
trendseries	165	cran	FALSE
usa	165	cran	FALSE
vandalico	165	cran	FALSE
varTestnlme	165	cran	FALSE
zarr	165	cran	FALSE
ACDm	164	cran	FALSE
almanac	164	cran	FALSE
arabic2kansuji	164	cran	FALSE
Autotuner	164	bioc_fallback_rank	FALSE
azr	164	cran	FALSE
bootGOF	164	cran	FALSE
clinpubr	164	cran	FALSE
coalitions	164	cran	FALSE
conjurer	164	cran	FALSE
convergEU	164	cran	FALSE
CovEsts	164	cran	FALSE
d3po	164	cran	FALSE
DCEtool	164	cran	FALSE
distrSim	164	cran	FALSE
ECG	164	cran	FALSE
emon	164	cran	FALSE
EpiForsk	164	cran	FALSE
EpiILM	164	cran	FALSE
fdaSP	164	cran	FALSE
FracFixR	164	cran	FALSE
fusedTree	164	cran	FALSE
FWDselect	164	cran	FALSE
gamutil	164	cran	FALSE
HARplus	164	cran	FALSE
htrSPRanalysis	164	cran	FALSE
jaatha	164	cran	FALSE
mcp	164	cran	FALSE
MexicoDataAPI	164	cran	FALSE
MultivariateAnalysis	164	cran	FALSE
nnlib2Rcpp	164	cran	FALSE
ocedata	164	cran	FALSE
oncmap	164	cran	FALSE
OxyBS	164	cran	FALSE
paar	164	cran	FALSE
ppmf	164	cran	FALSE
PSpower	164	cran	FALSE
qPRAentry	164	cran	FALSE
qslice	164	cran	FALSE
quantkriging	164	cran	FALSE
RankPCA	164	cran	FALSE
RANSAC	164	cran	FALSE
RBaM	164	cran	FALSE
recastlessons	164	cran	FALSE
revise	164	cran	FALSE
rFAMS	164	cran	FALSE
RFmstate	164	cran	FALSE
rgl_cry	164	cran	FALSE
rgugik	164	cran	FALSE
RobustIV	164	cran	FALSE
rt_test	164	cran	FALSE
rtemis_core	164	cran	FALSE
runDRT	164	cran	FALSE
sate	164	cran	FALSE
scMappR	164	cran	FALSE
semlrtp	164	cran	FALSE
shide	164	cran	FALSE
simest	164	cran	FALSE
SimilarityMeasures	164	cran	FALSE
slurm	164	cran	FALSE
smoothmest	164	cran	FALSE
sorocs	164	cran	FALSE
sparseEigen	164	cran	FALSE
SpaTopic	164	cran	FALSE
Statamarkdown	164	cran	FALSE
tbl2xts	164	cran	FALSE
tr_iatgen	164	cran	FALSE
TSQCA	164	cran	FALSE
USE	164	cran	FALSE
WienR	164	cran	FALSE
bacenR	163	cran	FALSE
BaseSet	163	cran	FALSE
bigPCAcpp	163	cran	FALSE
bmco	163	cran	FALSE
BRRAT	163	cran	FALSE
centiserve	163	cran	FALSE
changepoint_np	163	cran	FALSE
cia	163	cran	FALSE
clusEvol	163	cran	FALSE
clusterMI	163	cran	FALSE
contagionchannels	163	cran	FALSE
diagL1	163	cran	FALSE
distrTEst	163	cran	FALSE
dng	163	cran	FALSE
DyadRatios	163	cran	FALSE
dynparam	163	cran	FALSE
ecpdist	163	cran	FALSE
enpls	163	cran	FALSE
eratosthenes	163	cran	FALSE
fabCI	163	cran	FALSE
fastbackward	163	cran	FALSE
fDMA	163	cran	FALSE
fetwfe	163	cran	FALSE
fkbma	163	cran	FALSE
FORD	163	cran	FALSE
fqardl	163	cran	FALSE
FRESA_CAD	163	cran	FALSE
FuzzyResampling	163	cran	FALSE
GENLIB	163	cran	FALSE
geomander	163	cran	FALSE
ggvolc	163	cran	FALSE
glmmrOptim	163	cran	FALSE
HDOMDesign	163	cran	FALSE
howzatR	163	cran	FALSE
ip2whois	163	cran	FALSE
Kernelheaping	163	cran	FALSE
languageserversetup	163	cran	FALSE
lfactors	163	cran	FALSE
llmclean	163	cran	FALSE
lobby	163	cran	FALSE
lobbyR	163	cran	FALSE
MDgof	163	cran	FALSE
measles	163	cran	FALSE
MetaLandSim	163	cran	FALSE
MIRDD	163	cran	FALSE
mvout	163	cran	FALSE
obm	163	cran	FALSE
OEFPIL	163	cran	FALSE
OLCPM	163	cran	FALSE
outlierMBC	163	cran	FALSE
plotbb	163	cran	FALSE
polmineR	163	cran	FALSE
projectLSA	163	cran	FALSE
psfmi	163	cran	FALSE
puniform	163	cran	FALSE
PurpleAir	163	cran	FALSE
qad	163	cran	FALSE
QCAcluster	163	cran	FALSE
qch	163	cran	FALSE
R_huge	163	cran	FALSE
rChEA3	163	cran	FALSE
RcppRedis	163	cran	FALSE
rgeedim	163	cran	FALSE
riem	163	cran	FALSE
rix	163	cran	FALSE
Rmfrac	163	cran	FALSE
rSDI	163	cran	FALSE
rtrim	163	cran	FALSE
scholid	163	cran	FALSE
sdbuildR	163	cran	FALSE
SurvMA	163	cran	FALSE
ThermIndex	163	cran	FALSE
VsusP	163	cran	FALSE
wikiprofiler	163	cran	FALSE
windAC	163	cran	FALSE
bdots	162	cran	FALSE
bfboinet	162	cran	FALSE
bioimagetools	162	cran	FALSE
breathteststan	162	cran	FALSE
caradpt	162	cran	FALSE
CDSim	162	cran	FALSE
cgvR	162	cran	FALSE
CharAnalysis	162	cran	FALSE
chromoMap	162	cran	FALSE
consrq	162	cran	FALSE
Correlplot	162	cran	FALSE
ctmcd	162	cran	FALSE
despair	162	cran	FALSE
DistributionIV	162	cran	FALSE
DMCfun	162	cran	FALSE
ECoL	162	cran	FALSE
emf	162	cran	FALSE
EpiStandard	162	cran	FALSE
esviz	162	cran	FALSE
ezcox	162	cran	FALSE
factorana	162	cran	FALSE
falconx	162	cran	FALSE
fastkqr	162	cran	FALSE
fastqrs	162	cran	FALSE
finlabR	162	cran	FALSE
flexhaz	162	cran	FALSE
FLightR	162	cran	FALSE
flora	162	cran	FALSE
fred	162	cran	FALSE
GenePopStats	162	cran	FALSE
GenHMM1d	162	cran	FALSE
geppe	162	cran	FALSE
goat	162	cran	FALSE
gtfs2gps	162	cran	FALSE
HTGM4D	162	cran	FALSE
interactionTest	162	cran	FALSE
itrimhoch	162	cran	FALSE
Kira	162	cran	FALSE
kofnGA	162	cran	FALSE
LBBNN	162	cran	FALSE
loon_ggplot	162	cran	FALSE
meconetcomp	162	cran	FALSE
MedianaDesigner	162	cran	FALSE
metamorphr	162	cran	FALSE
model4you	162	cran	FALSE
momentfit	162	cran	FALSE
MPGE	162	cran	FALSE
multigraph	162	cran	FALSE
netrics	162	cran	FALSE
nucim	162	cran	FALSE
OBMbpkg	162	cran	FALSE
ouladFormat	162	cran	FALSE
overshiny	162	cran	FALSE
peramo	162	cran	FALSE
PerFit	162	cran	FALSE
qcapower	162	cran	FALSE
RATest	162	cran	FALSE
rCBA	162	cran	FALSE
RcmdrPlugin_Export	162	cran	FALSE
rd2d	162	cran	FALSE
readepi	162	cran	FALSE
refitgaps	162	cran	FALSE
RHclust	162	cran	FALSE
rjd3tramoseats	162	cran	TRUE
rmsBMA	162	cran	FALSE
rOCEAN	162	cran	FALSE
rstudio_prefs	162	cran	FALSE
SamplingBigData	162	cran	FALSE
sarsop	162	cran	FALSE
SAScii	162	cran	FALSE
schematic	162	cran	FALSE
shinyWGD	162	cran	FALSE
simPop	162	cran	FALSE
skipTrack	162	cran	FALSE
SMNlmec	162	cran	FALSE
soilFlux	162	cran	FALSE
sparsepp	162	cran	FALSE
spec	162	cran	FALSE
SpecsVerification	162	cran	FALSE
stackgbm	162	cran	FALSE
SunCalcMeeus	162	cran	FALSE
svycoxme	162	cran	FALSE
tablespan	162	cran	FALSE
tdigest	162	cran	FALSE
tidySummaries	162	cran	FALSE
tinytest2JUnit	162	cran	FALSE
tracer	162	cran	FALSE
translate_logit	162	cran	FALSE
treespace	162	cran	FALSE
verifyr2	162	cran	FALSE
vsp	162	cran	FALSE
wARMASVp	162	cran	FALSE
wrds	162	cran	FALSE
AGD	161	cran	FALSE
AlphaPart	161	cran	FALSE
aquacultuR	161	cran	FALSE
audrex	161	cran	FALSE
bannerCommenter	161	cran	FALSE
BIGr	161	cran	FALSE
bsvarSIGNs	161	cran	FALSE
btb	161	cran	FALSE
BTWAR	161	cran	FALSE
CDatanet	161	cran	FALSE
chapensk	161	cran	FALSE
chiOpenData	161	cran	FALSE
chopper	161	cran	FALSE
ClassifyITS	161	cran	FALSE
ContaminatedMixt	161	cran	FALSE
cqrReg	161	cran	FALSE
decisionpaths	161	cran	FALSE
DIETCOST	161	cran	FALSE
dina	161	cran	FALSE
distrom	161	cran	FALSE
DLFM	161	cran	FALSE
dsROCrate	161	cran	FALSE
earthUI	161	cran	FALSE
EAVA	161	cran	FALSE
ebx	161	cran	FALSE
economiccomplexity	161	cran	FALSE
energymethod	161	cran	FALSE
EQUALCompareImages	161	cran	FALSE
ETAS	161	cran	FALSE
excursions	161	cran	FALSE
extrasteps	161	cran	FALSE
EZFragility	161	cran	FALSE
fdm2id	161	cran	FALSE
FlexRL	161	cran	FALSE
foqat	161	cran	FALSE
funkyheatmap	161	cran	FALSE
glueDo	161	cran	FALSE
gMCPLite	161	cran	FALSE
gProfileR	161	cran	FALSE
gridmicrotex	161	cran	TRUE
hsphase	161	cran	FALSE
hypr	161	cran	FALSE
informativeSCI	161	cran	FALSE
inlamemi	161	cran	FALSE
InterpolateR	161	cran	FALSE
interprocess	161	cran	FALSE
JPSurv	161	cran	FALSE
kerasnip	161	cran	FALSE
KOLaide	161	cran	FALSE
maxaltall	161	cran	FALSE
Mediana	161	cran	FALSE
memoiR	161	cran	FALSE
mexhaz	161	cran	FALSE
monad	161	cran	FALSE
MOTE	161	cran	FALSE
mpm	161	cran	FALSE
mx_api	161	cran	FALSE
NetInt	161	cran	FALSE
oceanmap	161	cran	FALSE
okxr	161	cran	FALSE
ons	161	cran	FALSE
openscoring	161	cran	FALSE
optbinningR	161	cran	FALSE
otTensor	161	cran	FALSE
pandemonium	161	cran	FALSE
parasiteR	161	cran	FALSE
pdcor	161	cran	FALSE
quasar	161	cran	FALSE
QuESTr	161	cran	FALSE
readSX	161	cran	FALSE
reReg	161	cran	FALSE
rgeomorphon	161	cran	FALSE
RKorAPClient	161	cran	FALSE
rlandfire	161	cran	FALSE
Rmalschains	161	cran	FALSE
rsparkling	161	cran	FALSE
rvMF	161	cran	TRUE
schrute	161	cran	FALSE
sim_BA	161	cran	FALSE
simpr_interaction	161	cran	FALSE
smartmap	161	cran	FALSE
smoots	161	cran	FALSE
spatgraphs	161	cran	FALSE
SpatialPosition	161	cran	FALSE
stelfi	161	cran	FALSE
supercells	161	cran	FALSE
survinger	161	cran	FALSE
TAG	161	cran	FALSE
text2map	161	cran	FALSE
TheseusPlot	161	cran	FALSE
tpm	161	cran	FALSE
TreeBUGS	161	cran	FALSE
twotrials	161	cran	FALSE
vcd2df	161	cran	FALSE
wNNSel	161	cran	FALSE
AeroEvapR	160	cran	FALSE
alsi	160	cran	FALSE
BeastJar	160	cran	FALSE
bmixture	160	cran	FALSE
bootStateSpace	160	cran	FALSE
bReeze	160	cran	FALSE
catviz	160	cran	FALSE
chatRater	160	cran	FALSE
cmna	160	cran	FALSE
contactdata	160	cran	FALSE
cowfootR	160	cran	FALSE
cumulcalib	160	cran	FALSE
datana	160	cran	FALSE
DepthProc	160	cran	FALSE
DFD	160	cran	FALSE
divDyn	160	cran	FALSE
DIVINE	160	cran	FALSE
dnn	160	cran	FALSE
easyORtables	160	cran	FALSE
EconAndProdEfficiency	160	cran	FALSE
EMSC	160	cran	FALSE
f1pits	160	cran	FALSE
faoutlier	160	cran	FALSE
filibustr	160	cran	FALSE
findn	160	cran	FALSE
fluxfinder	160	cran	FALSE
fuzzyRankTests	160	cran	FALSE
gaussquad	160	cran	FALSE
ggdemetra	160	cran	FALSE
ggflowchart	160	cran	FALSE
GMCM	160	cran	FALSE
gomp	160	cran	FALSE
GxEScanR	160	cran	TRUE
HCUPtools	160	cran	FALSE
HDCD	160	cran	FALSE
hht	160	cran	FALSE
HPZoneAPI	160	cran	FALSE
imputeR	160	cran	FALSE
isdals	160	cran	FALSE
itertools2	160	cran	FALSE
KbMvtSkew	160	cran	FALSE
LISTO	160	cran	FALSE
LSDirf	160	cran	FALSE
lwc2022	160	cran	FALSE
MacBehaviour	160	cran	FALSE
MCPMod	160	cran	FALSE
measureR	160	cran	FALSE
mmequiv	160	cran	FALSE
muRL	160	cran	FALSE
nativeORT	160	cran	FALSE
NOVA	160	cran	FALSE
ontologyPlot	160	cran	FALSE
optimization	160	cran	FALSE
paramix	160	cran	FALSE
PhoneValidator	160	cran	FALSE
pmartR	160	cran	FALSE
powerly	160	cran	FALSE
psmineR	160	cran	FALSE
qarPI	160	cran	FALSE
qol	160	cran	FALSE
qountstat	160	cran	FALSE
qtl2ggplot	160	cran	FALSE
randotools	160	cran	FALSE
RcmdrPlugin_EBM	160	cran	FALSE
RcmdrPlugin_RMTCJags	160	cran	FALSE
rcollectadhd	160	cran	FALSE
retmort	160	cran	FALSE
rjd3xjars	160	cran	TRUE
Rlinsolve	160	cran	FALSE
ROCFTP_MMS	160	cran	FALSE
rock	160	cran	FALSE
rocrateR	160	cran	FALSE
rotations	160	cran	FALSE
rPublic	160	cran	FALSE
semantic_assets	160	cran	FALSE
shinyEditor	160	cran	FALSE
spatemR	160	cran	FALSE
SpatialKDE	160	cran	FALSE
stlnpp	160	cran	FALSE
str2str	160	cran	FALSE
test_assessr	160	cran	FALSE
Thermimage	160	cran	FALSE
ttTensor	160	cran	FALSE
usdoj	160	cran	FALSE
vhica	160	cran	FALSE
WBI	160	cran	FALSE
wbsd	160	cran	FALSE
yfscreen	160	cran	FALSE
yrnd	160	cran	TRUE
zoteR	160	cran	FALSE
adsoRptionMCMC	159	cran	FALSE
ageutils	159	cran	FALSE
aRD	159	cran	FALSE
asaur	159	cran	FALSE
bayesics	159	cran	FALSE
BayesPostEst	159	cran	FALSE
behavr	159	cran	FALSE
boids4R	159	cran	FALSE
bootUR	159	cran	FALSE
c060	159	cran	FALSE
ClustGeo	159	cran	FALSE
cobin	159	cran	FALSE
colorizer	159	cran	FALSE
CTD	159	cran	FALSE
DBmaps	159	cran	FALSE
DBTC	159	cran	FALSE
deepdep	159	cran	FALSE
distcomp	159	cran	FALSE
ExactCox	159	cran	FALSE
fasstr	159	cran	FALSE
fastTopics	159	cran	FALSE
FGRepo	159	cran	FALSE
guidedPLS	159	cran	FALSE
hotpatchR	159	cran	FALSE
immer	159	cran	FALSE
Iscores	159	cran	FALSE
jewel	159	cran	FALSE
kgen	159	cran	FALSE
knobi	159	cran	FALSE
KPC	159	cran	FALSE
l0ara	159	cran	FALSE
LEdecomp	159	cran	FALSE
maxbootR	159	cran	FALSE
mcclust	159	cran	FALSE
mcount	159	cran	FALSE
mcqAnalysis	159	cran	FALSE
minired	159	cran	TRUE
misc	159	cran	FALSE
MNormTest	159	cran	FALSE
mtaOpenData	159	cran	FALSE
Nematode	159	cran	FALSE
nplr	159	cran	FALSE
offsetreg	159	cran	FALSE
pcnetmeta	159	cran	FALSE
PerMat	159	cran	FALSE
permutations	159	cran	FALSE
PLORN	159	cran	FALSE
ProduceR	159	cran	FALSE
qvirus	159	cran	FALSE
random_polychor_pa	159	cran	FALSE
RIA	159	cran	FALSE
RPPanalyzer	159	cran	FALSE
samplrData	159	cran	FALSE
sever	159	cran	FALSE
smoothemplik	159	cran	FALSE
sotu	159	cran	FALSE
sreg	159	cran	FALSE
tdarec	159	cran	FALSE
terralink	159	cran	FALSE
tmod	159	cran	FALSE
Transform	159	cran	FALSE
TrenchR	159	cran	FALSE
tteICE	159	cran	FALSE
vivaglint	159	cran	FALSE
WData	159	cran	FALSE
ArchipelagoEngine	158	cran	FALSE
AtmChile	158	cran	FALSE
BATSS	158	cran	FALSE
bayesQRsurvey	158	cran	FALSE
BLMEngineInR	158	cran	FALSE
bnviewer	158	cran	FALSE
chest	158	cran	FALSE
codestral	158	cran	FALSE
conductor	158	cran	FALSE
connector_databricks	158	cran	FALSE
corpora	158	cran	FALSE
correctref	158	cran	FALSE
covercorr	158	cran	FALSE
CurricularComplexity	158	cran	FALSE
DataSetsVerse	158	cran	FALSE
DER	158	cran	FALSE
DiversityStats	158	cran	FALSE
dosearch	158	cran	FALSE
dpcid	158	cran	FALSE
dr4pl	158	cran	FALSE
duckh3	158	cran	FALSE
eam	158	cran	FALSE
earthdatalogin	158	cran	FALSE
ExplodeLayout	158	cran	FALSE
ExtendedLaplace	158	cran	FALSE
fakemake	158	cran	FALSE
fbst	158	cran	FALSE
ForestFit	158	cran	FALSE
ganGenerativeData	158	cran	FALSE
gapclosing	158	cran	FALSE
gemR	158	cran	FALSE
glasstabs	158	cran	FALSE
gofedf	158	cran	FALSE
hassediagrams	158	cran	FALSE
HCmodelSets	158	cran	FALSE
heimdall	158	cran	FALSE
hhsmm	158	cran	FALSE
idbr	158	cran	FALSE
imaginator	158	cran	FALSE
interpret	158	cran	FALSE
islasso	158	cran	FALSE
iTensor	158	cran	FALSE
janusplot	158	cran	FALSE
juicedown	158	cran	FALSE
LabRS	158	cran	FALSE
leastcostpath	158	cran	FALSE
lfl	158	cran	FALSE
llmjson	158	cran	TRUE
MEDseq	158	cran	FALSE
metatest	158	cran	FALSE
mmcmcBayes	158	cran	FALSE
nhdR	158	cran	FALSE
normalp	158	cran	FALSE
openblender	158	cran	FALSE
orderanalyzer	158	cran	FALSE
oystermapR	158	cran	FALSE
phsmethods	158	cran	FALSE
placematchr	158	cran	FALSE
popkin	158	cran	FALSE
pseudobibeR	158	cran	FALSE
PxWebApiData	158	cran	FALSE
RandomForestsGLS	158	cran	FALSE
randomForestSGT	158	cran	FALSE
rappsflyer	158	cran	FALSE
remify	158	cran	FALSE
respR	158	cran	FALSE
rwa	158	cran	FALSE
S4DM	158	cran	FALSE
scaper	158	cran	FALSE
SensIAT	158	cran	FALSE
sinib	158	cran	FALSE
spconf	158	cran	FALSE
stevedore	158	cran	FALSE
sur	158	cran	FALSE
tglkmeans	158	cran	FALSE
TidyPanel	158	cran	FALSE
toxdrc	158	cran	FALSE
tubern	158	cran	FALSE
TwoStepSDFM	158	cran	FALSE
ucminfcpp	158	cran	FALSE
activAnalyzer	157	cran	FALSE
AeRobiology	157	cran	FALSE
allocation	157	cran	FALSE
amp_dm	157	cran	FALSE
animint2	157	cran	FALSE
AntsNet	157	cran	FALSE
APRScenario	157	cran	FALSE
arima2	157	cran	FALSE
assessor	157	cran	FALSE
AssetPricing	157	cran	FALSE
balnet	157	cran	FALSE
barcode	157	cran	FALSE
basictabler	157	cran	FALSE
bdl	157	cran	FALSE
BeSS	157	cran	FALSE
biodosetools	157	cran	FALSE
bs4Dashkit	157	cran	FALSE
BSL	157	cran	FALSE
chatgpt	157	cran	FALSE
chronosphere	157	cran	FALSE
circuitscaper	157	cran	FALSE
ClustMC	157	cran	FALSE
cnaOpt	157	cran	FALSE
COVID19	157	cran	FALSE
crandep	157	cran	FALSE
DQA	157	cran	FALSE
easytable	157	cran	FALSE
ecolRxC	157	cran	FALSE
efdm	157	cran	FALSE
essurvey	157	cran	FALSE
extr	157	cran	FALSE
fastTextR	157	cran	FALSE
flexFitR	157	cran	FALSE
flip	157	cran	FALSE
FunnelPlotR	157	cran	FALSE
garma	157	cran	FALSE
gbfs	157	cran	FALSE
ggetho	157	cran	FALSE
ggsmc	157	cran	FALSE
glyparse	157	cran	FALSE
handwriter	157	cran	FALSE
heavytails	157	cran	FALSE
hopkins	157	cran	FALSE
ICEHmeasures	157	cran	FALSE
intccr	157	cran	FALSE
jointVIP	157	cran	FALSE
levitate	157	cran	FALSE
metafrontier	157	cran	FALSE
mGSFPCA	157	cran	FALSE
micEconAids	157	cran	FALSE
netgwas	157	cran	FALSE
neuroSCC	157	cran	FALSE
normref	157	cran	FALSE
PakPMICS2014HH	157	cran	FALSE
palasso	157	cran	FALSE
parseRPDR	157	cran	FALSE
PnT	157	cran	FALSE
PoiClaClu	157	cran	FALSE
PulmoDataSets	157	cran	FALSE
qmethod	157	cran	FALSE
qmvs	157	cran	FALSE
RandomProjectionTest	157	cran	FALSE
rapidcodeR	157	cran	FALSE
RcppMsgPack	157	cran	FALSE
rdcmchecks	157	cran	FALSE
Rduckhts	157	cran	TRUE
RevSD	157	cran	FALSE
RFmerge	157	cran	FALSE
RFormatter	157	cran	FALSE
rvtk	157	cran	TRUE
shrinkDSM	157	cran	FALSE
solvency2rfr	157	cran	FALSE
survsim	157	cran	FALSE
svyweight	157	cran	FALSE
tidygapminder	157	cran	FALSE
tidypaleo	157	cran	FALSE
tsdf	157	cran	FALSE
untb	157	cran	FALSE
VarED	157	cran	FALSE
VoronoiBiomedPlot	157	cran	FALSE
weightedCL	157	cran	FALSE
wqtrends	157	cran	FALSE
babette	156	cran	FALSE
bayesGARCH	156	cran	FALSE
BayesianQDM	156	cran	FALSE
bin2norm	156	cran	FALSE
BORG	156	cran	FALSE
ButtR	156	cran	FALSE
calendar	156	cran	FALSE
causalplot	156	cran	FALSE
chisquare	156	cran	FALSE
colourspace	156	cran	FALSE
combss	156	cran	FALSE
CpGassoc	156	cran	FALSE
crstools	156	cran	FALSE
CUFF	156	cran	FALSE
curves	156	cran	FALSE
datacommons	156	cran	FALSE
datadiff	156	cran	FALSE
deckroadmap	156	cran	FALSE
deprivateR	156	cran	FALSE
donut	156	cran	FALSE
door	156	cran	FALSE
DOYPAColors	156	cran	FALSE
dscore	156	cran	FALSE
dynemu	156	cran	FALSE
epiparameterDB	156	cran	FALSE
ethnobotanyR	156	cran	FALSE
FluxSeparator	156	cran	FALSE
forecastADAPT	156	cran	FALSE
forrest	156	cran	FALSE
fundiversity	156	cran	FALSE
generalCorr	156	cran	FALSE
ggplotAssist	156	cran	FALSE
GPflexViz	156	cran	FALSE
GroupSeq	156	cran	FALSE
gtfsrouter	156	cran	FALSE
hours2lessons	156	cran	FALSE
html2pdfR	156	cran	FALSE
IterativeHardThresholding	156	cran	FALSE
jmcm	156	cran	FALSE
MapGAM	156	cran	FALSE
meteor	156	cran	FALSE
MethEvolSIM	156	cran	FALSE
micss	156	cran	FALSE
mlrCPO	156	cran	FALSE
MN	156	cran	FALSE
monochromeR	156	cran	FALSE
multilevelcoda	156	cran	FALSE
multimark	156	cran	TRUE
multimediate	156	cran	FALSE
MVSKmod	156	cran	FALSE
NGLVieweR	156	cran	FALSE
OpEnCAST	156	cran	FALSE
orbitr	156	cran	FALSE
PairViz	156	cran	FALSE
PDQutils	156	cran	FALSE
PenguinR	156	cran	FALSE
pmlsp	156	cran	FALSE
prevR	156	cran	FALSE
ProTrackR	156	cran	FALSE
readaec	156	cran	FALSE
RegionalConsistency	156	cran	FALSE
reliacoef	156	cran	FALSE
REPS	156	cran	FALSE
reptiledb_data	156	cran	FALSE
Rfacebook	156	cran	FALSE
rifttable	156	cran	FALSE
rope	156	cran	FALSE
rUM	156	cran	FALSE
SAFEPG	156	cran	FALSE
scimetr	156	cran	FALSE
sfclust	156	cran	FALSE
spCF	156	cran	FALSE
speedyBBT	156	cran	FALSE
StratifiedMedicine	156	cran	FALSE
tidyILD	156	cran	FALSE
ToxCrit	156	cran	FALSE
VLTimeCausality	156	cran	FALSE
volesti	156	cran	FALSE
zenstats	156	cran	FALSE
ztils	156	cran	FALSE
APCtools	155	cran	FALSE
ausplotsR	155	cran	FALSE
bayesianETAS	155	cran	FALSE
BimodalIndex	155	cran	FALSE
bio_infer	155	cran	FALSE
biodbMirbase	155	bioc_fallback_rank	FALSE
bspline	155	cran	FALSE
BTLLasso	155	cran	FALSE
comexr	155	cran	FALSE
corehunter	155	cran	FALSE
coronavirus	155	cran	FALSE
DebiasInfer	155	cran	FALSE
Devore7	155	cran	FALSE
edar	155	cran	FALSE
flow	155	cran	FALSE
FoRecoML	155	cran	FALSE
funIHC	155	cran	FALSE
funrar	155	cran	FALSE
GDPuc	155	cran	FALSE
GIFT	155	cran	FALSE
gipsDA	155	cran	FALSE
glmpath	155	cran	FALSE
hahmmr	155	cran	FALSE
hdbinseg	155	cran	FALSE
healthyR	155	cran	FALSE
HetSeq	155	cran	FALSE
juicr	155	cran	FALSE
KnowBR	155	cran	FALSE
lacunaritycovariance	155	cran	FALSE
lepidochroma	155	cran	FALSE
llamaR	155	cran	FALSE
logNormReg	155	cran	FALSE
LSD	155	cran	FALSE
maicplus	155	cran	FALSE
methFuse	155	cran	FALSE
minimaxALT	155	cran	TRUE
mtgjsonsdk	155	cran	FALSE
multiblock	155	cran	FALSE
multipleOutcomes	155	cran	FALSE
mxcc	155	cran	FALSE
nat_utils	155	cran	FALSE
NipponMap	155	cran	FALSE
npsf	155	cran	FALSE
oCELLoc	155	cran	FALSE
omu	155	cran	FALSE
paddleR	155	cran	FALSE
PCMBase	155	cran	FALSE
pointRes	155	cran	FALSE
poissonsuperlearner	155	cran	FALSE
popbayes	155	cran	FALSE
proftools	155	cran	FALSE
pyramid	155	cran	FALSE
ReliaLearnR	155	cran	FALSE
restrictR	155	cran	FALSE
rjtools	155	cran	FALSE
SemiCompRisks	155	cran	FALSE
SheetReader	155	cran	FALSE
ShiVa	155	cran	FALSE
ShrinkageTrees	155	cran	FALSE
SiZer	155	cran	FALSE
somhca	155	cran	FALSE
SpatialAcc	155	cran	FALSE
sqlhelper	155	cran	FALSE
StatDataML	155	cran	FALSE
structenforcement	155	cran	FALSE
sumvar	155	cran	FALSE
tidyactuarial	155	cran	FALSE
tipsae	155	cran	FALSE
tipse	155	cran	FALSE
tlda	155	cran	FALSE
toscca	155	cran	FALSE
tsmp	155	cran	FALSE
wdiexplorer	155	cran	FALSE
WeibullR_ALT	155	cran	FALSE
aemo	154	cran	FALSE
allcontributors	154	cran	FALSE
AsianOption	154	cran	FALSE
BayesPPD	154	cran	FALSE
BlanketStatsments	154	cran	FALSE
bmstdr	154	cran	FALSE
boundedur	154	cran	FALSE
c3net	154	cran	FALSE
canvasXpress_data	154	cran	FALSE
carsAlgo	154	cran	FALSE
causalnet	154	cran	FALSE
CDSS	154	cran	FALSE
chomper	154	cran	FALSE
colordistance	154	cran	FALSE
conover_test	154	cran	FALSE
crossfit	154	cran	FALSE
csppData	154	cran	FALSE
devianLM	154	cran	FALSE
dipm	154	cran	FALSE
dsp	154	cran	FALSE
E2E	154	cran	FALSE
edgemodelr	154	cran	FALSE
EEMDlstm	154	cran	FALSE
envalysis	154	cran	FALSE
focus	154	cran	FALSE
FossilSim	154	cran	FALSE
GalaxyR	154	cran	FALSE
GenOU	154	cran	FALSE
ggsoccer	154	cran	FALSE
gicf	154	cran	FALSE
gleam	154	cran	FALSE
grasps	154	cran	FALSE
hapassoc	154	cran	FALSE
HMMRel	154	cran	FALSE
hpfilter	154	cran	FALSE
idarps	154	cran	FALSE
ISMtools	154	cran	FALSE
iv_sensemakr	154	cran	FALSE
lazytrade	154	cran	FALSE
LCPA	154	cran	FALSE
lorbridge	154	cran	FALSE
MagmaClustR	154	cran	FALSE
mapSenegal	154	cran	FALSE
melidosData	154	cran	FALSE
memapp	154	cran	FALSE
mighty_metadata	154	cran	FALSE
MissMech	154	cran	FALSE
motherduck	154	cran	FALSE
MPTinR	154	cran	FALSE
NlinTS	154	cran	FALSE
NMADTA	154	cran	FALSE
nnsolve	154	cran	FALSE
npmlreg	154	cran	FALSE
ONAM	154	cran	FALSE
openmetrics	154	cran	FALSE
parmigene	154	cran	FALSE
partsm	154	cran	FALSE
poweRbal	154	cran	FALSE
profile	154	cran	FALSE
puremoe	154	cran	FALSE
QZ	154	cran	FALSE
R4HCR	154	cran	FALSE
readnoaa	154	cran	FALSE
readoecd	154	cran	FALSE
ReporterScore	154	cran	FALSE
rict	154	cran	FALSE
rosv	154	cran	FALSE
Rvoterdistance	154	cran	FALSE
SCE	154	cran	FALSE
shar	154	cran	FALSE
shortr	154	cran	FALSE
shrinkGPR	154	cran	FALSE
snakeplot	154	cran	FALSE
softwareRisk	154	cran	FALSE
spectrakit	154	cran	FALSE
spgrass6	154	cran	FALSE
spind	154	cran	FALSE
suwo	154	cran	FALSE
TCRconvertR	154	cran	FALSE
tidyprompt	154	cran	FALSE
topicdoc	154	cran	FALSE
trud	154	cran	FALSE
upsetjs	154	cran	FALSE
vosonSML	154	cran	FALSE
VWPre	154	cran	FALSE
xtdml	154	cran	FALSE
adapt3	153	cran	FALSE
allometry	153	cran	FALSE
amp_sim	153	cran	FALSE
APCI	153	cran	FALSE
arkhaia	153	cran	FALSE
bgms	153	cran	FALSE
canprot	153	cran	FALSE
cmstatrExt	153	cran	FALSE
containr	153	cran	FALSE
corporaexplorer	153	cran	FALSE
corr2D	153	cran	FALSE
data_validator	153	cran	FALSE
depthTools	153	cran	FALSE
dhmeasures	153	cran	FALSE
DRsurvCRT	153	cran	FALSE
dynaTree	153	cran	FALSE
elrm	153	cran	FALSE
eSDM	153	cran	FALSE
EstHTSeed	153	cran	FALSE
fastfocal	153	cran	FALSE
fastR2	153	cran	FALSE
faunabr	153	cran	FALSE
ffiec	153	cran	FALSE
foldedt	153	cran	FALSE
fpod	153	cran	FALSE
FuzzyR	153	cran	FALSE
fuzzystring	153	cran	FALSE
GTRT	153	cran	FALSE
handlr	153	cran	FALSE
holideh	153	cran	FALSE
HPAStainR	153	bioc_fallback_rank	FALSE
hypothesize	153	cran	FALSE
inecolr	153	cran	FALSE
integrity	153	cran	FALSE
joinet	153	cran	FALSE
LLMing	153	cran	FALSE
LPStimeSeries	153	cran	FALSE
LWFBrook90R	153	cran	FALSE
maskedcauses	153	cran	FALSE
mectx	153	cran	FALSE
midnight	153	cran	FALSE
modelSelection	153	cran	FALSE
mqriskR	153	cran	FALSE
multipleITScontrol	153	cran	FALSE
ohvbd	153	cran	FALSE
OnlineSurr	153	cran	FALSE
Open_Visualization_Academy	153	cran	FALSE
OpenRepGrid	153	cran	FALSE
patternplot	153	cran	FALSE
pdfcombiner	153	cran	FALSE
pould	153	cran	FALSE
PPSFS	153	cran	FALSE
pvEBayes	153	cran	FALSE
queryparser	153	cran	FALSE
rcoins	153	cran	FALSE
redistmetrics	153	cran	FALSE
REXoplanets	153	cran	FALSE
ritalic	153	cran	FALSE
rjuliabugs	153	cran	FALSE
RobinCID	153	cran	FALSE
rPraat	153	cran	FALSE
rrobot	153	cran	FALSE
saery	153	cran	FALSE
scistreer	153	cran	FALSE
segregation	153	cran	FALSE
simTool	153	cran	FALSE
slideimp	153	cran	FALSE
spotr	153	cran	FALSE
SPRT	153	cran	FALSE
standardize	153	cran	FALSE
sweater	153	cran	FALSE
syncdr	153	cran	FALSE
terminalgraphics	153	cran	FALSE
ThinkingGrid	153	cran	FALSE
track2KBA	153	cran	FALSE
trackopt	153	cran	FALSE
Upsilon	153	cran	FALSE
wefnexus	153	cran	FALSE
WHORiskCalculator	153	cran	FALSE
wintime	153	cran	FALSE
xtife	153	cran	FALSE
AMAPVox	152	cran	FALSE
ampir	152	cran	FALSE
arulesNBMiner	152	cran	FALSE
ArvindSt	152	cran	FALSE
BayesianDEB	152	cran	FALSE
BayesPocket	152	cran	FALSE
bbl	152	cran	FALSE
biogas	152	cran	FALSE
burnr	152	cran	FALSE
C443	152	cran	FALSE
clifford	152	cran	FALSE
clintools	152	cran	FALSE
clptheory	152	cran	FALSE
cppcontainers	152	cran	FALSE
ctrlvee	152	cran	FALSE
datetimeoffset	152	cran	FALSE
DESNP	152	cran	FALSE
dynRB	152	cran	FALSE
edgar	152	cran	FALSE
EpiNova	152	cran	FALSE
epiviz	152	cran	FALSE
exceldata	152	cran	FALSE
fdacluster	152	cran	FALSE
FI	152	cran	FALSE
FlowerMate	152	cran	FALSE
gamlss_inf	152	cran	FALSE
gosset	152	cran	FALSE
gpcp	152	cran	FALSE
gtregression	152	cran	FALSE
gvc	152	cran	FALSE
HandTill2001	152	cran	FALSE
hierNest	152	cran	FALSE
impectR	152	cran	FALSE
jgd	152	cran	FALSE
l1rotation	152	cran	FALSE
lgspline	152	cran	FALSE
MisRepARMA	152	cran	FALSE
mlmoderator	152	cran	FALSE
netcutter	152	cran	FALSE
nimbleEcology	152	cran	FALSE
Oarray	152	cran	FALSE
pc	152	cran	FALSE
PredictorSelect	152	cran	FALSE
predictsr	152	cran	FALSE
qkiosk	152	cran	FALSE
quickSentiment	152	cran	FALSE
R2ucare	152	cran	TRUE
rateratio_test	152	cran	FALSE
rdhte	152	cran	FALSE
ricci	152	cran	FALSE
rioplot	152	cran	FALSE
rjwsacruncher	152	cran	FALSE
rmzqc	152	cran	FALSE
roahd	152	cran	FALSE
RPregression	152	cran	FALSE
sftpR	152	cran	FALSE
sigclust	152	cran	FALSE
SmarterPoland	152	cran	FALSE
sparseGFM	152	cran	FALSE
splitGraph	152	cran	FALSE
statespacer	152	cran	FALSE
surveySimR	152	cran	FALSE
teal_modules_general	152	cran	FALSE
tidyaudit	152	cran	FALSE
TLCAR	152	cran	FALSE
transDA	152	cran	FALSE
TwoTimeScales	152	cran	FALSE
vitopack	152	cran	FALSE
vrtest	152	cran	FALSE
washi	152	cran	FALSE
acled_api	151	cran	FALSE
adaR	151	cran	FALSE
AgroReg	151	cran	FALSE
anyLib	151	cran	FALSE
arf	151	cran	FALSE
BayesianPlatformDesignTimeTrend	151	cran	FALSE
blindspiker	151	cran	FALSE
carbondata	151	cran	FALSE
caustests	151	cran	FALSE
CEDMr	151	cran	FALSE
certify	151	cran	FALSE
CircularBoxplots	151	cran	FALSE
CompositionalSR	151	cran	FALSE
comtrade	151	cran	FALSE
COVIDIBGE	151	cran	FALSE
csmGmm	151	cran	FALSE
CTE	151	cran	FALSE
datadriftR	151	cran	FALSE
dcmdata	151	cran	FALSE
degradr	151	cran	FALSE
discord	151	cran	FALSE
dormancy	151	cran	FALSE
Eagle	151	cran	FALSE
easyNCDF	151	cran	FALSE
estats	151	cran	FALSE
flexrsurv	151	cran	FALSE
frheritage	151	cran	FALSE
gradLasso	151	cran	FALSE
heritability	151	cran	FALSE
HHBayes	151	cran	FALSE
htmxr	151	cran	FALSE
icesConnect	151	cran	FALSE
ictools	151	cran	FALSE
implyr	151	cran	FALSE
inough	151	cran	FALSE
ItemRest	151	cran	FALSE
LatentBMA	151	cran	FALSE
lumbermark	151	cran	FALSE
maskedhaz	151	cran	FALSE
MLDS	151	cran	FALSE
modeldiagramR	151	cran	FALSE
MOSAlloc	151	cran	FALSE
mvnTest	151	cran	FALSE
ncappc	151	cran	FALSE
OdysseusCharacterizationModule	151	cran	FALSE
OperaMate	151	bioc_fallback_rank	FALSE
OptimModel	151	cran	FALSE
optimsimplex	151	cran	FALSE
paleoTS	151	cran	FALSE
ParCC	151	cran	FALSE
penetrance	151	cran	FALSE
percentiles	151	cran	FALSE
phantSEM	151	cran	FALSE
phymapnet	151	cran	FALSE
prefviz	151	cran	FALSE
pwt9	151	cran	FALSE
qualpalr	151	cran	FALSE
r2dii_data	151	cran	FALSE
r2pmml	151	cran	FALSE
RcmdrPlugin_BWS3	151	cran	FALSE
RepeatABEL	151	cran	FALSE
RGtk2	151	cran	TRUE
RJafroc	151	cran	FALSE
salem	151	cran	FALSE
scrm	151	cran	FALSE
SegEnvIneq	151	cran	FALSE
simcdm	151	cran	FALSE
slash	151	cran	FALSE
sssvcqr	151	cran	FALSE
starsExtra	151	cran	FALSE
starter	151	cran	FALSE
startR	151	cran	FALSE
tdPRC	151	cran	FALSE
ZIHINAR1	151	cran	FALSE
abctools	150	cran	FALSE
achieveGap	150	cran	FALSE
aftPenCDA	150	cran	FALSE
airGRdatassim	150	cran	FALSE
AQEval	150	cran	FALSE
archiDART	150	cran	FALSE
babebi	150	cran	FALSE
BaM	150	cran	FALSE
bama	150	cran	FALSE
bartcs	150	cran	FALSE
BayesianLasso	150	cran	FALSE
BayesLCA	150	cran	FALSE
bayesreg	150	cran	FALSE
BetterReg	150	cran	FALSE
bios2mds	150	cran	FALSE
BoSSA	150	cran	FALSE
BurStMisc	150	cran	FALSE
cancerR	150	cran	FALSE
causaloptim	150	cran	FALSE
cdlsim	150	cran	FALSE
date4ts	150	cran	FALSE
ddsPLS	150	cran	FALSE
DHS_rates	150	cran	FALSE
DyadiCarma	150	cran	FALSE
EE_Data	150	cran	FALSE
eFCM	150	cran	FALSE
evmr	150	cran	FALSE
fishmechr	150	cran	FALSE
fluxfixer	150	cran	FALSE
FoRDM	150	cran	FALSE
forstringr	150	cran	FALSE
GARCH_X	150	cran	FALSE
geocmeans	150	cran	FALSE
GRANDpriv	150	cran	FALSE
ineptr2	150	cran	FALSE
ipdw	150	cran	FALSE
kza	150	cran	FALSE
LatticeDesign	150	cran	FALSE
marsruntime	150	cran	FALSE
mcmsector	150	cran	FALSE
mlmpower	150	cran	FALSE
moc_gapbk	150	cran	FALSE
MultiSpline	150	cran	FALSE
nmfkc	150	cran	FALSE
norSTR	150	cran	FALSE
OmicNetR	150	cran	FALSE
OnAge	150	cran	FALSE
osDesign	150	cran	FALSE
PK	150	cran	FALSE
pMEM	150	cran	FALSE
PNWColors	150	cran	FALSE
pwr2ppl	150	cran	FALSE
quantsig	150	cran	FALSE
ratesci	150	cran	FALSE
rCoreGage	150	cran	FALSE
ROCsurvcomp	150	cran	FALSE
rpsftm	150	cran	FALSE
rrum	150	cran	FALSE
rsatscan	150	cran	FALSE
S3VS	150	cran	FALSE
safetyData	150	cran	FALSE
saros	150	cran	FALSE
sfcentral	150	cran	FALSE
sfReapportion	150	cran	FALSE
shinyglide	150	cran	FALSE
soilVAE	150	cran	FALSE
sov	150	cran	FALSE
SPACO	150	cran	FALSE
synopR	150	cran	FALSE
tidysynthesis	150	cran	FALSE
tinyshinyserver	150	cran	FALSE
unsurv	150	cran	FALSE
wsrf	150	cran	FALSE
wTO	150	cran	FALSE
yieldcurves	150	cran	FALSE
act	149	cran	FALSE
adjoin	149	cran	FALSE
AHPtools	149	cran	FALSE
alfred	149	cran	FALSE
ammiBayes	149	cran	FALSE
anocva	149	cran	FALSE
antedep	149	cran	FALSE
APS	149	cran	FALSE
arcopt	149	cran	FALSE
bacontrees	149	cran	FALSE
baseverse	149	cran	FALSE
bigKNN	149	cran	FALSE
blmeco	149	cran	FALSE
BSSasymp	149	cran	FALSE
causalWins	149	cran	FALSE
cer	149	cran	FALSE
CICA	149	cran	FALSE
citestR	149	cran	FALSE
DemographicTable	149	cran	FALSE
diagmeta	149	cran	FALSE
DiallelAnalysisR	149	cran	FALSE
diffcor	149	cran	FALSE
Ditwah	149	cran	FALSE
dynamicpv	149	cran	FALSE
eclipseplot	149	cran	FALSE
eClosure	149	cran	FALSE
epitraxr	149	cran	FALSE
fahb	149	cran	FALSE
fairmetrics	149	cran	FALSE
fpow	149	cran	FALSE
GENEAread	149	cran	FALSE
geneset	149	cran	FALSE
gibble	149	cran	FALSE
gluedown	149	cran	FALSE
gtexr	149	cran	FALSE
gtexture	149	cran	FALSE
hstats	149	cran	FALSE
hydroEvents	149	cran	FALSE
ILORA	149	cran	FALSE
inequality	149	cran	FALSE
infoelectoral	149	cran	FALSE
kalmanfilter	149	cran	FALSE
kzs	149	cran	FALSE
likelihood_model	149	cran	FALSE
LSAmitR	149	cran	FALSE
mdscore	149	cran	FALSE
metacom	149	cran	FALSE
MetaRVM	149	cran	FALSE
MHCtools	149	cran	FALSE
monolix2rx	149	cran	FALSE
mplot	149	cran	FALSE
MRAM	149	cran	FALSE
mvna	149	cran	FALSE
nephro	149	cran	FALSE
nomine	149	cran	FALSE
nullcat	149	cran	FALSE
opengraph	149	cran	FALSE
overviewR	149	cran	FALSE
PCSinR	149	cran	FALSE
pep725	149	cran	FALSE
plotrr	149	cran	FALSE
Power2Stage	149	cran	FALSE
ppsr	149	cran	FALSE
prider	149	cran	FALSE
ProbBreed	149	cran	FALSE
R_ComDim	149	cran	FALSE
RadioSonde	149	cran	FALSE
recodeflow	149	cran	FALSE
repeated	149	cran	FALSE
RprobitB	149	cran	FALSE
scriptName	149	cran	FALSE
sd2R	149	cran	TRUE
simplegraph	149	cran	FALSE
spinifex	149	cran	FALSE
splinemixmeta	149	cran	FALSE
statMatchLCM	149	cran	FALSE
Styperidge_reg	149	cran	FALSE
surveydown	149	cran	FALSE
tabularaster	149	cran	FALSE
tealeaves	149	cran	FALSE
tgstat	149	cran	FALSE
usportsR	149	cran	FALSE
VarSelLCM	149	cran	FALSE
vasicekfit	149	cran	FALSE
acnr	148	cran	FALSE
BayLum	148	cran	FALSE
bdrc	148	cran	FALSE
bp	148	cran	FALSE
cenGAM	148	cran	FALSE
ceramic	148	cran	FALSE
cirls	148	cran	FALSE
ClueR	148	cran	FALSE
coala	148	cran	FALSE
CohortSymmetry	148	cran	FALSE
compositional_mle	148	cran	FALSE
condSURV	148	cran	FALSE
coupling	148	cran	FALSE
cranly	148	cran	FALSE
cspp	148	cran	FALSE
distilleR	148	cran	FALSE
drmeta	148	cran	FALSE
easyRaschBayes	148	cran	FALSE
ELIC	148	cran	FALSE
EMbC	148	cran	FALSE
EpiLPS	148	cran	FALSE
FAdist	148	cran	FALSE
FIESTA	148	cran	FALSE
fuj	148	cran	FALSE
GeometricMorphometricsMix	148	cran	FALSE
ggExametrika	148	cran	FALSE
ggincerta	148	cran	FALSE
graph4lg	148	cran	FALSE
gtDesign	148	cran	FALSE
heterometa	148	cran	FALSE
hmrc	148	cran	FALSE
icdpicr2	148	cran	FALSE
InterVA4	148	cran	FALSE
lactater	148	cran	FALSE
leaf	148	cran	FALSE
LeaveOutKSS	148	cran	FALSE
lulab_utils	148	cran	FALSE
macleish	148	cran	FALSE
maptpx	148	cran	FALSE
metaDigitise	148	cran	FALSE
ml	148	cran	FALSE
multiRL	148	cran	FALSE
NetIndices	148	cran	FALSE
ngme2	148	cran	FALSE
NMRphasing	148	cran	FALSE
nptest	148	cran	FALSE
NTLKwIEx	148	cran	FALSE
obr	148	cran	FALSE
optconerrf	148	cran	FALSE
pchc	148	cran	FALSE
pense	148	cran	FALSE
PwePred	148	cran	FALSE
QsRutils	148	cran	FALSE
rankFD	148	cran	FALSE
Rcan	148	cran	FALSE
RegimeChange	148	cran	FALSE
rmdd	148	cran	FALSE
rsyntax	148	cran	FALSE
scDHA	148	cran	FALSE
SCIproj	148	cran	FALSE
smoothHR	148	cran	FALSE
STCYP	148	cran	FALSE
survSNP	148	cran	FALSE
tidyOhdsiSolutions	148	cran	FALSE
tvGarchKF	148	cran	FALSE
TWW	148	cran	FALSE
VAR_spec	148	cran	FALSE
VDPO	148	cran	FALSE
VecDep	148	cran	FALSE
viafoundry	148	cran	FALSE
widr	148	cran	FALSE
xmlconvert	148	cran	FALSE
xxdi	148	cran	FALSE
ACEt	147	cran	FALSE
aiDIF	147	cran	FALSE
animejs	147	cran	FALSE
AplosNCA	147	cran	FALSE
belg	147	cran	FALSE
bfsMaps	147	cran	FALSE
BioThermR	147	cran	FALSE
cir	147	cran	FALSE
circularKDE	147	cran	FALSE
clustermole	147	cran	FALSE
coglyphr	147	cran	FALSE
ConfusionTableR	147	cran	FALSE
dde	147	cran	FALSE
Desimml	147	cran	FALSE
EQUALPrognosis	147	cran	FALSE
ExactVaRTest	147	cran	FALSE
fbati	147	cran	FALSE
fddm	147	cran	FALSE
flightsbr	147	cran	FALSE
fluorojip	147	cran	FALSE
gambin	147	cran	FALSE
gasmodel	147	cran	FALSE
gear	147	cran	FALSE
ggsky	147	cran	FALSE
GillespieSSA2	147	cran	FALSE
hmix	147	cran	FALSE
hmmTMB	147	cran	FALSE
IBclust	147	cran	FALSE
IBMPopSim	147	cran	FALSE
ife	147	cran	FALSE
jti	147	cran	FALSE
lcmsPlot	147	bioc_fallback_rank	FALSE
ManlyMix	147	cran	FALSE
metaSVR	147	cran	FALSE
mosclust	147	cran	FALSE
myrror	147	cran	FALSE
NPflow	147	cran	FALSE
opensimplex2	147	cran	FALSE
PeruAPIs	147	cran	FALSE
plgp	147	cran	FALSE
PrettyCols	147	cran	FALSE
qtlhot	147	cran	FALSE
rangeMapper	147	cran	FALSE
Rankcluster	147	cran	FALSE
rankPlayedInference	147	cran	FALSE
RDML	147	cran	FALSE
rformat	147	cran	FALSE
Rglottography	147	cran	FALSE
RobAStRDA	147	cran	FALSE
ROCModels	147	cran	FALSE
rpcss	147	cran	FALSE
sand	147	cran	FALSE
SIPDIBGE	147	cran	FALSE
SmoothWin	147	cran	FALSE
soiltestcorr	147	cran	FALSE
spFFBS	147	cran	FALSE
SQIpro	147	cran	FALSE
StatDA	147	cran	FALSE
StreamMetabolism	147	cran	FALSE
T4transport	147	cran	FALSE
tern_gee	147	cran	FALSE
tidygate	147	cran	FALSE
tpn	147	cran	FALSE
truncProxy	147	cran	FALSE
tsBSS	147	cran	FALSE
wcde	147	cran	FALSE
woeBinning	147	cran	FALSE
XGeoRTR	147	cran	FALSE
xtbhst	147	cran	FALSE
admiral_test	146	cran	FALSE
airt	146	cran	FALSE
ardl_nardl	146	cran	FALSE
aweSOM	146	cran	FALSE
bdlnm	146	cran	FALSE
BioVizSeq	146	cran	FALSE
bistablehistory	146	cran	FALSE
CIARA	146	cran	FALSE
colorDF	146	cran	FALSE
cthist	146	cran	FALSE
DataPackageR	146	cran	FALSE
dcvar	146	cran	FALSE
DenoIST	146	bioc_fallback_rank	FALSE
dfmta	146	cran	FALSE
easybio	146	cran	FALSE
ecoTolerance	146	cran	FALSE
envi	146	cran	FALSE
fgeo_tool	146	cran	FALSE
FinanceGraphs	146	cran	FALSE
fitODBOD	146	cran	FALSE
genCountR	146	cran	FALSE
gentransmuted	146	cran	FALSE
geonuts	146	cran	FALSE
ggseg_meshes	146	cran	FALSE
gofcat	146	cran	FALSE
GREMLINS	146	cran	FALSE
hatemicoint	146	cran	FALSE
hlt	146	cran	FALSE
HTSCluster	146	cran	FALSE
imagerExtra	146	cran	FALSE
Immutables	146	cran	FALSE
interep	146	cran	FALSE
LandComp	146	cran	FALSE
ltsk	146	cran	FALSE
minFactorial	146	cran	FALSE
minipdf	146	cran	FALSE
minter	146	cran	FALSE
mrMLM_GUI	146	cran	FALSE
MultiRNG	146	cran	FALSE
multvardiv	146	cran	FALSE
mvtweedie	146	cran	FALSE
newsmap	146	cran	FALSE
nlmixr2lib	146	cran	FALSE
nnmf	146	cran	FALSE
odr	146	cran	FALSE
OmopStudyBuilder	146	cran	FALSE
oolong	146	cran	FALSE
OrgMassSpecR	146	cran	FALSE
ORscraper	146	cran	FALSE
pcFactorStan	146	cran	FALSE
pgnorm	146	cran	FALSE
plotannotate	146	cran	FALSE
PNADCperiods	146	cran	FALSE
PreProcess	146	cran	FALSE
projections	146	cran	FALSE
RcmdrPlugin_BWS2	146	cran	FALSE
ReliaShiny	146	cran	FALSE
ricu	146	cran	FALSE
rquiz	146	cran	FALSE
rurality	146	cran	FALSE
SAVER	146	cran	FALSE
SemanticDistance	146	cran	FALSE
sfcurve	146	cran	FALSE
shard	146	cran	FALSE
sitree	146	cran	FALSE
smicd	146	cran	FALSE
SpaDES	146	cran	FALSE
sparqlr	146	cran	FALSE
sparsesurv	146	cran	FALSE
sshist	146	cran	FALSE
staggR	146	cran	FALSE
SurrogateParadoxTest	146	cran	FALSE
tokenbrowser	146	cran	FALSE
tosca	146	cran	FALSE
TPD	146	cran	FALSE
AcademicThemes	145	cran	FALSE
BasketballAnalyzeR	145	cran	FALSE
bdpar	145	cran	FALSE
bidask	145	cran	FALSE
bliss	145	cran	FALSE
bootcluster	145	cran	FALSE
CAISEr	145	cran	FALSE
CEGO	145	cran	FALSE
condvis2	145	cran	FALSE
ConversationAlign	145	cran	FALSE
CorrToolBox	145	cran	FALSE
DGEobj_utils	145	cran	FALSE
dlmwwbe	145	cran	FALSE
easynls	145	cran	FALSE
easyr	145	cran	FALSE
EBMAforecast	145	cran	FALSE
ecotox	145	cran	FALSE
eiCircles	145	cran	FALSE
emburden	145	cran	FALSE
enderecobr	145	cran	FALSE
figpatch	145	cran	FALSE
flex	145	cran	FALSE
genproc	145	cran	FALSE
ggerror	145	cran	FALSE
gofCopula	145	cran	FALSE
grepreaper	145	cran	FALSE
healthmotionR	145	cran	FALSE
healthyR_data	145	cran	FALSE
Holomics	145	cran	FALSE
imv	145	cran	FALSE
influence_SEM	145	cran	FALSE
ipfp	145	cran	FALSE
jalcal	145	cran	FALSE
lancor	145	cran	FALSE
ldbounds	145	cran	FALSE
lterdatasampler	145	cran	FALSE
MALDIrppa	145	cran	FALSE
manydist	145	cran	FALSE
MEGB	145	cran	FALSE
MetaEntropy	145	cran	FALSE
metasplines	145	cran	FALSE
MFSD	145	cran	FALSE
mpmaggregate	145	cran	FALSE
NPStability	145	cran	FALSE
ordered	145	cran	FALSE
paramlink	145	cran	FALSE
permimp	145	cran	FALSE
plavaan	145	cran	FALSE
plotor	145	cran	FALSE
ply	145	cran	FALSE
PsyToolkit	145	cran	FALSE
Ravages	145	cran	FALSE
rglobi	145	cran	FALSE
RMSTpowerBoost	145	cran	FALSE
roadoi	145	cran	FALSE
ROI_plugin_nloptr	145	cran	FALSE
ropenblas	145	cran	FALSE
rstiefel	145	cran	FALSE
Rtinycc	145	cran	TRUE
samplingVarEst	145	cran	FALSE
sccic	145	cran	FALSE
scpropreg	145	cran	FALSE
seplyr	145	cran	FALSE
simglm	145	cran	FALSE
SmallCountRounding	145	cran	FALSE
smoothtail	145	cran	FALSE
spatialprobit	145	cran	FALSE
spatialreg_hp	145	cran	FALSE
spuRs	145	cran	FALSE
sspse	145	cran	FALSE
sstn	145	cran	FALSE
stagsynth	145	cran	FALSE
statquotes	145	cran	FALSE
taxdiv	145	cran	FALSE
torchMAUM	145	cran	FALSE
wcvpmatch	145	cran	TRUE
wmwpow	145	cran	FALSE
xtcspqardl	145	cran	FALSE
adnuts	144	cran	FALSE
AMPLE	144	cran	FALSE
authordown	144	cran	FALSE
BAYSTAR	144	cran	FALSE
bcf	144	cran	FALSE
bea_R	144	cran	FALSE
bsocialv2	144	cran	FALSE
cdnbcr	144	cran	FALSE
CompositionalNAimp	144	cran	FALSE
cooccure	144	cran	FALSE
corx	144	cran	FALSE
crystract	144	cran	FALSE
csdm	144	cran	FALSE
DegreeDayCalc	144	cran	FALSE
dixon	144	cran	FALSE
DVHmetrics	144	cran	FALSE
evmissing	144	cran	FALSE
FBN	144	cran	FALSE
gcpca	144	cran	FALSE
GENEAclassify	144	cran	FALSE
greenbook	144	cran	FALSE
haldensify	144	cran	FALSE
hexsession	144	cran	FALSE
hurricaneexposure	144	cran	FALSE
injectoR	144	cran	FALSE
KSgeneral	144	cran	FALSE
ksm	144	cran	FALSE
ldsep	144	cran	FALSE
lgrdata	144	cran	FALSE
Libra	144	cran	FALSE
LLMTranslate	144	cran	FALSE
madness	144	cran	FALSE
mcga	144	cran	FALSE
memery	144	cran	FALSE
MiRKAT	144	cran	FALSE
mlogitBMA	144	cran	FALSE
munch	144	cran	FALSE
mvProbit	144	cran	FALSE
NACHO	144	cran	FALSE
nlmixr2autoinit	144	cran	FALSE
OdysseusPathwayModule	144	cran	TRUE
orthogonalsplinebasis	144	cran	FALSE
otp	144	cran	FALSE
packHV	144	cran	FALSE
palettes	144	cran	FALSE
pcts	144	cran	FALSE
PhylogeneticEM	144	cran	FALSE
pmsesampling	144	cran	FALSE
propensity	144	cran	FALSE
randomizeBE	144	cran	FALSE
raretrans	144	cran	FALSE
rCISSVAE	144	cran	FALSE
RColetum	144	cran	FALSE
readecb	144	cran	FALSE
reportROC	144	cran	FALSE
RsSimulx	144	cran	FALSE
rtemis	144	cran	FALSE
RTextTools	144	cran	FALSE
scape	144	cran	FALSE
SFOCDs	144	cran	FALSE
sgsR	144	cran	FALSE
simpowa	144	cran	FALSE
slxr	144	cran	FALSE
smam	144	cran	FALSE
smovie	144	cran	FALSE
socialSim	144	cran	FALSE
spaAlign	144	cran	FALSE
stability	144	cran	FALSE
statAPA	144	cran	FALSE
surveycore	144	cran	FALSE
TAF	144	cran	FALSE
tailplots	144	cran	FALSE
taxodist	144	cran	FALSE
TipDatingBeast	144	cran	FALSE
topologyR	144	cran	FALSE
TOU	144	cran	FALSE
treebase	144	cran	FALSE
ursa	144	cran	FALSE
varbvs	144	cran	FALSE
vimixr	144	cran	FALSE
W4MRUtils	144	cran	FALSE
yhat	144	cran	FALSE
zoltr	144	cran	FALSE
afcharts	143	cran	FALSE
ALPS	143	bioc_fallback_rank	FALSE
approximator	143	cran	FALSE
backtest	143	cran	FALSE
basicspace	143	cran	FALSE
coda_pack	143	cran	FALSE
coga	143	cran	FALSE
DImodelsMulti	143	cran	FALSE
disaggR	143	cran	FALSE
dpm	143	cran	FALSE
DQAstats	143	cran	FALSE
DTFM	143	cran	FALSE
ecr	143	cran	FALSE
EmpiricalDynamics	143	cran	FALSE
epicR	143	cran	FALSE
EpiCurve	143	cran	FALSE
EQUALrepeat	143	cran	FALSE
EviewsR	143	cran	FALSE
ExpressionCellNet	143	cran	FALSE
forestError	143	cran	FALSE
fRegression	143	cran	FALSE
FuzzyNumbers_Ext_2	143	cran	FALSE
GeneCycle	143	cran	FALSE
ggscidca	143	cran	FALSE
ggWebGL	143	cran	FALSE
histogram	143	cran	FALSE
HTGM3D	143	cran	FALSE
hypertext	143	cran	FALSE
imageData	143	cran	FALSE
inflationkit	143	cran	FALSE
iPRSue	143	cran	FALSE
ivcheck	143	cran	FALSE
lavinteract	143	cran	FALSE
leontief	143	cran	FALSE
lmds	143	cran	FALSE
LOMAR	143	cran	FALSE
MASSExtra	143	cran	FALSE
MetaHunt	143	cran	FALSE
MetaSKAT	143	cran	FALSE
misl	143	cran	FALSE
mogiw	143	cran	FALSE
ncmR	143	cran	FALSE
nlmixr2rpt	143	cran	FALSE
notionapi	143	cran	FALSE
npwbs	143	cran	FALSE
OrthoPanels	143	cran	FALSE
palettephines	143	cran	FALSE
PLmixed	143	cran	FALSE
predictset	143	cran	FALSE
rainerosr	143	cran	FALSE
randompack	143	cran	FALSE
ravel	143	cran	FALSE
rbbnp	143	cran	FALSE
RcmdrPlugin_sos	143	cran	FALSE
RcmdrPlugin_WorldFlora	143	cran	FALSE
RenyiExtropy	143	cran	FALSE
riskCommunicator	143	cran	FALSE
RMTL	143	cran	FALSE
robsurvey	143	cran	FALSE
RobustMediate	143	cran	FALSE
roundRobinR	143	cran	FALSE
rPandas	143	cran	FALSE
Rraven	143	cran	FALSE
scholidonline	143	cran	FALSE
sharp	143	cran	FALSE
SHT	143	cran	FALSE
SNMA	143	cran	FALSE
socialdrift	143	cran	FALSE
spork	143	cran	FALSE
sqlcaser	143	cran	FALSE
strvalidator	143	cran	FALSE
tidywikidatar	143	cran	FALSE
timeplyr	143	cran	FALSE
tptest	143	cran	FALSE
transfR	143	cran	FALSE
ukbflow	143	cran	FALSE
wordPuzzleR	143	cran	FALSE
altair	142	cran	FALSE
AovBay	142	cran	FALSE
autotestR	142	cran	FALSE
BAGofT	142	cran	FALSE
bigANNOY	142	cran	FALSE
clickstream	142	cran	FALSE
comets	142	cran	FALSE
copulaSQM	142	cran	FALSE
cryptoQuotes	142	cran	FALSE
cucumber	142	cran	FALSE
cvCovEst	142	cran	FALSE
doc2concrete	142	cran	FALSE
ecochange	142	cran	FALSE
EstCRM	142	cran	FALSE
fastlpr	142	cran	FALSE
flattabler	142	cran	FALSE
genridge	142	cran	FALSE
gpkg	142	cran	FALSE
h3r	142	cran	FALSE
healthyR_ai	142	cran	FALSE
hlmLab	142	cran	FALSE
hybridEHR	142	cran	FALSE
ibdfindr	142	cran	FALSE
ioanalysis	142	cran	FALSE
iotarelr	142	cran	FALSE
landsat	142	cran	FALSE
lmQCM	142	cran	FALSE
mfclim	142	cran	FALSE
MFF	142	cran	FALSE
MixfMRI	142	cran	FALSE
mniw	142	cran	FALSE
mtarm	142	cran	FALSE
multiscape	142	cran	FALSE
NAEPirtparams	142	cran	FALSE
netsubsamp	142	cran	FALSE
NetworkInference	142	cran	FALSE
OLSengine	142	cran	FALSE
ontologySimilarity	142	cran	FALSE
optimflex	142	cran	FALSE
osmclass	142	cran	FALSE
outlierspinner	142	cran	FALSE
partition	142	cran	FALSE
peppwR	142	cran	FALSE
piecemeal	142	cran	FALSE
poseticDataAnalysis	142	cran	FALSE
ProteinPCA	142	cran	FALSE
QBMS	142	cran	FALSE
qDEA	142	cran	FALSE
qMRI	142	cran	FALSE
RavenR	142	cran	FALSE
readelan	142	cran	FALSE
RelativeDistClust	142	cran	FALSE
robustT2	142	cran	FALSE
roroph	142	cran	FALSE
RoughSets	142	cran	FALSE
Rsomoclu	142	cran	FALSE
rwig	142	cran	FALSE
semmcci	142	cran	FALSE
shiny_telemetry	142	cran	FALSE
shorm	142	cran	FALSE
SpatPCA	142	cran	FALSE
srcpkgs	142	cran	FALSE
swfscDAS	142	cran	FALSE
T2DFitTailor	142	cran	FALSE
TFORGE	142	cran	FALSE
tidylo	142	cran	FALSE
tinkr	142	cran	FALSE
tinyspotifyr	142	cran	FALSE
tma	142	cran	FALSE
twomodeclusteringGA	142	cran	FALSE
ukhousing	142	cran	FALSE
vaster	142	cran	FALSE
vaxineR	142	cran	FALSE
zonohedra	142	cran	FALSE
aPCoA	141	cran	FALSE
arc	141	cran	FALSE
autostats	141	cran	FALSE
BayesCTDesign	141	cran	FALSE
BiTSLS	141	cran	FALSE
bnpsd	141	cran	FALSE
catmaply	141	cran	FALSE
CGMissingDataR	141	cran	FALSE
clime	141	cran	FALSE
clustMD	141	cran	FALSE
cointsmall	141	cran	FALSE
contsurvplot	141	cran	FALSE
ctrlGene	141	cran	FALSE
curriculr	141	cran	FALSE
czso	141	cran	FALSE
dad	141	cran	FALSE
diagFDR	141	cran	FALSE
dice	141	cran	FALSE
dotprofile	141	cran	FALSE
drcte	141	cran	FALSE
dsge	141	cran	FALSE
easyVerification	141	cran	FALSE
ecotourism	141	cran	FALSE
FAPA	141	cran	FALSE
GALAHAD	141	cran	FALSE
geoDeltaAudit	141	cran	FALSE
GMMBoost	141	cran	FALSE
GMX	141	cran	FALSE
gpairs	141	cran	FALSE
GSED	141	cran	FALSE
h3lib	141	cran	FALSE
hgwrr	141	cran	FALSE
IBDInfer	141	cran	FALSE
IntOMICS	141	bioc_fallback_rank	FALSE
ivo_table	141	cran	FALSE
jcolors	141	cran	FALSE
L0ggm	141	cran	FALSE
likelihood_contr	141	cran	FALSE
longitree	141	cran	FALSE
LSTS	141	cran	FALSE
ManifoldOptim	141	cran	FALSE
missPLS	141	cran	FALSE
MixMashNet	141	cran	FALSE
MLeval	141	cran	FALSE
mnirs	141	cran	FALSE
mrddGlobal	141	cran	FALSE
NetworkDistance	141	cran	FALSE
NeuralSens	141	cran	FALSE
nicheROVER	141	cran	FALSE
nsprcomp	141	cran	FALSE
odyssey	141	cran	FALSE
pairwiseCI	141	cran	FALSE
partools	141	cran	FALSE
PivotalP	141	cran	FALSE
PPRL	141	cran	FALSE
r3js	141	cran	FALSE
randomForestRHF	141	cran	FALSE
RaSEn	141	cran	FALSE
readapra	141	cran	FALSE
rFocal	141	cran	FALSE
roam	141	cran	FALSE
ROI_format_cbf	141	cran	FALSE
rrcov3way	141	cran	FALSE
RSQLite_toolkit	141	cran	FALSE
rtemis_a3	141	cran	FALSE
RZooRoH	141	cran	FALSE
SimpleUpset	141	cran	FALSE
SlicedLHD	141	cran	FALSE
smaa	141	cran	FALSE
SMDIC	141	cran	FALSE
ssmrob	141	cran	FALSE
TestDimorph	141	cran	FALSE
tflmetaR	141	cran	FALSE
tidycensuskr	141	cran	FALSE
tinyimg	141	cran	TRUE
toporanga	141	cran	FALSE
ubiquity	141	cran	FALSE
verdadecu	141	cran	FALSE
xtbreakcoint	141	cran	FALSE
afttest	140	cran	FALSE
aggTrees	140	cran	FALSE
aion	140	cran	FALSE
airportr	140	cran	FALSE
automagic	140	cran	FALSE
basetheme	140	cran	FALSE
BayesCACE	140	cran	FALSE
biwt	140	cran	FALSE
BlockMissingData	140	cran	TRUE
brainR	140	cran	FALSE
campfin	140	cran	FALSE
codebookr	140	cran	FALSE
commonsMath	140	cran	FALSE
completejourney	140	cran	FALSE
connectwidgets	140	cran	FALSE
datasets_load	140	cran	FALSE
describedata	140	cran	FALSE
distrEllipse	140	cran	FALSE
DIZutils	140	cran	FALSE
DNAtools	140	cran	FALSE
dsa	140	cran	FALSE
ecoXCorr	140	cran	FALSE
EmissV	140	cran	FALSE
eventreport	140	cran	FALSE
exams2ilias	140	cran	FALSE
fastFGEE	140	cran	FALSE
FatTailsR	140	cran	FALSE
fMRItools	140	cran	FALSE
geospt	140	cran	FALSE
groupedHyperframe	140	cran	FALSE
growthDecomp	140	cran	FALSE
hwep	140	cran	FALSE
iMRMC	140	cran	FALSE
ISPYARDSWinProbabilityGSDesign	140	cran	FALSE
ixsurface	140	cran	FALSE
ksformat	140	cran	FALSE
LabourMarketAreas	140	cran	FALSE
markets	140	cran	FALSE
MatchingPursuit	140	cran	FALSE
MCseqReplic	140	cran	FALSE
MIAmaxent	140	cran	FALSE
MSclassifR	140	cran	FALSE
Necklaces	140	cran	FALSE
NetLogoR	140	cran	FALSE
neuromapr	140	cran	FALSE
nipnTK	140	cran	FALSE
NSMM	140	cran	FALSE
pch	140	cran	FALSE
pciR	140	cran	FALSE
pecanr	140	cran	FALSE
pkmapr	140	cran	FALSE
plsmod	140	cran	FALSE
PLUCR	140	cran	FALSE
psyphy	140	cran	FALSE
QuantileGH	140	cran	FALSE
r_jive	140	cran	FALSE
RandomGaussianNB	140	cran	FALSE
rkaf	140	cran	FALSE
ROAuth	140	cran	FALSE
robscale	140	cran	FALSE
savvySh	140	cran	FALSE
shinydataviewer	140	cran	FALSE
spantest	140	cran	FALSE
spatialRegroup	140	cran	FALSE
spatstat_local	140	cran	FALSE
spectacles	140	cran	FALSE
stratcols	140	cran	FALSE
topiclabels	140	cran	FALSE
topsis	140	cran	FALSE
tornado	140	cran	FALSE
twbparser	140	cran	FALSE
uuidx	140	cran	TRUE
VizModules	140	cran	FALSE
VOSONDash	140	cran	FALSE
voucher	140	cran	FALSE
wcc	140	cran	FALSE
WINS	140	cran	FALSE
XLS	140	cran	FALSE
actuaRE	139	cran	FALSE
adfExplorer	139	cran	FALSE
AutoScore	139	cran	FALSE
baRcodeR	139	cran	FALSE
BayesChange	139	cran	FALSE
BayesianInference	139	cran	FALSE
bayesiansurpriser	139	cran	FALSE
BLPestimatoR	139	cran	FALSE
bootImpute	139	cran	FALSE
boxly	139	cran	FALSE
BTM	139	cran	FALSE
CITAN	139	cran	FALSE
clv	139	cran	TRUE
concordance	139	cran	FALSE
copulaSFM	139	cran	FALSE
CPE	139	cran	FALSE
CRTSize	139	cran	FALSE
ctsemOMX	139	cran	FALSE
cyclestreets	139	cran	FALSE
datetime	139	cran	FALSE
dceasimR	139	cran	FALSE
delimtools	139	cran	FALSE
diffeqr	139	cran	FALSE
Dimodal	139	cran	FALSE
DiNAMIC_Duo	139	cran	FALSE
diseasystore	139	cran	FALSE
diyar	139	cran	FALSE
dyadicMarkov	139	cran	FALSE
etl	139	cran	FALSE
fb4package	139	cran	FALSE
fitPS	139	cran	FALSE
FrailtyCompRisk	139	cran	FALSE
gcomputation	139	cran	FALSE
ggpval	139	cran	FALSE
glycoTraitR	139	bioc_fallback_rank	FALSE
GWnorm	139	cran	FALSE
HausdorffGoF	139	cran	FALSE
ibd	139	cran	FALSE
iccde	139	cran	FALSE
imaginarycss	139	cran	FALSE
imputeMissings	139	cran	FALSE
inteq	139	cran	FALSE
longreadvqs	139	cran	FALSE
LTRCtrees	139	cran	FALSE
MetricGraph	139	cran	FALSE
mgarchBEKK	139	cran	FALSE
MLCausal	139	cran	FALSE
morphomap	139	cran	FALSE
mRc	139	cran	FALSE
MRIreduce	139	cran	FALSE
mrtsSphere	139	cran	FALSE
MultiOrd	139	cran	FALSE
mvardlurt	139	cran	FALSE
nlrx	139	cran	FALSE
NPCirc	139	cran	FALSE
odds_converter	139	cran	FALSE
ParamANOVA	139	cran	FALSE
PartialNetwork	139	cran	FALSE
pfwim	139	cran	FALSE
productivity	139	cran	FALSE
quadkeyr	139	cran	FALSE
ramify	139	cran	FALSE
reactRouter	139	cran	FALSE
recforest	139	cran	FALSE
replicateBE	139	cran	FALSE
rgbIndices	139	cran	FALSE
rLakeHabitat	139	cran	FALSE
RNetLogo	139	cran	FALSE
SelectBoost_FDA	139	cran	FALSE
serieshaz	139	cran	FALSE
shinyreprex	139	cran	FALSE
SimCorMultRes	139	cran	FALSE
sparrpowR	139	cran	FALSE
spbabel	139	cran	FALSE
standrecon	139	cran	FALSE
TemporalForest	139	cran	FALSE
vote	139	cran	FALSE
WCRBayesDesign	139	cran	FALSE
weightedVoronoi	139	cran	FALSE
wf	139	cran	FALSE
wstats	139	cran	FALSE
zoib	139	cran	FALSE
acid	138	cran	FALSE
adeptdata	138	cran	FALSE
agop	138	cran	FALSE
amerika	138	cran	FALSE
AquaEnv	138	cran	FALSE
baskwrap	138	cran	FALSE
beezdemand	138	cran	FALSE
CALIBERrfimpute	138	cran	FALSE
checkdown	138	cran	FALSE
circacompare	138	cran	FALSE
citation	138	cran	FALSE
cleangeo	138	cran	FALSE
cmhc	138	cran	FALSE
coefficientalpha	138	cran	FALSE
colormap	138	cran	FALSE
corrtable	138	cran	FALSE
CoSMoS	138	cran	FALSE
dawai	138	cran	FALSE
debtkit	138	cran	FALSE
detectRUNS	138	cran	FALSE
DGEobj	138	cran	FALSE
dMod	138	cran	FALSE
drda	138	cran	FALSE
driveR	138	cran	FALSE
ebnm	138	cran	FALSE
EcoNiche	138	cran	FALSE
effectcheck	138	cran	FALSE
eseis	138	cran	FALSE
evalITR	138	cran	FALSE
far	138	cran	FALSE
fastRhockey	138	cran	FALSE
fdadensity	138	cran	FALSE
fdid	138	cran	FALSE
flexCausal	138	cran	FALSE
FPDclustering	138	cran	FALSE
GameTheory	138	cran	FALSE
GMSE	138	cran	FALSE
goffda	138	cran	FALSE
hdme	138	cran	FALSE
hyfo	138	cran	FALSE
ie2misc	138	cran	FALSE
ieTest	138	cran	FALSE
invacost	138	cran	FALSE
IRTM	138	cran	FALSE
jentre	138	cran	FALSE
jetpack	138	cran	FALSE
jointseg	138	cran	FALSE
kendallknight	138	cran	FALSE
lisat	138	cran	TRUE
lsReg	138	cran	FALSE
matchingR	138	cran	FALSE
MBNMAtime	138	cran	FALSE
messydates	138	cran	FALSE
metalite	138	cran	FALSE
MortalityTables	138	cran	FALSE
MPI	138	cran	FALSE
mpshock	138	cran	FALSE
MultiscaleSCP	138	cran	FALSE
mverse	138	cran	FALSE
ngspatial	138	cran	FALSE
nordstatExtras	138	cran	FALSE
NRMSampling	138	cran	FALSE
OPTeCD	138	cran	FALSE
paisaje	138	cran	FALSE
pksensi	138	cran	FALSE
plmmr	138	cran	FALSE
powerjoin	138	cran	FALSE
predtools	138	cran	FALSE
properties	138	cran	FALSE
pspatreg	138	cran	FALSE
PSPManalysis	138	cran	FALSE
pushoverr	138	cran	FALSE
QTL_gCIMapping	138	cran	FALSE
R0	138	cran	FALSE
raceland	138	cran	FALSE
rescomp	138	cran	FALSE
ri2	138	cran	FALSE
rkt	138	cran	FALSE
rollout	138	cran	FALSE
routing	138	cran	FALSE
rwicc	138	cran	TRUE
scatterPlotMatrix	138	cran	FALSE
scrutr	138	cran	FALSE
SIDES	138	cran	FALSE
symTensor	138	cran	FALSE
tanaka	138	cran	FALSE
taxizedb	138	cran	FALSE
tectonicr	138	cran	FALSE
TestFunctions	138	cran	FALSE
TR8	138	cran	FALSE
TransHDM	138	cran	FALSE
vannstats	138	cran	FALSE
warmthcompetence	138	cran	FALSE
WaveST	138	cran	FALSE
wkpool	138	cran	FALSE
basicMCMCplots	137	cran	FALSE
BayesNetBP	137	cran	FALSE
BHSBVAR	137	cran	FALSE
billboard	137	cran	FALSE
blindrecalc	137	cran	FALSE
btml	137	cran	FALSE
Carlson	137	cran	FALSE
CAvariants	137	cran	FALSE
cg	137	cran	FALSE
CohortContrast	137	cran	FALSE
cointests	137	cran	FALSE
CovTools	137	cran	FALSE
Crossover	137	cran	FALSE
daiR	137	cran	FALSE
DecisionDrift	137	cran	FALSE
dglm	137	cran	FALSE
DiscreteFDR	137	cran	FALSE
easyComment	137	cran	FALSE
ECMLE	137	cran	FALSE
fairadapt	137	cran	FALSE
flexCWM	137	cran	FALSE
frailtySurv	137	cran	FALSE
freebsdcontribs	137	cran	FALSE
freqtables	137	cran	FALSE
fuzzyforest	137	cran	FALSE
genBaRcode	137	cran	FALSE
geneExpressionFromGEO	137	cran	FALSE
geoAr	137	cran	FALSE
gglorenz	137	cran	FALSE
GitStats	137	cran	FALSE
gratis	137	cran	FALSE
gtheoryr	137	cran	FALSE
gtWAS	137	cran	FALSE
guaguas	137	cran	FALSE
HeatmapR	137	cran	FALSE
hlrhotrix	137	cran	FALSE
IFC	137	cran	FALSE
incase	137	cran	FALSE
india	137	cran	FALSE
InterSIM	137	cran	FALSE
IntNMF	137	cran	FALSE
itscalledsoccer	137	cran	FALSE
leapR	137	bioc_fallback_rank	FALSE
lilikoi	137	cran	FALSE
locits	137	cran	FALSE
log	137	cran	FALSE
madgrad	137	cran	FALSE
mcprofile	137	cran	FALSE
metaGE	137	cran	FALSE
metaRNASeq	137	cran	FALSE
mrPStrata	137	cran	FALSE
neonstore	137	cran	FALSE
nord	137	cran	FALSE
nowcast	137	cran	FALSE
NPCD	137	cran	FALSE
OhdsiShinyAppBuilder	137	cran	FALSE
OrdMonReg	137	cran	FALSE
PaRe	137	cran	FALSE
pixieweb	137	cran	FALSE
PogromcyDanych	137	cran	FALSE
ppls	137	cran	FALSE
ppwdeming	137	cran	FALSE
PQA	137	cran	FALSE
quantities	137	cran	FALSE
Radviz	137	cran	FALSE
rainfarmr	137	cran	FALSE
RCT	137	cran	FALSE
RLumModel	137	cran	FALSE
rmet	137	cran	FALSE
rocbc	137	cran	FALSE
rotasym	137	cran	FALSE
rtForecastEval	137	cran	FALSE
runExamplesWrapper	137	cran	FALSE
SeedImbibition	137	cran	FALSE
SeedVigorIndex	137	cran	FALSE
SoilR	137	cran	FALSE
stokes	137	cran	FALSE
TcGSA	137	cran	FALSE
Thresher	137	cran	FALSE
tidytreatment	137	cran	FALSE
tinypkgr	137	cran	FALSE
toxEval	137	cran	FALSE
trendchange	137	cran	FALSE
USgas	137	cran	FALSE
XSRecencyX	137	cran	FALSE
ACNE	136	cran	FALSE
aghq	136	cran	FALSE
altfuelr	136	cran	FALSE
AnnotationBustR	136	cran	FALSE
AQuadtree	136	cran	FALSE
AWR_Kinesis	136	cran	FALSE
bcpa	136	cran	FALSE
BootPR	136	cran	FALSE
bpnreg	136	cran	FALSE
catIrt	136	cran	FALSE
cgwtools	136	cran	FALSE
DiscreteWeibull	136	cran	FALSE
DIZtools	136	cran	FALSE
DSSAT	136	cran	FALSE
ergmclust	136	cran	FALSE
etasFLP	136	cran	FALSE
eudract	136	cran	FALSE
fauxnaif	136	cran	FALSE
FixedPoint	136	cran	FALSE
fluxweb	136	cran	FALSE
freqdom	136	cran	FALSE
gastempt	136	cran	FALSE
gdiff	136	cran	FALSE
geodaData	136	cran	FALSE
ggrisk	136	cran	FALSE
goft	136	cran	FALSE
gpbStat	136	cran	FALSE
hagis	136	cran	FALSE
hdpGLM	136	cran	FALSE
hot_deck	136	cran	FALSE
HZIP	136	cran	FALSE
ISO6976_2016	136	cran	FALSE
LakeMetabolizer	136	cran	FALSE
lbaModel	136	cran	FALSE
LKT	136	cran	FALSE
MDMR	136	cran	FALSE
mdsOpt	136	cran	FALSE
metaMA	136	cran	FALSE
micompr	136	cran	FALSE
MixMatrix	136	cran	FALSE
MNM	136	cran	FALSE
monmlp	136	cran	FALSE
mpmi	136	cran	FALSE
msgps	136	cran	FALSE
MTE	136	cran	FALSE
NeStage	136	cran	FALSE
nudibranch	136	cran	FALSE
OneSampleMR	136	cran	FALSE
openrouteservice	136	cran	FALSE
phenopix	136	cran	FALSE
PPforest	136	cran	FALSE
primerTree	136	cran	FALSE
prt	136	cran	FALSE
psqn	136	cran	FALSE
QuickExplore	136	cran	FALSE
rAmCharts4	136	cran	FALSE
rassta	136	cran	FALSE
reddPrec	136	cran	FALSE
rmedsem	136	cran	FALSE
robcp	136	cran	FALSE
ROBOSRMSMOTE	136	cran	FALSE
RobPer	136	cran	FALSE
samplesize4surveys	136	cran	FALSE
sasif	136	cran	FALSE
seairmobility	136	cran	FALSE
sendgridr	136	cran	FALSE
SenSrivastava	136	cran	FALSE
sentopics	136	cran	FALSE
SeroTrackR	136	cran	FALSE
setartree	136	cran	FALSE
SHRED	136	cran	FALSE
SigBridgeRUtils	136	cran	FALSE
snowFT	136	cran	FALSE
speff2trial	136	cran	FALSE
swjm	136	cran	FALSE
synthReturn	136	cran	FALSE
tableParser	136	cran	FALSE
tAI	136	cran	FALSE
Transition	136	cran	FALSE
uniformly	136	cran	FALSE
wflo	136	cran	FALSE
xtfifevd	136	cran	FALSE
xtsum	136	cran	FALSE
abclass	135	cran	FALSE
acro	135	cran	FALSE
ACTCD	135	cran	FALSE
ald	135	cran	FALSE
AntibodyTiters	135	cran	FALSE
AquaBEHER	135	cran	FALSE
bayesanova	135	cran	FALSE
BBEST	135	cran	FALSE
BED	135	cran	FALSE
BGPhazard	135	cran	FALSE
biblionetwork	135	cran	FALSE
ClassComparison	135	cran	FALSE
cmdfun	135	cran	FALSE
conStruct	135	cran	FALSE
CSeQTL	135	cran	FALSE
DAAGbio	135	cran	FALSE
detzrcr	135	cran	FALSE
DiffCorr	135	cran	FALSE
discnorm	135	cran	FALSE
drMAIC	135	cran	FALSE
EthSEQ	135	cran	FALSE
featdelta	135	cran	FALSE
FIESTAutils	135	cran	FALSE
FindIt	135	cran	FALSE
forestly	135	cran	FALSE
funcml	135	cran	FALSE
gateR	135	cran	FALSE
ggsurveillance	135	cran	FALSE
glmmPen	135	cran	FALSE
GVS	135	cran	FALSE
GWSDAT	135	cran	FALSE
himach	135	cran	FALSE
HTLR	135	cran	FALSE
IDSL_IPA	135	cran	FALSE
inflateR	135	cran	FALSE
komaletter	135	cran	FALSE
L1centrality	135	cran	FALSE
lakemorpho	135	cran	FALSE
LinRegInteractive	135	cran	FALSE
LitFetchR	135	cran	FALSE
lmridge	135	cran	FALSE
MAP	135	cran	FALSE
mapi	135	cran	FALSE
MappingCalc	135	cran	FALSE
MicroMoB	135	cran	FALSE
mlstm	135	cran	FALSE
MRgrowth	135	cran	FALSE
mt_surv	135	cran	FALSE
multChernoff	135	cran	FALSE
MultNonParam	135	cran	FALSE
o2plsda	135	cran	FALSE
observationalBlocks	135	cran	FALSE
OmicNavigator	135	cran	FALSE
OpenRepGrid_ic	135	cran	FALSE
pensar	135	cran	FALSE
portfolio	135	cran	FALSE
PostcodesioR	135	cran	FALSE
pricesensitivitymeter	135	cran	FALSE
proustr	135	cran	FALSE
PsychWordVec	135	cran	FALSE
pwt8	135	cran	FALSE
qtlnet	135	cran	FALSE
random_cdisc_data	135	cran	FALSE
ratematrix	135	cran	FALSE
REAT	135	cran	FALSE
resultcheck	135	cran	FALSE
RobExtremes	135	cran	FALSE
ROOT	135	cran	FALSE
RRreg	135	cran	FALSE
shapeR	135	cran	FALSE
shinybrms	135	cran	FALSE
silicate	135	cran	FALSE
sparta	135	cran	FALSE
spatialCatalogueViewer	135	cran	FALSE
stacr	135	cran	FALSE
StatDeriveR	135	cran	FALSE
SVARtca	135	cran	FALSE
symbolicr	135	cran	FALSE
tm_plugin_factiva	135	cran	FALSE
wavemulcor	135	cran	FALSE
xmpdf	135	cran	FALSE
xreg2	135	cran	FALSE
abstr	134	cran	FALSE
aedseo	134	cran	FALSE
apca	134	cran	FALSE
ARCensReg	134	cran	FALSE
bayescount	134	cran	FALSE
bootSVD	134	cran	FALSE
BrainCon	134	cran	FALSE
bread	134	cran	FALSE
breakfast	134	cran	FALSE
CamelUp	134	cran	FALSE
cosa	134	cran	FALSE
crimCV	134	cran	FALSE
crrstep	134	cran	FALSE
diffMeshGP	134	cran	FALSE
digiNORM	134	cran	FALSE
dineq	134	cran	FALSE
DiPs	134	cran	FALSE
dobson	134	cran	FALSE
dynamicSDM	134	cran	FALSE
EFSATools	134	cran	FALSE
evola	134	cran	FALSE
ExtremeCI	134	cran	FALSE
fairness	134	cran	FALSE
fRagmentomics	134	bioc_fallback_rank	FALSE
ghclass	134	cran	FALSE
gRc	134	cran	FALSE
htestClust	134	cran	FALSE
hydroeval	134	cran	FALSE
ICD10gm	134	cran	FALSE
IDEATools	134	cran	FALSE
ipmr	134	cran	FALSE
jointDiag	134	cran	FALSE
JSmediation	134	cran	FALSE
kfa	134	cran	FALSE
KRONX	134	cran	FALSE
LogisticEnsembles	134	cran	FALSE
magentabook	134	cran	FALSE
mdw	134	cran	FALSE
missCompare	134	cran	FALSE
missSBM	134	cran	FALSE
MSG	134	cran	FALSE
multiclassPairs	134	cran	FALSE
nev	134	cran	FALSE
nysOpenData	134	cran	FALSE
opendatatoronto	134	cran	FALSE
ORION	134	cran	FALSE
packagefinder	134	cran	TRUE
PatientLevelPrediction	134	cran	FALSE
penppml	134	cran	FALSE
qte	134	cran	FALSE
r2resize	134	cran	FALSE
rapport	134	cran	FALSE
rcloner	134	cran	FALSE
rdkitpyr	134	cran	FALSE
RDP	134	cran	FALSE
Rforestry	134	cran	FALSE
RMixtCompIO	134	cran	FALSE
RNCEP	134	cran	FALSE
robRatio	134	cran	FALSE
robustDIF	134	cran	FALSE
rqualify	134	cran	FALSE
RxODE	134	cran	TRUE
SCdeconR	134	cran	FALSE
SEL	134	cran	FALSE
selenium	134	cran	FALSE
simlandr	134	cran	FALSE
siplab	134	cran	FALSE
smimodel	134	cran	FALSE
spmixW	134	cran	FALSE
supabaseR	134	cran	FALSE
SuperCell	134	cran	FALSE
SurvGME	134	cran	FALSE
tempR	134	cran	FALSE
TeXCheckR	134	cran	FALSE
tidychangepoint	134	cran	FALSE
tinyrox	134	cran	FALSE
TNRS	134	cran	FALSE
totalcensus	134	cran	FALSE
tvrmst	134	cran	FALSE
unfold	134	cran	FALSE
wgaim	134	cran	FALSE
AATtools	133	cran	FALSE
adw	133	cran	FALSE
AFR	133	cran	FALSE
agRee	133	cran	FALSE
apt	133	cran	FALSE
betategarch	133	cran	FALSE
bfw	133	cran	FALSE
birdring	133	cran	FALSE
bkmrhat	133	cran	FALSE
carfima	133	cran	FALSE
catSurv	133	cran	FALSE
chicane	133	cran	FALSE
codep	133	cran	FALSE
crank	133	cran	FALSE
CurricularComplexityData	133	cran	FALSE
dfcrm	133	cran	FALSE
DiscreteDists	133	cran	FALSE
dndR	133	cran	FALSE
DTAT	133	cran	FALSE
emplikCS	133	cran	FALSE
fasano_franceschini_test	133	cran	FALSE
fcmfd	133	cran	FALSE
filenamer	133	cran	FALSE
GGUM	133	cran	FALSE
gpss	133	cran	FALSE
GPvam	133	cran	FALSE
gravitas	133	cran	FALSE
imp4p	133	cran	FALSE
inteli	133	cran	FALSE
InterVA5	133	cran	FALSE
islandcodes	133	cran	FALSE
kequate	133	cran	FALSE
lucidr	133	cran	FALSE
marsrad	133	cran	FALSE
matsindf	133	cran	FALSE
MAVE	133	cran	FALSE
mecoturn	133	cran	FALSE
mi4p	133	cran	FALSE
microbial	133	cran	FALSE
mixKernel	133	cran	FALSE
mmbcv	133	cran	FALSE
mmpca	133	cran	FALSE
mosum	133	cran	FALSE
NewmanOmics	133	cran	FALSE
nse	133	cran	FALSE
OceanView	133	cran	FALSE
Orcs	133	cran	FALSE
palettetown	133	cran	FALSE
pesel	133	cran	FALSE
PHYLOGR	133	cran	FALSE
pmc	133	cran	FALSE
prodest	133	cran	FALSE
PSAgraphics	133	cran	FALSE
ralger	133	cran	FALSE
rChoiceDialogs	133	cran	FALSE
RegSDC	133	cran	FALSE
relMix	133	cran	FALSE
Renvlp	133	cran	FALSE
rivnet	133	cran	FALSE
RmecabKo	133	cran	FALSE
rmoo	133	cran	FALSE
RPtests	133	cran	FALSE
rtmpt	133	cran	FALSE
seirMFG	133	cran	FALSE
SemiMarkov	133	cran	FALSE
shewhartr	133	cran	FALSE
Slick	133	cran	FALSE
string2path	133	cran	FALSE
tdthap	133	cran	FALSE
trajr	133	cran	FALSE
trc	133	cran	FALSE
TruncatedPCQM	133	cran	FALSE
ttdo	133	cran	FALSE
tvR	133	cran	FALSE
virtualspecies	133	cran	FALSE
visvow	133	cran	FALSE
wavScalogram	133	cran	FALSE
weightederm	133	cran	FALSE
whereami	133	cran	FALSE
allelematch	132	cran	FALSE
ALS	132	cran	FALSE
anim_plots	132	cran	FALSE
astgrepr	132	cran	FALSE
beadplexr	132	cran	FALSE
bentcableAR	132	cran	FALSE
benthos	132	cran	FALSE
bioinactivation	132	cran	FALSE
BivLaplaceRL	132	cran	FALSE
bnRep	132	cran	FALSE
CDFt	132	cran	FALSE
CDsampling	132	cran	FALSE
childesr	132	cran	FALSE
clidamonger	132	cran	FALSE
costat	132	cran	FALSE
cytometree	132	cran	FALSE
CytoProfile	132	cran	FALSE
datacutr	132	cran	FALSE
DChaos	132	cran	FALSE
dcmle	132	cran	FALSE
debrief	132	cran	FALSE
DGLMExtPois	132	cran	FALSE
directPA	132	cran	FALSE
ecolMod	132	cran	FALSE
emBALVI	132	cran	FALSE
ememax	132	cran	FALSE
fdatest	132	cran	FALSE
FHDI	132	cran	FALSE
fnets	132	cran	FALSE
GBASS	132	cran	FALSE
GenBinomApps	132	cran	FALSE
GMDH	132	cran	FALSE
hhdynamics	132	cran	FALSE
IGC_CSM	132	cran	FALSE
inferCSN	132	cran	FALSE
jacobi	132	cran	FALSE
kedd	132	cran	FALSE
khaos	132	cran	FALSE
Kmedians	132	cran	FALSE
KMunicate	132	cran	FALSE
krige	132	cran	FALSE
laOpenData	132	cran	FALSE
luckieR	132	cran	FALSE
MAd	132	cran	FALSE
MatTransMix	132	cran	FALSE
metaumbrella	132	cran	FALSE
mortar	132	cran	FALSE
mpwR	132	cran	FALSE
msgr	132	cran	FALSE
multiSA	132	cran	FALSE
multiverse	132	cran	FALSE
mvtsplot	132	cran	FALSE
NBPSeq	132	cran	FALSE
nflverse	132	cran	FALSE
nlive	132	cran	FALSE
optimizr	132	cran	FALSE
OralOpioids	132	cran	FALSE
pcds	132	cran	FALSE
picasso	132	cran	FALSE
poems	132	cran	FALSE
powdist	132	cran	FALSE
printtree	132	cran	FALSE
Qval	132	cran	FALSE
QWDAP	132	cran	FALSE
recolorize	132	cran	FALSE
rfordummies	132	cran	FALSE
RGF	132	cran	FALSE
rjd3production	132	cran	TRUE
RobustFlow	132	cran	FALSE
RPIV	132	cran	FALSE
rrefine	132	cran	FALSE
rtry	132	cran	FALSE
RTSA	132	cran	FALSE
SDAResources	132	cran	FALSE
sNPLS	132	cran	FALSE
spatstat_core	132	cran	TRUE
sqlfluffr	132	cran	FALSE
ssizeRNA	132	cran	FALSE
sudokuAlt	132	cran	FALSE
table_express	132	cran	FALSE
TailID	132	cran	FALSE
tikatuwq	132	cran	FALSE
tint	132	cran	FALSE
tracerer	132	cran	FALSE
UnitMix	132	cran	FALSE
VBLPCM	132	cran	FALSE
XML2R	132	cran	FALSE
AllelicSeries	131	cran	FALSE
allestimates	131	cran	FALSE
aroma_cn	131	cran	FALSE
BayesLN	131	cran	FALSE
BGData	131	cran	FALSE
BIOdry	131	cran	FALSE
biogram	131	cran	FALSE
boxcoxmix	131	cran	FALSE
cdlTools	131	cran	FALSE
chunked	131	cran	FALSE
colourlovers	131	cran	FALSE
CompareCausalNetworks	131	cran	FALSE
contingencytables	131	cran	FALSE
covid19sf	131	cran	FALSE
CvmortalityMult	131	cran	FALSE
DAISIE	131	cran	FALSE
dfeR	131	cran	FALSE
dsBase	131	cran	FALSE
ebdbNet	131	cran	FALSE
ecocomDP	131	cran	FALSE
ExcelFunctionsR	131	cran	FALSE
experiment	131	cran	FALSE
factorH	131	cran	FALSE
fgeo_plot	131	cran	FALSE
frechet	131	cran	FALSE
funFEM	131	cran	FALSE
funr	131	cran	FALSE
GAReg	131	cran	FALSE
glmbb	131	cran	FALSE
helsinki	131	cran	FALSE
hettx	131	cran	FALSE
io	131	cran	FALSE
joyn	131	cran	FALSE
kofdata	131	cran	FALSE
lax	131	cran	FALSE
lfproQC	131	cran	FALSE
librarysnapshot	131	cran	FALSE
loadings	131	cran	FALSE
longevity	131	cran	FALSE
mase	131	cran	FALSE
MixtureMissing	131	cran	FALSE
naryn	131	cran	FALSE
netmem	131	cran	FALSE
nhanesdata	131	cran	FALSE
NonlinearDiD	131	cran	FALSE
ordinalGOF	131	cran	FALSE
PAC	131	cran	FALSE
photobiologyPlants	131	cran	FALSE
polyqtlR	131	cran	FALSE
posologyr	131	cran	FALSE
prettyPanelMatch	131	cran	FALSE
probstats4econ	131	cran	FALSE
r4sub	131	cran	FALSE
rbreak	131	cran	FALSE
RNGforGPD	131	cran	FALSE
RobustAFT	131	cran	FALSE
rtk	131	cran	FALSE
senatebR	131	cran	FALSE
simcausal	131	cran	FALSE
SOP	131	cran	FALSE
SRMData	131	cran	FALSE
statgenIBD	131	cran	FALSE
stepssurvey	131	cran	FALSE
stratEst	131	cran	FALSE
svgViewR	131	cran	FALSE
taxlist	131	cran	FALSE
tensorBSS	131	cran	FALSE
tidylaslog	131	cran	FALSE
tidyREDCap	131	cran	FALSE
toponym	131	cran	FALSE
umweltapir	131	cran	FALSE
utile_visuals	131	cran	FALSE
versions	131	cran	FALSE
wordnet	131	cran	FALSE
AEP	130	cran	FALSE
AhoCorasickTrie	130	cran	FALSE
ALDqr	130	cran	FALSE
AlleleShift	130	cran	FALSE
ATNr	130	cran	FALSE
bigergm	130	cran	FALSE
BinNonNor	130	cran	FALSE
blends	130	cran	FALSE
brolgar	130	cran	FALSE
causalHyperGraph	130	cran	FALSE
checkstring	130	cran	FALSE
climatekit	130	cran	FALSE
climextRemes	130	cran	FALSE
conMItion	130	cran	FALSE
countries	130	cran	FALSE
deBif	130	cran	FALSE
DiceEval	130	cran	FALSE
disk_frame	130	cran	TRUE
eefAnalytics	130	cran	FALSE
EMSaov	130	cran	FALSE
fabR	130	cran	FALSE
FastPCS	130	cran	FALSE
fdclassify	130	cran	FALSE
FisherEM	130	cran	FALSE
forestBalance	130	cran	FALSE
ForIT	130	cran	FALSE
geex	130	cran	FALSE
ggbrace	130	cran	FALSE
glmnetcr	130	cran	FALSE
gradeR	130	cran	FALSE
haplotypes	130	cran	FALSE
hda	130	cran	FALSE
iccCounts	130	cran	FALSE
ipc	130	cran	FALSE
jrc	130	cran	FALSE
keylist	130	cran	FALSE
krippendorffsalpha	130	cran	FALSE
LBSPR	130	cran	FALSE
MBNMAdose	130	cran	FALSE
micd	130	cran	FALSE
mixAR	130	cran	FALSE
msir	130	cran	FALSE
multinomineq	130	cran	FALSE
mvdalab	130	cran	FALSE
networkABC	130	cran	FALSE
nparACT	130	cran	FALSE
npcp	130	cran	FALSE
ocp	130	cran	FALSE
ohun	130	cran	FALSE
PamBinaries	130	cran	FALSE
parallelPlot	130	cran	FALSE
patternize	130	cran	FALSE
plotMCMC	130	cran	FALSE
ProjectManagement	130	cran	FALSE
rddapp	130	cran	FALSE
RGENERATE	130	cran	FALSE
semiArtificial	130	cran	FALSE
sfhotspot	130	cran	FALSE
smcure	130	cran	FALSE
smfa	130	cran	FALSE
SpadeR	130	cran	FALSE
sparsevar	130	cran	FALSE
SpatEntropy	130	cran	FALSE
SPEDInstabR	130	cran	FALSE
strand	130	cran	FALSE
tensr	130	cran	FALSE
treeheatr	130	cran	FALSE
TSHRC	130	cran	FALSE
TSTutorial	130	cran	FALSE
vegalite	130	cran	FALSE
ABM	129	cran	FALSE
ApacheLogProcessor	129	cran	FALSE
bhm	129	cran	FALSE
BioInsight	129	cran	FALSE
BrokenAdaptiveRidge	129	cran	FALSE
camcorder	129	cran	FALSE
CaPO4Sim	129	cran	FALSE
cfda	129	cran	FALSE
chemCal	129	cran	FALSE
clarifai	129	cran	FALSE
cmfrec	129	cran	FALSE
cmvnorm	129	cran	FALSE
comperes	129	cran	FALSE
cp4p	129	cran	FALSE
cricketr	129	cran	FALSE
d3Tree	129	cran	FALSE
dataseries	129	cran	FALSE
distrTeach	129	cran	FALSE
ems	129	cran	FALSE
enviGCMS	129	cran	FALSE
epubr	129	cran	FALSE
extrafrail	129	cran	FALSE
fido	129	cran	FALSE
Fiscal	129	cran	FALSE
fitnmr	129	cran	FALSE
FKF_SP	129	cran	TRUE
ftrCOOL	129	cran	FALSE
gcKrig	129	cran	FALSE
graphon	129	cran	FALSE
htaBIM	129	cran	FALSE
idionomics	129	cran	FALSE
imf_data	129	cran	FALSE
iprior	129	cran	FALSE
JOPS	129	cran	FALSE
mapmixture	129	cran	FALSE
MDFS	129	cran	FALSE
mind	129	cran	FALSE
monobin	129	cran	FALSE
MRFcov	129	cran	FALSE
MTA	129	cran	FALSE
nascaR_data	129	cran	FALSE
nlopt	129	cran	FALSE
npfseir	129	cran	FALSE
OBIC	129	cran	FALSE
outrigger	129	cran	FALSE
PDtoolkit	129	cran	FALSE
phylocomr	129	cran	FALSE
PROsetta	129	cran	FALSE
r2sundials	129	cran	FALSE
RcppDynProg	129	cran	FALSE
rdiversity	129	cran	FALSE
retistruct	129	cran	FALSE
Rnmr1D	129	cran	FALSE
rqlm	129	cran	FALSE
rtrek	129	cran	FALSE
salmonMSE	129	cran	FALSE
scITD	129	cran	FALSE
SEERaBomb	129	cran	FALSE
SelectBoost_quantile	129	cran	FALSE
selectiongain	129	cran	FALSE
ShapleyOutlier	129	cran	FALSE
SignifReg	129	cran	FALSE
sisireg	129	cran	FALSE
sparseLM	129	cran	FALSE
SPREDA	129	cran	FALSE
survdt	129	cran	FALSE
survstan	129	cran	FALSE
swcEcon	129	cran	FALSE
swirlify	129	cran	FALSE
switchr	129	cran	FALSE
toolero	129	cran	FALSE
TopKLists	129	cran	FALSE
treediff	129	cran	FALSE
UKgrid	129	cran	FALSE
ungroup	129	cran	FALSE
urlshorteneR	129	cran	FALSE
usincometaxes	129	cran	FALSE
weirs	129	cran	FALSE
WIPF	129	cran	FALSE
XICOR	129	cran	FALSE
xtrec	129	cran	FALSE
abjData	128	cran	FALSE
actilifecounts	128	cran	FALSE
AgeTopicModels	128	cran	FALSE
Anaconda	128	cran	FALSE
AquaticLifeHistory	128	cran	FALSE
bnmonitor	128	cran	FALSE
brm	128	cran	FALSE
CalibratR	128	cran	FALSE
calmate	128	cran	FALSE
cardinalR	128	cran	FALSE
CascadeData	128	cran	FALSE
CEOdata	128	cran	FALSE
CFC	128	cran	FALSE
cglasso	128	cran	FALSE
crosswalkr	128	cran	FALSE
cry	128	cran	FALSE
cstab	128	cran	FALSE
d4storagehub4R	128	cran	FALSE
denseFLMM	128	cran	FALSE
DImodels	128	cran	FALSE
EDCimport	128	cran	FALSE
edgarWebR	128	cran	FALSE
EPX	128	cran	FALSE
evclass	128	cran	FALSE
fastNaiveBayes	128	cran	FALSE
FHtest	128	cran	FALSE
flipr	128	cran	FALSE
hatsurvey	128	cran	FALSE
hermite	128	cran	FALSE
HiResTEC	128	cran	FALSE
IDEAFilter	128	cran	FALSE
imfapi	128	cran	FALSE
imuf	128	cran	FALSE
injurytools	128	cran	FALSE
irrNA	128	cran	FALSE
kldest	128	cran	FALSE
kokudosuuchi	128	cran	FALSE
lemna	128	cran	FALSE
lmfor	128	cran	FALSE
Markovchart	128	cran	FALSE
MDSMap	128	cran	FALSE
MicSim	128	cran	FALSE
mixgb	128	cran	FALSE
MorphoTools2	128	cran	FALSE
OmicsPLS	128	cran	FALSE
packagepal	128	cran	FALSE
pairsD3	128	cran	FALSE
PASSED	128	cran	FALSE
PooledCohort	128	cran	FALSE
PopGenome	128	cran	TRUE
ptinpoly	128	cran	FALSE
r2dii_plot	128	cran	FALSE
RawHummus	128	cran	FALSE
RcmdrPlugin_PcaRobust	128	cran	FALSE
rdtLite	128	cran	FALSE
readobj	128	cran	FALSE
regtools	128	cran	FALSE
rflsgen	128	cran	FALSE
rgnparser	128	cran	FALSE
RMixpanel	128	cran	FALSE
roxygen2md	128	cran	FALSE
scClassifR	128	bioc_fallback_rank	FALSE
sfcr	128	cran	FALSE
sgt	128	cran	FALSE
SimJoint	128	cran	FALSE
sjSDM	128	cran	TRUE
skewMLRM	128	cran	FALSE
Spbsampling	128	cran	FALSE
states	128	cran	FALSE
SubtypeDrug	128	cran	FALSE
surveydata	128	cran	FALSE
tactile	128	cran	FALSE
testthis	128	cran	FALSE
tm_plugin_mail	128	cran	TRUE
TrackReconstruction	128	cran	FALSE
twn	128	cran	FALSE
unifir	128	cran	FALSE
wired	128	cran	FALSE
afpt	127	cran	FALSE
aldvmm	127	cran	FALSE
ARTofR	127	cran	FALSE
autoGO	127	cran	FALSE
b64	127	cran	FALSE
BayesBinMix	127	cran	FALSE
Bhat	127	cran	FALSE
canadianmaps	127	cran	FALSE
copCAR	127	cran	FALSE
datacleanr	127	cran	FALSE
dbstats	127	cran	FALSE
diathor	127	cran	FALSE
dittoViz	127	cran	FALSE
DSAIRM	127	cran	FALSE
EDOtrans	127	cran	FALSE
esci	127	cran	FALSE
ExceedanceTools	127	cran	FALSE
FARS	127	cran	FALSE
fmcmc	127	cran	FALSE
formods	127	cran	FALSE
gamsel	127	cran	FALSE
ggdmc	127	cran	FALSE
ggraptR	127	cran	FALSE
ggroups	127	cran	FALSE
gogarch	127	cran	FALSE
hmer	127	cran	FALSE
insane	127	cran	FALSE
ipgeolocation	127	cran	FALSE
jSDM	127	cran	FALSE
LearnGeom	127	cran	FALSE
MAGEE	127	cran	FALSE
MareyMap	127	cran	FALSE
maybe	127	cran	FALSE
MBSP	127	cran	FALSE
MCM	127	cran	FALSE
metapower	127	cran	FALSE
MFRCD	127	cran	FALSE
MittagLeffleR	127	cran	FALSE
multilevelPSA	127	cran	FALSE
mvrsquared	127	cran	FALSE
nomclust	127	cran	FALSE
npmv	127	cran	FALSE
nsga2R	127	cran	FALSE
oem	127	cran	FALSE
OofAExp	127	cran	FALSE
OptOTrials	127	cran	FALSE
PermAlgo	127	cran	FALSE
PhaseGMM	127	cran	FALSE
phonfieldwork	127	cran	FALSE
phonR	127	cran	FALSE
PKPDindex	127	cran	FALSE
plotKML	127	cran	TRUE
postlink	127	cran	FALSE
ppseq	127	cran	FALSE
prioriactions	127	cran	FALSE
QurvE	127	cran	FALSE
rbfmvar	127	cran	FALSE
RcppQuantuccia	127	cran	FALSE
ReplicationSuccess	127	cran	FALSE
rgen	127	cran	FALSE
SARP_compo	127	cran	FALSE
sdtmchecks	127	cran	FALSE
sentencepiece	127	cran	FALSE
simevent	127	cran	FALSE
stppSim	127	cran	FALSE
tbrf	127	cran	FALSE
TestDataImputation	127	cran	FALSE
troopdata	127	cran	FALSE
unrepx	127	cran	FALSE
aIc	126	cran	FALSE
aniSNA	126	cran	FALSE
archeoViz	126	cran	FALSE
BioCro	126	cran	FALSE
blockr_dplyr	126	cran	FALSE
boa	126	cran	FALSE
braQCA	126	cran	FALSE
CARRoT	126	cran	FALSE
CEDA	126	cran	FALSE
celltrackR	126	cran	FALSE
ChangePointTaylor	126	cran	FALSE
cimir	126	cran	FALSE
cit	126	cran	FALSE
clogitL1	126	cran	FALSE
CoDiNA	126	cran	FALSE
cropcircles	126	cran	FALSE
dataprep	126	cran	FALSE
DatastreamDSWS2R	126	cran	FALSE
dbhydroR	126	cran	FALSE
DescribeDisplay	126	cran	FALSE
diffeR	126	cran	FALSE
dlr	126	cran	FALSE
dynsim	126	cran	FALSE
EMMIXgene	126	cran	FALSE
epade	126	cran	FALSE
ExtremeBounds	126	cran	FALSE
fabisearch	126	cran	FALSE
factorselect	126	cran	FALSE
FlowScreen	126	cran	FALSE
funGp	126	cran	FALSE
GeoThinneR	126	cran	FALSE
ggperiodic	126	cran	FALSE
ggrefine	126	cran	FALSE
GNRS	126	cran	FALSE
googleCloudVisionR	126	cran	FALSE
gotop	126	cran	FALSE
HyperbolicDist	126	cran	FALSE
iGraphMatch	126	cran	FALSE
intamapInteractive	126	cran	FALSE
ipflasso	126	cran	FALSE
isoniche	126	cran	FALSE
JDCruncheR	126	cran	FALSE
LinkedMatrix	126	cran	FALSE
lmboot	126	cran	FALSE
mde	126	cran	FALSE
microsimulation	126	cran	FALSE
mrf2d	126	cran	FALSE
NIMAA	126	cran	FALSE
nomogramEx	126	cran	FALSE
ottr	126	cran	FALSE
parma	126	cran	FALSE
pctax	126	cran	FALSE
pensim	126	cran	FALSE
pfclust	126	cran	FALSE
plugdensity	126	cran	FALSE
ProSGPV	126	cran	FALSE
quantspec	126	cran	FALSE
Racmacs	126	cran	FALSE
Rcatch22	126	cran	FALSE
recurse	126	cran	FALSE
RFishBC	126	cran	FALSE
rnmamod	126	cran	FALSE
SARP_moodle	126	cran	FALSE
SemNeT	126	cran	FALSE
shinyCohortBuilder	126	cran	FALSE
SoilHyP	126	cran	FALSE
sparseFLMM	126	cran	FALSE
splithalf	126	cran	FALSE
survalis	126	cran	TRUE
tidyprint	126	bioc_fallback_rank	FALSE
treePlotArea	126	cran	FALSE
TxEffectsSurvival	126	cran	FALSE
VCBART	126	cran	FALSE
wdsmatch	126	cran	FALSE
weibulltools	126	cran	FALSE
wxgenR	126	cran	FALSE
zTree	126	cran	FALSE
adapt4pv	125	cran	FALSE
adepro	125	cran	FALSE
air	125	cran	FALSE
amapGeocode	125	cran	FALSE
annotator	125	cran	FALSE
argoFloats	125	cran	FALSE
azlogr	125	cran	FALSE
bakR	125	cran	FALSE
bandit	125	cran	FALSE
bayesPO	125	cran	FALSE
BoneProfileR	125	cran	FALSE
BranchGLM	125	cran	FALSE
BRETIGEA	125	cran	FALSE
CIMTx	125	cran	FALSE
covid19us	125	cran	FALSE
crrSC	125	cran	FALSE
CUB	125	cran	FALSE
datazoom_amazonia	125	cran	FALSE
ddml	125	cran	FALSE
deBInfer	125	cran	FALSE
DecomposeR	125	cran	FALSE
DIMORA	125	cran	FALSE
DiscreteInverseWeibull	125	cran	FALSE
DownBallotR	125	cran	FALSE
DrBats	125	cran	FALSE
DTDA	125	cran	FALSE
EFDR	125	cran	FALSE
EffectStars	125	cran	FALSE
epiSeeker	125	bioc_fallback_rank	FALSE
ES	125	cran	FALSE
eyelinkReader	125	cran	FALSE
face	125	cran	FALSE
Fgmutils	125	cran	FALSE
FieldSimR	125	cran	FALSE
gatepoints	125	cran	FALSE
GFFStrandLoc	125	cran	FALSE
ggFishPlots	125	cran	FALSE
GNAR	125	cran	FALSE
Grace	125	cran	FALSE
GSM	125	cran	FALSE
hR	125	cran	FALSE
hydrotoolbox	125	cran	FALSE
iai	125	cran	FALSE
imputeMulti	125	cran	FALSE
iNZightMR	125	cran	FALSE
irpfR	125	cran	FALSE
landscapeR	125	cran	FALSE
mclustAddons	125	cran	FALSE
MetabolAnalyze	125	cran	FALSE
metaconfoundr	125	cran	FALSE
metANN	125	cran	FALSE
MfUSampler	125	cran	FALSE
MLCM	125	cran	FALSE
mvp	125	cran	FALSE
neat	125	cran	FALSE
nlsem	125	cran	FALSE
nlts	125	cran	FALSE
oc	125	cran	FALSE
openSkies	125	cran	FALSE
peticontrast	125	cran	FALSE
pgam	125	cran	FALSE
PopPsiSeqR	125	cran	FALSE
prevalence	125	cran	FALSE
ptvapi	125	cran	FALSE
pureseqtmr	125	cran	FALSE
pvars	125	cran	FALSE
RAdwords	125	cran	FALSE
re2	125	cran	FALSE
reportfactory	125	cran	FALSE
rgml0	125	cran	FALSE
RiemBase	125	cran	FALSE
rsynthbio	125	cran	FALSE
rumidas	125	cran	FALSE
sgs	125	cran	FALSE
ShortForm	125	cran	FALSE
sigmajs	125	cran	FALSE
SiMRiv	125	cran	FALSE
spatialwarnings	125	cran	FALSE
surviv	125	cran	FALSE
TCGAretriever	125	cran	FALSE
thurstonianIRT	125	cran	FALSE
trackeRapp	125	cran	FALSE
tuneRanger	125	cran	FALSE
vcrpart	125	cran	FALSE
AccSamplingDesign	124	cran	FALSE
aceEditor	124	cran	FALSE
ActivityIndex	124	cran	FALSE
admixr	124	cran	FALSE
albatross	124	cran	FALSE
ARDECO	124	cran	FALSE
aslib	124	cran	FALSE
AutoTransQF	124	cran	FALSE
bayesboot	124	cran	FALSE
bayesianVARs	124	cran	FALSE
bayesZIB	124	cran	FALSE
bigmatch	124	cran	FALSE
BioVenn	124	cran	FALSE
btrm	124	cran	FALSE
CAinterprTools	124	cran	FALSE
capl	124	cran	FALSE
ChineseNames	124	cran	FALSE
circle	124	cran	FALSE
CircMLE	124	cran	FALSE
covid19br	124	cran	FALSE
CRE	124	cran	FALSE
cronR	124	cran	FALSE
CropScapeR	124	cran	FALSE
dtangle	124	cran	FALSE
eimpute	124	cran	FALSE
eppoFindeR	124	cran	FALSE
ETLUtils	124	cran	FALSE
forestecology	124	cran	FALSE
ggimg	124	cran	FALSE
ggip	124	cran	FALSE
GOfan	124	bioc_fallback_rank	FALSE
HiDimDA	124	cran	FALSE
HTMLUtils	124	cran	FALSE
InfluenceBorrowing	124	cran	FALSE
ipsecr	124	cran	FALSE
irt	124	cran	FALSE
kdevine	124	cran	FALSE
LactCurveModels	124	cran	FALSE
LAGOSNE	124	cran	FALSE
LINselect	124	cran	FALSE
lphom	124	cran	FALSE
MEsreg	124	cran	FALSE
miic	124	cran	FALSE
motif	124	cran	FALSE
multiUS	124	cran	FALSE
mutossGUI	124	cran	FALSE
nestable	124	cran	FALSE
pacu	124	cran	TRUE
palimpsestr	124	cran	FALSE
patchDVI	124	cran	FALSE
PCMBaseCpp	124	cran	FALSE
ppendemic	124	cran	FALSE
PSTR	124	cran	FALSE
PublicationBias	124	cran	FALSE
qtl2fst	124	cran	FALSE
rdatacite	124	cran	FALSE
ReAD	124	cran	FALSE
sanic	124	cran	FALSE
SASmarkdown	124	cran	FALSE
saws	124	cran	FALSE
ScottKnottESD	124	cran	FALSE
SpecHelpers	124	cran	FALSE
SPECIES	124	cran	FALSE
srpi	124	cran	FALSE
ssfa	124	cran	FALSE
starvz	124	cran	FALSE
survivalSL	124	cran	FALSE
TDLM	124	cran	FALSE
acopula	123	cran	FALSE
africamonitor	123	cran	FALSE
afthd	123	cran	FALSE
alkahest	123	cran	FALSE
AlleleRetain	123	cran	FALSE
amanpg	123	cran	FALSE
amapro	123	cran	FALSE
appeears	123	cran	FALSE
baskexact	123	cran	FALSE
BCEE	123	cran	FALSE
BeeGUTS	123	cran	FALSE
bizicount	123	cran	FALSE
BLR	123	cran	FALSE
cascsim	123	cran	FALSE
cdcsis	123	cran	FALSE
choplump	123	cran	FALSE
ClustImpute	123	cran	FALSE
CommEcol	123	cran	FALSE
csurvey	123	cran	FALSE
deckgl	123	cran	FALSE
demoKde	123	cran	FALSE
DEploid	123	cran	FALSE
dietr	123	cran	FALSE
dixonTest	123	cran	FALSE
DTComPair	123	cran	FALSE
dyndimred	123	cran	FALSE
eatATA	123	cran	FALSE
epimdr	123	cran	FALSE
eRTG3D	123	cran	FALSE
eventglm	123	cran	FALSE
eventTrack	123	cran	FALSE
FlexScan	123	cran	FALSE
FMM	123	cran	FALSE
frailtyHL	123	cran	FALSE
FSinR	123	cran	FALSE
FUNTA	123	cran	FALSE
ggfocus	123	cran	FALSE
ggnormalviolin	123	cran	FALSE
ggshadow	123	cran	FALSE
glmpathcr	123	cran	FALSE
gpindex	123	cran	FALSE
groupedSurv	123	cran	FALSE
GWRM	123	cran	FALSE
hydflood	123	cran	FALSE
inpdfr	123	cran	FALSE
isoorbi	123	cran	FALSE
KarsTS	123	cran	FALSE
kayadata	123	cran	FALSE
LNPar	123	cran	FALSE
marginme	123	cran	FALSE
metagam	123	cran	FALSE
MetaProViz	123	bioc_fallback_rank	FALSE
mmeta	123	cran	FALSE
mnpPlasmonR	123	cran	FALSE
multid	123	cran	FALSE
nimbleSCR	123	cran	FALSE
npphen	123	cran	FALSE
OOR	123	cran	FALSE
OutliersO3	123	cran	FALSE
oxcAAR	123	cran	FALSE
pda	123	cran	FALSE
PDFEstimator	123	cran	FALSE
PhysicalActivity	123	cran	FALSE
pid	123	cran	FALSE
PlayerRatings	123	cran	FALSE
ppmSuite	123	cran	FALSE
PredPsych	123	cran	FALSE
PRISMA	123	cran	FALSE
PSF	123	cran	FALSE
PubMedWordcloud	123	cran	FALSE
RootsExtremaInflections	123	cran	FALSE
RSentiment	123	cran	FALSE
rtf	123	cran	FALSE
semTests	123	cran	FALSE
SignacX	123	cran	FALSE
simdata	123	cran	FALSE
sjtable2df	123	cran	FALSE
sps	123	cran	FALSE
ssize_fdr	123	cran	FALSE
StanMoMo	123	cran	FALSE
statnetWeb	123	cran	FALSE
StatRank	123	cran	FALSE
SuperExactTest	123	cran	FALSE
support_BWS3	123	cran	FALSE
tidygam	123	cran	FALSE
vegperiod	123	cran	FALSE
VetResearchLMM	123	cran	FALSE
Allspice	122	cran	FALSE
aNCA	122	cran	FALSE
aniDom	122	cran	FALSE
aprof	122	cran	FALSE
atakrig	122	cran	FALSE
baf	122	cran	FALSE
bamm	122	cran	FALSE
bcROCsurface	122	cran	FALSE
bcv	122	cran	FALSE
BinOrdNonNor	122	cran	FALSE
bipartiteD3	122	cran	FALSE
BNPTSclust	122	cran	FALSE
cabinets	122	cran	FALSE
CaDENCE	122	cran	FALSE
cchsflow	122	cran	FALSE
CEC	122	cran	FALSE
cellKey	122	cran	FALSE
clinspacy	122	cran	FALSE
cocron	122	cran	FALSE
crossmatch	122	cran	FALSE
cubing	122	cran	FALSE
CVrisk	122	cran	FALSE
depend_truncation	122	cran	FALSE
detourr	122	cran	FALSE
DMMF	122	cran	FALSE
eBsc	122	cran	FALSE
edmdata	122	cran	FALSE
EEAaq	122	cran	FALSE
EpiStats	122	cran	FALSE
esemifar	122	cran	FALSE
evdbayes	122	cran	FALSE
fEGarch	122	cran	FALSE
fragility	122	cran	FALSE
FSDAM	122	cran	FALSE
genie	122	cran	FALSE
geocomplexity	122	cran	FALSE
ggvolcano	122	cran	FALSE
GNE	122	cran	FALSE
googlePubsubR	122	cran	FALSE
gp	122	cran	FALSE
gwaRs	122	cran	FALSE
gwrr	122	cran	FALSE
IATScore	122	cran	FALSE
icosa	122	cran	FALSE
itp	122	cran	FALSE
keyholder	122	cran	FALSE
ledger	122	cran	FALSE
LEGIT	122	cran	FALSE
micEconSNQP	122	cran	FALSE
mistr	122	cran	FALSE
ModalCens	122	cran	FALSE
modelscompete4	122	cran	FALSE
msce	122	cran	FALSE
mscstts	122	cran	FALSE
MVT	122	cran	FALSE
namer	122	cran	FALSE
nimbleCarbon	122	cran	FALSE
nowcastr	122	cran	FALSE
pacs	122	cran	FALSE
patentsview	122	cran	FALSE
PCovR	122	cran	FALSE
phenocamr	122	cran	FALSE
PUlasso	122	cran	FALSE
qtl2pattern	122	cran	FALSE
ragtop	122	cran	FALSE
rater	122	cran	FALSE
RCALI	122	cran	FALSE
rcites	122	cran	FALSE
RDHonest	122	cran	FALSE
relSim	122	cran	FALSE
RESI	122	cran	FALSE
rFDP	122	cran	FALSE
RobKF	122	cran	FALSE
rtika	122	cran	FALSE
rwty	122	cran	FALSE
rxylib	122	cran	FALSE
SBOAtools	122	cran	FALSE
SEMPLR	122	bioc_fallback_rank	FALSE
sensiPhy	122	cran	FALSE
separationplot	122	cran	FALSE
SightabilityModel	122	cran	FALSE
simhelpers	122	cran	FALSE
SmoothHazard	122	cran	FALSE
SMR	122	cran	FALSE
snahelper	122	cran	FALSE
spatialCovariance	122	cran	FALSE
stxplore	122	cran	FALSE
TensorTest2D	122	cran	FALSE
tfrmtbuilder	122	cran	FALSE
Tinflex	122	cran	FALSE
WhatIf	122	cran	FALSE
WhiteStripe	122	cran	FALSE
academictwitteR	121	cran	FALSE
accrual	121	cran	FALSE
accucor	121	cran	FALSE
adas_utils	121	cran	FALSE
ANOVAShiny2	121	cran	FALSE
automl	121	cran	FALSE
BayesCR	121	cran	FALSE
bdscale	121	cran	FALSE
BetaBit	121	cran	FALSE
BiasCorrector	121	cran	FALSE
bipd	121	cran	FALSE
BISdata	121	cran	FALSE
Canek	121	cran	FALSE
carnation	121	bioc_fallback_rank	FALSE
cctools	121	cran	FALSE
CCWeights	121	cran	FALSE
cooltools	121	cran	TRUE
cpsvote	121	cran	FALSE
cropZoning	121	cran	FALSE
datafsm	121	cran	FALSE
DataSpaceR	121	cran	FALSE
easybgm	121	cran	FALSE
econullnetr	121	cran	FALSE
EEM	121	cran	FALSE
EFA_MRFA	121	cran	FALSE
EloRating	121	cran	FALSE
emg	121	cran	FALSE
exploratory	121	cran	FALSE
fastLogisticRegressionWrap	121	cran	FALSE
fitbitScraper	121	cran	FALSE
forsearch	121	cran	FALSE
framecleaner	121	cran	FALSE
gaselect	121	cran	FALSE
GBJ	121	cran	FALSE
GFD	121	cran	FALSE
gfer	121	cran	FALSE
GGMncv	121	cran	FALSE
ggstackplot	121	cran	FALSE
hermiter	121	cran	FALSE
InformativeCensoring	121	cran	FALSE
journalabbr	121	cran	FALSE
jsTree	121	cran	FALSE
kamila	121	cran	FALSE
kbal	121	cran	FALSE
lmm	121	cran	FALSE
LongCART	121	cran	FALSE
MaxPro	121	cran	FALSE
mcemGLM	121	cran	FALSE
mlmodels	121	cran	FALSE
mnet	121	cran	FALSE
naptime	121	cran	FALSE
nlt	121	cran	FALSE
npregfast	121	cran	FALSE
numOSL	121	cran	FALSE
osktnorm	121	cran	FALSE
PBImisc	121	cran	FALSE
PCRedux	121	cran	FALSE
pedSimulate	121	cran	FALSE
phase	121	cran	FALSE
prozor	121	cran	FALSE
pseval	121	cran	FALSE
purgeR	121	cran	FALSE
qrencoder	121	cran	FALSE
qtlDesign	121	cran	FALSE
qualmap	121	cran	FALSE
R2BEAT	121	cran	FALSE
rasciidoc	121	cran	FALSE
referenceIntervals	121	cran	FALSE
rgeopat2	121	cran	FALSE
RNAseqNet	121	cran	FALSE
robservable	121	cran	FALSE
RobustAdaptiveDecomposition	121	cran	FALSE
slurmR	121	cran	FALSE
snplist	121	cran	FALSE
sorvi	121	cran	FALSE
specr	121	cran	FALSE
tagtools	121	cran	FALSE
tangram	121	cran	FALSE
toscutil	121	cran	FALSE
triptych	121	cran	FALSE
wordpiece_data	121	cran	FALSE
acc	120	cran	FALSE
Ake	120	cran	FALSE
AMModels	120	cran	FALSE
arctools	120	cran	FALSE
BASiNET	120	cran	FALSE
bennu	120	cran	FALSE
BiDimRegression	120	cran	FALSE
binspp	120	cran	FALSE
BINtools	120	cran	FALSE
Bivariate_Pareto	120	cran	FALSE
bnma	120	cran	FALSE
bootStepAIC	120	cran	FALSE
bridgedist	120	cran	FALSE
CALANGO	120	cran	FALSE
caugi	120	cran	FALSE
causaldrf	120	cran	FALSE
cder	120	cran	FALSE
cetcolor	120	cran	FALSE
cleanr	120	cran	FALSE
clugenr	120	cran	TRUE
coalescentMCMC	120	cran	FALSE
combiroc	120	cran	FALSE
complmrob	120	cran	FALSE
CoopGame	120	cran	FALSE
csvy	120	cran	FALSE
curvHDR	120	cran	FALSE
discourseGT	120	cran	FALSE
DWLS	120	cran	FALSE
ebdm	120	cran	FALSE
EnvCpt	120	cran	FALSE
fdANOVA	120	cran	FALSE
FENmlm	120	cran	FALSE
finalsize	120	cran	FALSE
FLORAL	120	cran	FALSE
fourSynergy	120	bioc_fallback_rank	FALSE
gasper	120	cran	FALSE
geoTS	120	cran	FALSE
ggDoE	120	cran	FALSE
glm4	120	cran	FALSE
glmtlp	120	cran	FALSE
grainscape	120	cran	FALSE
grwat	120	cran	FALSE
hfr	120	cran	FALSE
hhh4contacts	120	cran	FALSE
isni	120	cran	FALSE
labelr	120	cran	FALSE
litteR	120	cran	FALSE
live	120	cran	FALSE
lowmemtkmeans	120	cran	FALSE
lqr	120	cran	FALSE
matlabr	120	cran	FALSE
meanr	120	cran	FALSE
minidown	120	cran	FALSE
mlmhelpr	120	cran	FALSE
msos	120	cran	FALSE
MultipleBubbles	120	cran	FALSE
mvgb	120	cran	FALSE
nmaplateplot	120	cran	FALSE
onlineforecast	120	cran	FALSE
PoweR	120	cran	FALSE
proteus	120	cran	FALSE
QRISK3	120	cran	FALSE
quadmesh	120	cran	FALSE
rbi	120	cran	FALSE
Revticulate	120	cran	FALSE
rmacrostrat	120	cran	FALSE
saeSim	120	cran	FALSE
sapfluxnetr	120	cran	FALSE
sentryR	120	cran	FALSE
sigora	120	cran	FALSE
simmer_bricks	120	cran	FALSE
singcar	120	cran	FALSE
smallsets	120	cran	FALSE
Splinets	120	cran	FALSE
spMaps	120	cran	FALSE
SQN	120	cran	FALSE
tfarima	120	cran	FALSE
tfhub	120	cran	FALSE
tidyquery	120	cran	FALSE
unifed	120	cran	FALSE
usemodels	120	cran	FALSE
utility	120	cran	FALSE
vmeasur	120	cran	TRUE
wpp2012	120	cran	FALSE
AcuityView	119	cran	FALSE
AdaSampling	119	cran	FALSE
aelab	119	cran	FALSE
agvgd	119	cran	FALSE
aMNLFA	119	cran	FALSE
ANOVAShiny	119	cran	FALSE
aster2	119	cran	FALSE
autonewsmd	119	cran	FALSE
bayesDccGarch	119	cran	FALSE
BenfordTests	119	cran	FALSE
BibPlots	119	cran	FALSE
BivUnifBin	119	cran	FALSE
blosc	119	cran	FALSE
bSims	119	cran	FALSE
calidad	119	cran	FALSE
cfr	119	cran	FALSE
ChaosGame	119	cran	FALSE
clevr	119	cran	FALSE
ClimClass	119	cran	FALSE
clinDR	119	cran	FALSE
clusterRepro	119	cran	FALSE
CNprep	119	cran	FALSE
codalm	119	cran	FALSE
cpd	119	cran	FALSE
crctStepdown	119	cran	FALSE
dat	119	cran	FALSE
datadictionary	119	cran	FALSE
DistatisR	119	cran	FALSE
DoE_MIParray	119	cran	FALSE
dragulaR	119	cran	FALSE
dynaSpec	119	cran	FALSE
edgebundle	119	cran	FALSE
emplik2	119	cran	FALSE
filehashSQLite	119	cran	FALSE
gamclass	119	cran	FALSE
gamselBayes	119	cran	FALSE
gbm_auto	119	cran	FALSE
getip	119	cran	FALSE
GEVcdn	119	cran	FALSE
ggenealogy	119	cran	FALSE
HDTSA	119	cran	FALSE
icesDatras	119	cran	FALSE
jarbes	119	cran	FALSE
Jmisc	119	cran	FALSE
lingglosses	119	cran	FALSE
loedata	119	cran	FALSE
metabias	119	cran	FALSE
metalcor	119	cran	FALSE
MF_beta4	119	cran	FALSE
mHMMbayes	119	cran	FALSE
microPop	119	cran	FALSE
modest	119	cran	FALSE
MOEADr	119	cran	FALSE
MPDiR	119	cran	FALSE
MST	119	cran	FALSE
netplot	119	cran	FALSE
o2geosocial	119	cran	FALSE
omicwas	119	cran	FALSE
osmapiR	119	cran	FALSE
OTclust	119	cran	FALSE
plot3logit	119	cran	FALSE
prompt	119	cran	FALSE
QGglmm	119	cran	FALSE
qryflow	119	cran	FALSE
R2sample	119	cran	FALSE
rasterList	119	cran	FALSE
RBedMethyl	119	bioc_fallback_rank	FALSE
RcppColors	119	cran	FALSE
RCytoGPS	119	cran	FALSE
requiRements	119	cran	FALSE
RJSplot	119	cran	FALSE
rPBK	119	cran	FALSE
santaR	119	cran	FALSE
scanstatistics	119	cran	FALSE
selectMeta	119	cran	FALSE
ShrinkCovMat	119	cran	FALSE
sinaplot	119	cran	FALSE
soma	119	cran	FALSE
SoyNAM	119	cran	FALSE
SparseChol	119	cran	FALSE
sparsecommunity	119	cran	FALSE
speakr	119	cran	FALSE
squid	119	cran	FALSE
TDAkit	119	cran	FALSE
tm_plugin_dc	119	cran	FALSE
traumar	119	cran	FALSE
vizdraws	119	cran	FALSE
VoxR	119	cran	FALSE
WeightCraft	119	cran	FALSE
wordpiece	119	cran	FALSE
Zseq	119	cran	FALSE
agrifeature	118	cran	FALSE
anscombiser	118	cran	FALSE
aoristic	118	cran	FALSE
ASGS_foyer	118	cran	FALSE
banter	118	cran	FALSE
basket	118	cran	FALSE
BCDAG	118	cran	FALSE
BigQuic	118	cran	FALSE
binancer	118	cran	FALSE
bivpois	118	cran	FALSE
BlockmodelingGUI	118	cran	FALSE
CensSpatial	118	cran	FALSE
chatAI4R	118	cran	FALSE
clipp	118	cran	FALSE
colorednoise	118	cran	FALSE
ConfigParser	118	cran	FALSE
ConvergenceClubs	118	cran	FALSE
covidsymptom	118	cran	FALSE
crimeutils	118	cran	FALSE
dfadjust	118	cran	FALSE
DIFtree	118	cran	FALSE
dmbc	118	cran	FALSE
DSWE	118	cran	FALSE
echor	118	cran	FALSE
eDMA	118	cran	FALSE
expowo	118	cran	FALSE
ExtremalDep	118	cran	FALSE
FaultTree	118	cran	FALSE
FCVAR	118	cran	FALSE
fitur	118	cran	FALSE
fSRM	118	cran	FALSE
gasfluxes	118	cran	FALSE
geniusr	118	cran	FALSE
ggpca	118	cran	FALSE
globalKinhom	118	cran	FALSE
gMWT	118	cran	FALSE
GPFDA	118	cran	FALSE
grobblR	118	cran	FALSE
gtreg	118	cran	FALSE
GWASinlps	118	cran	FALSE
heterogen	118	cran	FALSE
hySpc_testthat	118	cran	FALSE
idr	118	cran	FALSE
K4Sekolah	118	cran	FALSE
LAM	118	cran	FALSE
Langevin	118	cran	FALSE
lillies	118	cran	FALSE
meltt	118	cran	FALSE
MethScope	118	cran	FALSE
mkde	118	cran	FALSE
multivator	118	cran	FALSE
mvLSW	118	cran	FALSE
natmanager	118	cran	FALSE
NatParksPalettes	118	cran	FALSE
NHSRplotthedots	118	cran	FALSE
orf	118	cran	FALSE
PEIMAN2	118	cran	FALSE
plfm	118	cran	FALSE
PoisBinOrdNor	118	cran	FALSE
postcards	118	cran	FALSE
PSor	118	cran	FALSE
qCBA	118	cran	FALSE
qfa	118	cran	FALSE
r3PG	118	cran	FALSE
raybevel	118	cran	FALSE
RCLabels	118	cran	FALSE
rdracor	118	cran	FALSE
ref_ICAR	118	cran	FALSE
RGENERATEPREC	118	cran	FALSE
RKEA	118	cran	FALSE
rpms	118	cran	FALSE
ruler	118	cran	FALSE
runstats	118	cran	FALSE
scBio	118	cran	FALSE
schumaker	118	cran	FALSE
segclust2d	118	cran	FALSE
sentiment_ai	118	cran	FALSE
serrsBayes	118	cran	FALSE
slim	118	cran	FALSE
SmartSVA	118	cran	FALSE
smdi	118	cran	FALSE
sorcering	118	cran	FALSE
sparkbq	118	cran	FALSE
spherepc	118	cran	FALSE
SpNeigh	118	bioc_fallback_rank	FALSE
spqdep	118	cran	FALSE
svines	118	cran	FALSE
tesouror	118	cran	FALSE
TreeSimGM	118	cran	FALSE
trendsegmentR	118	cran	FALSE
Visualize_CRAN_Downloads	118	cran	FALSE
xlsx2dfs	118	cran	FALSE
acca	117	cran	FALSE
accumulate	117	cran	FALSE
acdcquery	117	cran	FALSE
adaptDiag	117	cran	FALSE
AdvancedBasketballStats	117	cran	FALSE
AmigaFFH	117	cran	FALSE
ANOVAIREVA	117	cran	FALSE
ATbounds	117	cran	FALSE
banR	117	cran	FALSE
barrks	117	cran	FALSE
bayesWatch	117	cran	FALSE
BCRA	117	cran	FALSE
Bernadette	117	cran	FALSE
bigstep	117	cran	FALSE
biocompute	117	cran	FALSE
bitmexr	117	cran	FALSE
bootCT	117	cran	FALSE
bumbl	117	cran	FALSE
calibmsm	117	cran	FALSE
CatDyn	117	cran	FALSE
changepoint_geo	117	cran	FALSE
clampSeg	117	cran	FALSE
cleanepi	117	cran	FALSE
cookiemonster	117	cran	FALSE
cropDemand	117	cran	FALSE
ctmcmove	117	cran	FALSE
DDHFm	117	cran	FALSE
drtmle	117	cran	FALSE
ei	117	cran	FALSE
eicm	117	cran	FALSE
encryptr	117	cran	FALSE
epinet	117	cran	FALSE
excessmort	117	cran	FALSE
fail	117	cran	FALSE
fitPoly	117	cran	FALSE
fledge	117	cran	FALSE
fourierin	117	cran	FALSE
FRAPO	117	cran	FALSE
FuzzyClass	117	cran	FALSE
gamCopula	117	cran	FALSE
geess	117	cran	FALSE
GenomicTools_fileHandler	117	cran	FALSE
GRCFE	117	cran	FALSE
grpsel	117	cran	FALSE
hazer	117	cran	FALSE
hextri	117	cran	FALSE
hsdar	117	cran	TRUE
kuzco	117	cran	FALSE
lasso2	117	cran	TRUE
lehdr	117	cran	FALSE
logicDT	117	cran	FALSE
magi	117	cran	FALSE
MarginalMediation	117	cran	FALSE
Meanimiles	117	cran	FALSE
MeasurementDiagnostics	117	cran	FALSE
medicalcoder	117	cran	FALSE
metansue	117	cran	FALSE
miceafter	117	cran	FALSE
nmslibR	117	cran	FALSE
npsurv	117	cran	FALSE
polyaAeppli	117	cran	FALSE
queryup	117	cran	FALSE
R6P	117	cran	FALSE
rankdifferencetest	117	cran	FALSE
RapidoPGS	117	cran	FALSE
rblt	117	cran	TRUE
recometrics	117	cran	FALSE
refdb	117	cran	FALSE
rPanglaoDB	117	cran	FALSE
rWishart	117	cran	FALSE
schemr	117	cran	FALSE
SDaA	117	cran	FALSE
sgd	117	cran	FALSE
sgof	117	cran	FALSE
siland	117	cran	FALSE
sms	117	cran	FALSE
spate	117	cran	FALSE
SpatialBSS	117	cran	FALSE
spectral	117	cran	FALSE
sptotal	117	cran	FALSE
squat	117	cran	FALSE
stationaRy	117	cran	FALSE
surveyPrev	117	cran	FALSE
survivalMPL	117	cran	FALSE
tatoo	117	cran	FALSE
tgram	117	cran	FALSE
trackdf	117	cran	FALSE
ttbary	117	cran	FALSE
twangMediation	117	cran	FALSE
ufRisk	117	cran	FALSE
verbalisr	117	cran	FALSE
vivaldi	117	cran	FALSE
VizTest	117	cran	FALSE
ABPS	116	cran	FALSE
accSDA	116	cran	FALSE
ActFrag	116	cran	FALSE
AggregateR	116	cran	FALSE
aws_ecx	116	cran	FALSE
baseq	116	cran	FALSE
BDEsize	116	cran	FALSE
bdpv	116	cran	FALSE
bigmds	116	cran	FALSE
boilerpipeR	116	cran	FALSE
bpp	116	cran	FALSE
brxx	116	cran	FALSE
BSPBSS	116	cran	FALSE
BuildSys	116	cran	FALSE
CA3variants	116	cran	FALSE
cabootcrs	116	cran	FALSE
CancerGram	116	cran	FALSE
cardidates	116	cran	FALSE
CerioliOutlierDetection	116	cran	FALSE
chemodiv	116	cran	FALSE
cjar	116	cran	FALSE
ClassificationEnsembles	116	cran	FALSE
CompAREdesign	116	cran	FALSE
coreCT	116	cran	FALSE
covsim	116	cran	FALSE
DistPlotter	116	cran	FALSE
DrImpute	116	cran	FALSE
dst	116	cran	FALSE
DTAplots	116	cran	FALSE
eixport	116	cran	FALSE
EMMAgeo	116	cran	FALSE
evolMap	116	cran	FALSE
FAVAR	116	cran	FALSE
FFD	116	cran	FALSE
filling	116	cran	FALSE
flatxml	116	cran	FALSE
fractaldim	116	cran	FALSE
fracture	116	cran	FALSE
funspace	116	cran	FALSE
GCalignR	116	cran	FALSE
gdpc	116	cran	FALSE
getmstatistic	116	cran	FALSE
ggblend	116	cran	FALSE
gginference	116	cran	FALSE
githubr	116	cran	FALSE
glow	116	cran	FALSE
GLSUP	116	cran	FALSE
gmgm	116	cran	FALSE
gramEvol	116	cran	FALSE
grpSLOPE	116	cran	FALSE
iccCompare	116	cran	FALSE
impactr	116	cran	FALSE
jtdm	116	cran	FALSE
lagsarlmtree	116	cran	FALSE
LCFdata	116	cran	FALSE
lcsm	116	cran	FALSE
liftr	116	cran	FALSE
loon_tourr	116	cran	FALSE
lulcc	116	cran	FALSE
lvnet	116	cran	FALSE
mbOmic	116	bioc_fallback_rank	FALSE
mctq	116	cran	FALSE
MGMM	116	cran	FALSE
mlma	116	cran	FALSE
MoBPS	116	cran	FALSE
morphemepiece	116	cran	FALSE
negenes	116	cran	FALSE
networktree	116	cran	FALSE
NeuroDataSets	116	cran	FALSE
nzilbb_vowels	116	cran	FALSE
PAMpal	116	cran	FALSE
photobiologyFilters	116	cran	FALSE
prior3D	116	cran	FALSE
ProbitSpatial	116	cran	FALSE
readsdr	116	cran	FALSE
reglogit	116	cran	FALSE
ReinforcementLearning	116	cran	FALSE
RHMS	116	cran	FALSE
roger	116	cran	FALSE
rpartScore	116	cran	FALSE
RSKC	116	cran	FALSE
ruminate	116	cran	FALSE
SdeaR	116	cran	FALSE
sergeant	116	cran	FALSE
sfdct	116	cran	FALSE
Silhouette	116	cran	FALSE
sivs	116	cran	FALSE
spdynmod	116	cran	FALSE
subscore	116	cran	FALSE
survidm	116	cran	FALSE
svmpath	116	cran	FALSE
TCIApathfinder	116	cran	FALSE
TruncExpFam	116	cran	FALSE
unrtf	116	cran	FALSE
zonebuilder	116	cran	FALSE
zooimage	116	cran	FALSE
AeroSampleR	115	cran	FALSE
afcolours	115	cran	FALSE
aglm	115	cran	TRUE
aimsir17	115	cran	FALSE
arenar	115	cran	FALSE
ARPobservation	115	cran	FALSE
bayesplay	115	cran	FALSE
BEDASSLE	115	cran	FALSE
bertopicr	115	cran	FALSE
BHMSMAfMRI	115	cran	FALSE
bidser	115	cran	FALSE
bigtime	115	cran	FALSE
bild	115	cran	FALSE
BinaryEPPM	115	cran	FALSE
binequality	115	cran	FALSE
BreakPoints	115	cran	FALSE
cacIRT	115	cran	FALSE
capitalR	115	cran	FALSE
caribou	115	cran	FALSE
CaseBasedReasoning	115	cran	FALSE
chameleon	115	cran	FALSE
cheem	115	cran	FALSE
choiceDes	115	cran	FALSE
CircNNTSR	115	cran	FALSE
cmpsR	115	cran	FALSE
comparison	115	cran	FALSE
cops	115	cran	FALSE
CorrectOverloadedPeaks	115	cran	FALSE
correctR	115	cran	FALSE
countdata	115	cran	FALSE
CrossCarry	115	cran	FALSE
crseEventStudy	115	cran	FALSE
CRTspat	115	cran	FALSE
cvequality	115	cran	FALSE
DandEFA	115	cran	FALSE
defineR	115	cran	FALSE
designr	115	cran	FALSE
downscale	115	cran	FALSE
dPCP	115	cran	FALSE
DSL	115	cran	FALSE
edgebundleR	115	cran	FALSE
enshuman	115	cran	FALSE
expertsurv	115	cran	FALSE
fpeek	115	cran	FALSE
frequency	115	cran	FALSE
gitdown	115	cran	FALSE
glinvci	115	cran	FALSE
gmapsdistance	115	cran	FALSE
gnorm	115	cran	FALSE
gscounts	115	cran	FALSE
gSeg	115	cran	FALSE
gunit	115	cran	FALSE
HDtweedie	115	cran	FALSE
hergm	115	cran	FALSE
hett	115	cran	FALSE
highlighter	115	cran	FALSE
hmclearn	115	cran	FALSE
HMMpa	115	cran	FALSE
hopit	115	cran	FALSE
itemanalysis	115	cran	FALSE
jaccard	115	cran	FALSE
kfigr	115	cran	FALSE
LS2Wstat	115	cran	FALSE
MBMethPred	115	cran	FALSE
MeSHSim	115	bioc_fallback_rank	FALSE
migration_indices	115	cran	FALSE
modisfast	115	cran	FALSE
moult	115	cran	FALSE
mvpd	115	cran	FALSE
nombre	115	cran	FALSE
nuts	115	cran	FALSE
OptimaRegion	115	cran	FALSE
ordPanel	115	cran	FALSE
outstandR	115	cran	FALSE
OwenQ	115	cran	FALSE
pandocfilters	115	cran	FALSE
persistence	115	cran	FALSE
polyapost	115	cran	FALSE
PosteriorBootstrap	115	cran	FALSE
preference	115	cran	FALSE
previsionio	115	cran	FALSE
PUMP	115	cran	FALSE
rdryad	115	cran	FALSE
regnet	115	cran	FALSE
Rgof	115	cran	FALSE
rhoR	115	cran	FALSE
RHybridFinder	115	cran	FALSE
ripserr	115	cran	FALSE
sbgcop	115	cran	FALSE
SCCS	115	cran	FALSE
sdcSpatial	115	cran	FALSE
SDPDmod	115	cran	FALSE
SeqFeatR	115	cran	FALSE
shinyRGL	115	cran	FALSE
SMOTEWB	115	cran	FALSE
sns	115	cran	FALSE
speakeasyR	115	cran	FALSE
SqueakR	115	cran	FALSE
statGraph	115	cran	FALSE
surface	115	cran	FALSE
tci	115	cran	FALSE
tmvtnsim	115	cran	FALSE
ToolsForCoDa	115	cran	FALSE
TPEA	115	cran	FALSE
tpr	115	cran	FALSE
ucimlrepo	115	cran	FALSE
VedicDateTime	115	cran	FALSE
volcano3D	115	cran	FALSE
weatherStats	115	cran	FALSE
WinRatio	115	cran	FALSE
x3ptools	115	cran	FALSE
xmeta	115	cran	FALSE
yamlme	115	cran	FALSE
addinsJoaoMelo	114	cran	FALSE
addinsOutline	114	cran	FALSE
AEDForecasting	114	cran	FALSE
aggreCAT	114	cran	FALSE
annotater	114	cran	FALSE
AntAngioCOOL	114	cran	FALSE
approxOT	114	cran	FALSE
attention	114	cran	FALSE
AutoPlots	114	cran	FALSE
batch	114	cran	FALSE
bbw	114	cran	FALSE
BCFM	114	cran	FALSE
birdscanR	114	cran	FALSE
blm	114	cran	FALSE
c3	114	cran	FALSE
CASMI	114	cran	FALSE
CGE	114	cran	FALSE
chevron	114	cran	FALSE
christmas	114	cran	FALSE
cinaR	114	cran	FALSE
cjbart	114	cran	FALSE
CNAIM	114	cran	FALSE
cnmap	114	cran	FALSE
colourvision	114	cran	FALSE
condathis	114	cran	FALSE
CongreveLamsdell2016	114	cran	FALSE
copyseparator	114	cran	FALSE
CRTgeeDR	114	cran	FALSE
cultevo	114	cran	FALSE
cusp	114	cran	FALSE
CVThresh	114	cran	FALSE
DAKS	114	cran	FALSE
dataframeexplorer	114	cran	FALSE
dblcens	114	cran	FALSE
disclapmix	114	cran	FALSE
emstreeR	114	cran	FALSE
EpiSignalDetection	114	cran	FALSE
erah	114	cran	FALSE
estatapi	114	cran	FALSE
fastpng	114	cran	FALSE
fec16	114	cran	FALSE
fqar	114	cran	FALSE
gam_hp	114	cran	FALSE
gendata	114	cran	FALSE
ggguides	114	cran	FALSE
ggtrendline	114	cran	FALSE
headliner	114	cran	FALSE
iarm	114	cran	FALSE
ibmdbR	114	cran	FALSE
iForecast	114	cran	FALSE
iNEXT_beta3D	114	cran	FALSE
INLAvaan	114	cran	FALSE
interactionRCS	114	cran	FALSE
intrval	114	cran	FALSE
iRegression	114	cran	FALSE
iSTATS	114	cran	FALSE
knitrdata	114	cran	FALSE
LearnNonparam	114	cran	FALSE
lgarch	114	cran	FALSE
LncFinder	114	cran	FALSE
lpl	114	cran	FALSE
lsm	114	cran	FALSE
MADPop	114	cran	FALSE
MAGNAMWAR	114	cran	FALSE
mastif	114	cran	FALSE
medExtractR	114	cran	FALSE
metacart	114	cran	FALSE
mimsy	114	cran	FALSE
minimax	114	cran	FALSE
mlearning	114	cran	FALSE
MultisiteMediation	114	cran	FALSE
mvMAPIT	114	cran	FALSE
neonPlantEcology	114	cran	FALSE
nimbleHMC	114	cran	FALSE
NPHMC	114	cran	FALSE
ODMeans	114	cran	FALSE
pccc	114	cran	FALSE
plu	114	cran	FALSE
postdoc	114	cran	FALSE
potts	114	cran	FALSE
PSW	114	cran	FALSE
queuecomputer	114	cran	FALSE
r2redux	114	cran	FALSE
R6causal	114	cran	FALSE
RaschSampler	114	cran	FALSE
rcssci	114	cran	FALSE
RCTrep	114	cran	FALSE
readsparse	114	cran	FALSE
redlistr	114	cran	FALSE
repana	114	cran	FALSE
rfoaas	114	cran	FALSE
rhierbaps	114	cran	FALSE
RMixtCompUtilities	114	cran	FALSE
RobinHood	114	cran	FALSE
RobustCalibration	114	cran	FALSE
ROptSpace	114	cran	FALSE
rrcovHD	114	cran	FALSE
rTwig	114	cran	FALSE
SEMsens	114	cran	FALSE
semsfa	114	cran	FALSE
sitrep	114	cran	FALSE
SP2000	114	cran	FALSE
spgs	114	cran	FALSE
spMC	114	cran	FALSE
stuart	114	cran	FALSE
supclust	114	cran	FALSE
tailDepFun	114	cran	FALSE
thunder	114	cran	FALSE
tidylda	114	cran	FALSE
tsmethods	114	cran	FALSE
tsrobprep	114	cran	FALSE
ttScreening	114	cran	FALSE
unjoin	114	cran	FALSE
unusualprofile	114	cran	FALSE
XiMpLe	114	cran	FALSE
zeitgebr	114	cran	FALSE
abglasso	113	cran	FALSE
abseil	113	cran	FALSE
adaptiveGPCA	113	cran	FALSE
AssumpSure	113	cran	FALSE
asymmetry_measures	113	cran	FALSE
AUtests	113	cran	FALSE
batata	113	cran	FALSE
BayesBrainMap	113	cran	FALSE
BinNor	113	cran	FALSE
bmggum	113	cran	FALSE
clustAnalytics	113	cran	FALSE
cluster_datasets	113	cran	FALSE
cocktailApp	113	cran	FALSE
constants	113	cran	FALSE
convevol	113	cran	FALSE
countcolors	113	cran	FALSE
CrossValidate	113	cran	FALSE
CryptRndTest	113	cran	FALSE
DataLoader	113	cran	FALSE
deflateBR	113	cran	FALSE
DFIT	113	cran	FALSE
diffEnrich	113	cran	FALSE
drawer	113	cran	FALSE
DrugSim2DR	113	cran	FALSE
dynasim	113	cran	FALSE
DynClust	113	cran	FALSE
eatDB	113	cran	FALSE
ELISAtools	113	cran	FALSE
epigraphdb	113	cran	FALSE
errorist	113	cran	FALSE
ExhaustiveSearch	113	cran	FALSE
ezknitr	113	cran	FALSE
fairGNN	113	cran	FALSE
FFdownload	113	cran	FALSE
FuzzyAHP	113	cran	FALSE
FuzzySTs	113	cran	FALSE
ganDataModel	113	cran	FALSE
garchx	113	cran	FALSE
geospatialsuite	113	cran	FALSE
globaltrends	113	cran	FALSE
glpkAPI	113	cran	FALSE
gmGeostats	113	cran	FALSE
GOCompare	113	cran	TRUE
goldilocks	113	cran	FALSE
groupedHyperframe_random	113	cran	FALSE
hgnc	113	cran	FALSE
hidecan	113	cran	FALSE
hierNet	113	cran	FALSE
highriskzone	113	cran	FALSE
IDE	113	cran	FALSE
IDSL_UFAx	113	cran	FALSE
influxdbr	113	cran	FALSE
IRexamples	113	cran	FALSE
JLPM	113	cran	FALSE
kerndwd	113	cran	FALSE
keyringr	113	cran	FALSE
l1spectral	113	cran	FALSE
likelihoodAsy	113	cran	FALSE
lineup	113	cran	FALSE
lorem	113	cran	FALSE
makepipe	113	cran	FALSE
MBCbook	113	cran	FALSE
mcbette	113	cran	FALSE
mccca	113	cran	FALSE
mdgc	113	cran	FALSE
miscF	113	cran	FALSE
mixpoissonreg	113	cran	FALSE
MplusTrees	113	cran	FALSE
mpt	113	cran	FALSE
mully	113	cran	FALSE
multifear	113	cran	FALSE
mwa	113	cran	FALSE
ndl	113	cran	FALSE
neuroblastoma	113	cran	FALSE
onlineBcp	113	cran	FALSE
panelPomp	113	cran	FALSE
parafac4microbiome	113	cran	FALSE
ParetoPosStable	113	cran	FALSE
PCAmatchR	113	cran	FALSE
phenmod	113	cran	FALSE
PKbioanalysis	113	cran	FALSE
PoisBinOrd	113	cran	FALSE
pollen	113	cran	FALSE
PopVar	113	cran	FALSE
porridge	113	cran	FALSE
portvine	113	cran	FALSE
postNet	113	bioc_fallback_rank	FALSE
powerbydesign	113	cran	FALSE
PPQplan	113	cran	FALSE
projoint	113	cran	FALSE
qgg	113	cran	FALSE
r2symbols	113	cran	FALSE
radsafer	113	cran	FALSE
raters	113	cran	FALSE
RCAL	113	cran	FALSE
RcppAPT	113	cran	FALSE
RcppExamples	113	cran	FALSE
reconstructr	113	cran	FALSE
Rediscover	113	cran	FALSE
regrrr	113	cran	FALSE
repfun	113	cran	FALSE
RFLPtools	113	cran	FALSE
ROI_models_netlib	113	cran	FALSE
sabre	113	cran	FALSE
sched	113	cran	FALSE
SerolyzeR	113	cran	FALSE
shinyToastify	113	cran	FALSE
sld	113	cran	FALSE
SpaCCI	113	cran	FALSE
spatstat_gui	113	cran	FALSE
SSIMmap	113	cran	FALSE
thredds	113	cran	FALSE
toweranNA	113	cran	FALSE
trackdown	113	cran	FALSE
Trading	113	cran	FALSE
TransModel	113	cran	FALSE
TriDimRegression	113	cran	FALSE
tseriesTARMA	113	cran	FALSE
TTR_PGM	113	cran	FALSE
utile_tools	113	cran	FALSE
VAR_etp	113	cran	FALSE
vmr	113	cran	FALSE
ABACUS	112	cran	FALSE
ABHgenotypeR	112	cran	FALSE
acledR	112	cran	FALSE
admiralpeds	112	cran	FALSE
AnglerCreelSurveySimulation	112	cran	FALSE
ASSISTant	112	cran	FALSE
autohrf	112	cran	FALSE
baldur	112	cran	FALSE
BaSkePro	112	cran	FALSE
batchtma	112	cran	FALSE
BayesMixSurv	112	cran	FALSE
bdsm	112	cran	FALSE
BGGE	112	cran	FALSE
bigPLScox	112	cran	FALSE
blockr_ggplot	112	cran	FALSE
BoostMLR	112	cran	FALSE
bpa	112	cran	FALSE
BSSprep	112	cran	FALSE
bunching	112	cran	FALSE
cache	112	cran	FALSE
calpassapi	112	cran	FALSE
cbinom	112	cran	FALSE
cdcatR	112	cran	FALSE
checkpoint	112	cran	FALSE
CimpleG	112	cran	FALSE
cIRT	112	cran	FALSE
CLA	112	cran	FALSE
climetrics	112	cran	FALSE
clustEff	112	cran	FALSE
CoClust	112	cran	FALSE
coenocliner	112	cran	FALSE
ComBatFamQC	112	cran	FALSE
contribution	112	cran	FALSE
CooRTweet	112	cran	FALSE
CSIndicators	112	cran	FALSE
dagR	112	cran	FALSE
dawaR	112	cran	FALSE
dccpp	112	cran	FALSE
dcortools	112	cran	FALSE
desctable	112	cran	FALSE
digiRhythm	112	cran	FALSE
DirectEffects	112	cran	FALSE
dobin	112	cran	FALSE
DockerParallel	112	cran	FALSE
dosedesignR	112	cran	FALSE
edstan	112	cran	FALSE
EpiInvert	112	cran	FALSE
EpiReport	112	cran	FALSE
equateMultiple	112	cran	FALSE
etable	112	cran	FALSE
fcros	112	cran	FALSE
FlexReg	112	cran	FALSE
flsa	112	cran	FALSE
ForecastingEnsembles	112	cran	FALSE
freegroup	112	cran	FALSE
gems	112	cran	FALSE
GLDreg	112	cran	FALSE
GlmSimulatoR	112	cran	FALSE
GPoM	112	cran	FALSE
granovaGG	112	cran	FALSE
greekLetters	112	cran	FALSE
HaDeX	112	cran	FALSE
hbsae	112	cran	FALSE
HDiR	112	cran	FALSE
hgutils	112	cran	FALSE
hillshader	112	cran	FALSE
hpiR	112	cran	FALSE
html5	112	cran	FALSE
icpsrdata	112	cran	FALSE
IDSL_UFA	112	cran	FALSE
importinegi	112	cran	FALSE
invGauss	112	cran	FALSE
iraceplot	112	cran	FALSE
ISRaD	112	cran	FALSE
itan	112	cran	FALSE
itdr	112	cran	FALSE
ivs	112	cran	FALSE
JBrowseR	112	cran	FALSE
kinematics	112	cran	FALSE
linl	112	cran	FALSE
lpridge	112	cran	FALSE
mailmerge	112	cran	FALSE
markovMSM	112	cran	FALSE
mfdb	112	cran	FALSE
MicroDatosEs	112	cran	FALSE
mixediffusion	112	cran	FALSE
multimorbidity	112	cran	FALSE
mvGPS	112	cran	FALSE
nieve	112	cran	FALSE
nlsMicrobio	112	cran	FALSE
nlWaldTest	112	cran	FALSE
orders	112	cran	FALSE
ormPlot	112	cran	FALSE
paintmap	112	cran	FALSE
paleopop	112	cran	FALSE
perspectev	112	cran	FALSE
PHInfiniteEstimates	112	cran	FALSE
PoolTestR	112	cran	FALSE
PRBMSdesigns	112	cran	FALSE
precviasBR	112	cran	FALSE
prettyR	112	cran	FALSE
ProbBayes	112	cran	FALSE
projects	112	cran	FALSE
qrcm	112	cran	FALSE
qrLMM	112	cran	FALSE
rapsimng	112	cran	FALSE
RCA	112	cran	FALSE
RCBR	112	cran	FALSE
rcbsubset	112	cran	FALSE
rdataretriever	112	cran	FALSE
regextable	112	cran	FALSE
RegressionFactory	112	cran	FALSE
riskclustr	112	cran	FALSE
RKEAjars	112	cran	FALSE
robustrank	112	cran	FALSE
Rquefts	112	cran	FALSE
scaRabee	112	cran	FALSE
seismicRoll	112	cran	FALSE
sfi	112	bioc_fallback_rank	FALSE
shp2graph	112	cran	FALSE
simEd	112	cran	FALSE
simer	112	cran	FALSE
SPLICE	112	cran	FALSE
splinetree	112	cran	FALSE
starvars	112	cran	FALSE
stepcount	112	cran	FALSE
stfit	112	cran	FALSE
structSSI	112	cran	FALSE
synr	112	cran	FALSE
testdat	112	cran	FALSE
tidysq	112	cran	FALSE
tinyscholar	112	cran	FALSE
tls	112	cran	FALSE
tpc	112	cran	FALSE
tracee	112	cran	FALSE
Tratamentos_ad	112	cran	FALSE
tsdb	112	cran	FALSE
VaRES	112	cran	FALSE
wv	112	cran	FALSE
wyz_code_offensiveProgramming	112	cran	FALSE
abstractr	111	cran	FALSE
add2ggplot	111	cran	FALSE
airship	111	cran	FALSE
AmpliconDuo	111	cran	FALSE
AntibodyForests	111	cran	FALSE
ARUtools	111	cran	FALSE
askgpt	111	cran	FALSE
assortnet	111	cran	FALSE
ASV	111	cran	FALSE
augmentedRCBD	111	cran	FALSE
avotrex	111	cran	FALSE
BASiNETEntropy	111	cran	FALSE
BayesianLaterality	111	cran	FALSE
bikm1	111	cran	FALSE
bonsaiforest	111	cran	FALSE
borrowr	111	cran	FALSE
boxplotcluster	111	cran	FALSE
BSagri	111	cran	FALSE
bunchr	111	cran	FALSE
cairoDevice	111	cran	TRUE
cauchypca	111	cran	FALSE
CGGP	111	cran	FALSE
clmplus	111	cran	FALSE
ClusTorus	111	cran	FALSE
collateral	111	cran	FALSE
CorrBin	111	cran	FALSE
ctsfeatures	111	cran	FALSE
cvap	111	cran	FALSE
DCLEAR	111	cran	FALSE
designer	111	cran	FALSE
DiffXTables	111	cran	FALSE
dispmod	111	cran	FALSE
doc2vec	111	cran	FALSE
DQAgui	111	cran	FALSE
dwp	111	cran	FALSE
easySdcTable	111	cran	FALSE
EFAfactors	111	cran	FALSE
EHR	111	cran	FALSE
factorplot	111	cran	FALSE
fastnet	111	cran	FALSE
fBonds	111	cran	FALSE
florabr	111	cran	FALSE
fluxible	111	cran	FALSE
gaussplotR	111	cran	FALSE
GCSFilesystem	111	bioc_fallback_rank	FALSE
geodimension	111	cran	FALSE
geonetwork	111	cran	FALSE
GFE	111	cran	FALSE
ggfacto	111	cran	FALSE
ggfoundry	111	cran	FALSE
ggversa	111	cran	FALSE
ghypernet	111	cran	FALSE
givitiR	111	cran	FALSE
gm	111	cran	FALSE
graticule	111	cran	FALSE
gTests	111	cran	FALSE
hlaR	111	cran	FALSE
itcSegment	111	cran	FALSE
jumble	111	cran	FALSE
ldt	111	cran	FALSE
lgpr	111	cran	FALSE
LLMAgentR	111	cran	FALSE
logKDE	111	cran	FALSE
lvmisc	111	cran	FALSE
maczic	111	cran	TRUE
meantables	111	cran	FALSE
metaDyn	111	cran	FALSE
metadynminer	111	cran	FALSE
misha	111	cran	FALSE
mixtur	111	cran	FALSE
mlim	111	cran	FALSE
mob	111	cran	FALSE
MRTAnalysis	111	cran	FALSE
MSPRT	111	cran	FALSE
mstATA	111	cran	FALSE
mvngGrAd	111	cran	FALSE
needs	111	cran	FALSE
nftbart	111	cran	FALSE
nimbleAPT	111	cran	FALSE
nlshrink	111	cran	FALSE
NMA	111	cran	FALSE
nosoi	111	cran	FALSE
opGMMassessment	111	cran	FALSE
palaeoSig	111	cran	FALSE
platetools	111	cran	FALSE
poLCAParallel	111	cran	FALSE
PPCI	111	cran	FALSE
pwrFDR	111	cran	FALSE
RealVAMS	111	cran	FALSE
refitME	111	cran	FALSE
refreg	111	cran	FALSE
regspec	111	cran	FALSE
rethnicity	111	cran	FALSE
RGMM	111	cran	FALSE
RImageJROI	111	cran	FALSE
rip_opencv	111	cran	TRUE
riverconn	111	cran	FALSE
rmangal	111	cran	FALSE
RRTCS	111	cran	FALSE
RSSL	111	cran	FALSE
Rsurrogate	111	cran	FALSE
Rwofost	111	cran	FALSE
sampler	111	cran	FALSE
SGL	111	cran	FALSE
sglasso	111	cran	FALSE
shinyHeatmaply	111	cran	FALSE
ShinyQuickStarter	111	cran	FALSE
simIDM	111	cran	FALSE
slm	111	cran	FALSE
smartsnp	111	cran	FALSE
sparseSVM	111	cran	FALSE
SPECK	111	cran	FALSE
SplitKnockoff	111	cran	FALSE
survcompare	111	cran	FALSE
surveil	111	cran	FALSE
symDMatrix	111	cran	FALSE
synMicrodata	111	cran	FALSE
treeDA	111	cran	FALSE
TriadSim	111	cran	FALSE
trinROC	111	cran	FALSE
tsfgrnn	111	cran	FALSE
TSLSTM	111	cran	FALSE
uci	111	cran	FALSE
usl	111	cran	FALSE
validatetools	111	cran	FALSE
wal	111	cran	FALSE
wpeR	111	cran	FALSE
xrnet	111	cran	FALSE
ymd	111	cran	FALSE
activatr	110	cran	FALSE
AEenrich	110	cran	FALSE
affluenceIndex	110	cran	FALSE
amelie	110	cran	FALSE
apaText	110	cran	FALSE
augSIMEX	110	cran	FALSE
baizer	110	cran	FALSE
BalanceCheck	110	cran	FALSE
bayMDS	110	cran	FALSE
beans	110	cran	FALSE
BGFD	110	cran	FALSE
bodenmiller	110	cran	FALSE
boiwsa	110	cran	FALSE
brclimr	110	cran	FALSE
bregr	110	cran	FALSE
Buddle	110	cran	FALSE
CatDataAnalysis	110	cran	FALSE
CausalModels	110	cran	FALSE
cbq	110	cran	FALSE
ccoptimalmatch	110	cran	FALSE
cleaR	110	cran	FALSE
ClusterBootstrap	110	cran	FALSE
CohortPlat	110	cran	FALSE
colorhcplot	110	cran	FALSE
colorsGen	110	cran	FALSE
CompExpDes	110	cran	FALSE
corTest	110	cran	FALSE
CovidMutations	110	cran	FALSE
cppdoubles	110	cran	FALSE
crimedata	110	cran	FALSE
CSCNet	110	cran	FALSE
descomponer	110	cran	FALSE
DevTreatRules	110	cran	FALSE
diceplot	110	cran	FALSE
distrRmetrics	110	cran	FALSE
DOPE	110	cran	FALSE
dynConfiR	110	cran	FALSE
eply	110	cran	FALSE
estprod	110	cran	FALSE
FactorCopula	110	cran	FALSE
fastJT	110	cran	FALSE
fcfdr	110	cran	FALSE
FeatureImpCluster	110	cran	FALSE
fgeo_x	110	cran	FALSE
flan	110	cran	FALSE
fmriqa	110	cran	FALSE
forestr	110	cran	FALSE
freesurfer	110	cran	FALSE
gcbd	110	cran	FALSE
ggbrick	110	cran	FALSE
ggcleveland	110	cran	FALSE
ggtrace	110	cran	FALSE
gridGraphviz	110	cran	FALSE
grizbayr	110	cran	FALSE
gspcr	110	cran	FALSE
hawkesbow	110	cran	FALSE
HBV_IANIGLA	110	cran	FALSE
hdImpute	110	cran	FALSE
hellorust	110	cran	FALSE
historydata	110	cran	FALSE
holiglm	110	cran	FALSE
hSDM	110	cran	FALSE
Interatrix	110	cran	FALSE
K4ProsesSiswa	110	cran	FALSE
KernSmoothIRT	110	cran	FALSE
ldhmm	110	cran	FALSE
likelihoodR	110	cran	FALSE
lingmatch	110	cran	FALSE
lorentz	110	cran	FALSE
LRTesteR	110	cran	FALSE
lsasim	110	cran	FALSE
LTASR	110	cran	FALSE
mable	110	cran	FALSE
mBvs	110	cran	FALSE
mlpwr	110	cran	FALSE
mlr3shiny	110	cran	FALSE
modeLLtest	110	cran	FALSE
motifcluster	110	cran	FALSE
mt	110	cran	FALSE
MultivariateRandomForest	110	cran	FALSE
neatmaps	110	cran	FALSE
NHSRdatasets	110	cran	FALSE
nproc	110	cran	FALSE
opencage	110	cran	FALSE
ordr	110	cran	FALSE
outForest	110	cran	FALSE
perturbR	110	cran	FALSE
PhotoGEA	110	cran	FALSE
piecemaker	110	cran	FALSE
POET	110	cran	FALSE
polished	110	cran	FALSE
postHoc	110	cran	FALSE
ProfileLikelihood	110	cran	FALSE
rapr	110	cran	FALSE
read_gb	110	cran	FALSE
reconstructKM	110	cran	FALSE
ReviewR	110	cran	FALSE
rshift	110	cran	FALSE
RSP	110	cran	FALSE
rwunderground	110	cran	FALSE
SCGLR	110	cran	FALSE
sdprisk	110	cran	FALSE
seasonalityPlot	110	cran	FALSE
seer	110	cran	FALSE
ShapePattern	110	cran	FALSE
shinyMixR	110	cran	FALSE
shinyMonacoEditor	110	cran	FALSE
simulator	110	cran	FALSE
sparseLTSEigen	110	cran	FALSE
SpatMCA	110	cran	FALSE
SpTe2M	110	cran	FALSE
STARTS	110	cran	FALSE
stRoke	110	cran	FALSE
surrosurv	110	cran	FALSE
survexp_fr	110	cran	FALSE
symbolicDA	110	cran	FALSE
TDboost	110	cran	FALSE
TempStable	110	cran	FALSE
tidydice	110	cran	FALSE
tidyft	110	cran	FALSE
timeordered	110	cran	FALSE
tm_plugin_europresse	110	cran	FALSE
topoDistance	110	cran	FALSE
ukpolice	110	cran	FALSE
VeryLargeIntegers	110	cran	FALSE
wacolors	110	cran	FALSE
WordR	110	cran	FALSE
ABC_RAP	109	cran	FALSE
adjROC	109	cran	FALSE
AgreementInterval	109	cran	FALSE
ahnr	109	cran	FALSE
atpolR	109	cran	FALSE
bapred	109	cran	FALSE
basad	109	cran	FALSE
BayesianFitForecast	109	cran	FALSE
boostmath	109	cran	FALSE
boot_heterogeneity	109	cran	FALSE
bs4cards	109	cran	FALSE
CALF	109	cran	FALSE
canaper	109	cran	FALSE
caROC	109	cran	FALSE
chronochrt	109	cran	FALSE
CLONETv2	109	cran	FALSE
ClusROC	109	cran	FALSE
cometr	109	cran	FALSE
compindexR	109	cran	FALSE
CoNI	109	cran	FALSE
container	109	cran	FALSE
contourPlot	109	cran	FALSE
Coxmos	109	cran	FALSE
ctl	109	cran	FALSE
dataReporter	109	cran	FALSE
DBR	109	cran	FALSE
disclap	109	cran	FALSE
DivE	109	cran	FALSE
dlmtree	109	cran	FALSE
dQTG_seq	109	cran	FALSE
dummy	109	cran	FALSE
easyCODA	109	cran	FALSE
EasyDescribe	109	cran	FALSE
ecoval	109	cran	FALSE
edlibR	109	cran	FALSE
EgoCor	109	cran	FALSE
endorse	109	cran	FALSE
epidm	109	cran	FALSE
equil2	109	cran	FALSE
expstudy	109	cran	FALSE
FAwR	109	cran	FALSE
fdrci	109	cran	FALSE
flowmapblue	109	cran	FALSE
fromo	109	cran	FALSE
FSK2R	109	cran	FALSE
geysertimes	109	cran	FALSE
ggChernoff	109	cran	FALSE
GLMMRR	109	cran	FALSE
gplm	109	cran	FALSE
GsymPoint	109	cran	FALSE
HDSpatialScan	109	cran	FALSE
hysteresis	109	cran	FALSE
IDF	109	cran	FALSE
ifCNVR	109	cran	FALSE
inlmisc	109	cran	TRUE
isocat	109	cran	FALSE
IsoSpecR	109	cran	FALSE
joinspy	109	cran	FALSE
JoSAE	109	cran	FALSE
kernelboot	109	cran	FALSE
kidsides	109	cran	FALSE
L2DensityGoFtest	109	cran	FALSE
latexdiffr	109	cran	FALSE
latticeDensity	109	cran	FALSE
LearningRlab	109	cran	FALSE
LHD	109	cran	FALSE
makemyprior	109	cran	FALSE
mappeR	109	cran	FALSE
matrixdist	109	cran	FALSE
matrixprofiler	109	cran	FALSE
metevalue	109	cran	FALSE
MLMusingR	109	cran	FALSE
MTPS	109	cran	FALSE
nestfs	109	cran	FALSE
networkscaleup	109	cran	FALSE
neverhpfilter	109	cran	FALSE
obAnalytics	109	cran	FALSE
optextras	109	cran	FALSE
oscar	109	cran	FALSE
particles	109	cran	FALSE
pdftables	109	cran	FALSE
pedsuite	109	cran	FALSE
Perc	109	cran	FALSE
photobiologyLEDs	109	cran	FALSE
polyMatrix	109	cran	FALSE
ppitables	109	cran	FALSE
predictNMB	109	cran	FALSE
psre	109	cran	FALSE
psyntur	109	cran	FALSE
ptools	109	cran	FALSE
PVAClone	109	cran	FALSE
quartets	109	cran	FALSE
quollr	109	cran	FALSE
RanglaPunjab	109	cran	FALSE
RAppArmor	109	cran	FALSE
Recocrop	109	cran	FALSE
rfVarImpOOB	109	cran	FALSE
rivr	109	cran	FALSE
RLumCarlo	109	cran	FALSE
rtrend	109	cran	FALSE
SAEval	109	cran	FALSE
scoring	109	cran	FALSE
selectspm	109	cran	FALSE
seqimpute	109	cran	FALSE
shinyChakraUI	109	cran	FALSE
shinyHugePlot	109	cran	FALSE
spanner	109	cran	TRUE
spdesign	109	cran	FALSE
surv2sampleComp	109	cran	FALSE
svTools	109	cran	FALSE
tastypie	109	cran	FALSE
TDAvec	109	cran	FALSE
tidyAML	109	cran	FALSE
TidyMultiqc	109	cran	FALSE
tseriesEntropy	109	cran	FALSE
tsiR	109	cran	FALSE
ttutils	109	cran	FALSE
twdtw	109	cran	FALSE
ukgasapi	109	cran	FALSE
Umpire	109	cran	FALSE
unnest	109	cran	FALSE
uptasticsearch	109	cran	FALSE
USA_state_boundaries	109	cran	FALSE
VFP	109	cran	FALSE
whomds	109	cran	FALSE
wyz_code_rdoc	109	cran	FALSE
xlcutter	109	cran	FALSE
YaleToolkit	109	cran	FALSE
yum	109	cran	FALSE
zoid	109	cran	FALSE
ADER	108	cran	FALSE
adpss	108	cran	FALSE
AMCP	108	cran	FALSE
archetypal	108	cran	FALSE
arrApply	108	cran	FALSE
autoTS	108	cran	FALSE
bangladesh	108	cran	FALSE
BCClong	108	cran	FALSE
betaBayes	108	cran	FALSE
betaper	108	cran	FALSE
Binarize	108	cran	FALSE
BinGSD	108	cran	FALSE
bioclim	108	cran	FALSE
bootf2	108	cran	FALSE
bpvars	108	cran	FALSE
BSTZINB	108	cran	FALSE
capybara	108	cran	FALSE
cdrcR	108	cran	FALSE
cellVolumeDist	108	cran	FALSE
classifierplots	108	cran	FALSE
clustcurv	108	cran	FALSE
CMF	108	cran	FALSE
collidr	108	cran	FALSE
copent	108	cran	FALSE
COR	108	cran	FALSE
Counternull	108	cran	FALSE
ddplot	108	cran	FALSE
desk	108	cran	FALSE
dgpsi	108	cran	FALSE
doctest	108	cran	FALSE
duawranglr	108	cran	FALSE
dynamichazard	108	cran	FALSE
EcoTroph	108	cran	FALSE
epinetr	108	cran	FALSE
ETC	108	cran	FALSE
eurodata	108	cran	FALSE
fcirt	108	cran	FALSE
fdaMixed	108	cran	FALSE
ffp	108	cran	FALSE
FlexDir	108	cran	FALSE
forceR	108	cran	FALSE
forplo	108	cran	FALSE
fplot	108	cran	FALSE
GenericML	108	cran	FALSE
GeoFIS	108	cran	FALSE
gestate	108	cran	FALSE
GetDFPData	108	cran	FALSE
getspanel	108	cran	FALSE
ggfootball	108	cran	FALSE
GPLTR	108	cran	FALSE
gto	108	cran	FALSE
gustave	108	cran	FALSE
hsstan	108	cran	FALSE
ICvectorfields	108	cran	FALSE
ie2miscdata	108	cran	FALSE
imagefx	108	cran	FALSE
IntCal	108	cran	FALSE
IPEC	108	cran	FALSE
justifier	108	cran	FALSE
K4PrestasiSiswa	108	cran	FALSE
lessSEM	108	cran	FALSE
LexisPlotR	108	cran	FALSE
lnmixsurv	108	cran	FALSE
lognorm	108	cran	FALSE
LPM	108	cran	FALSE
madshapR	108	cran	FALSE
maq	108	cran	FALSE
MBmca	108	cran	FALSE
metaboData	108	cran	FALSE
MetAlyzer	108	cran	FALSE
MOCCA	108	cran	FALSE
mrfse	108	cran	FALSE
MVR	108	cran	FALSE
NHSDataDictionaRy	108	cran	FALSE
nlsic	108	cran	FALSE
objectremover	108	cran	FALSE
OmicKriging	108	cran	FALSE
onadata	108	cran	FALSE
pa	108	cran	FALSE
patentr	108	cran	FALSE
PeerPerformance	108	cran	FALSE
phonenumber	108	cran	FALSE
phylin	108	cran	FALSE
PhySortR	108	cran	FALSE
piar	108	cran	FALSE
pmcalibration	108	cran	FALSE
probout	108	cran	FALSE
psbcGroup	108	cran	FALSE
psbcSpeedUp	108	cran	FALSE
qrcmNP	108	cran	FALSE
REQS	108	cran	FALSE
rfisheries	108	cran	FALSE
Rgbp	108	cran	FALSE
rglplus	108	cran	FALSE
rmapzen	108	cran	FALSE
rmsMD	108	cran	FALSE
rNOMADS	108	cran	FALSE
RPPASPACE	108	cran	FALSE
RSAtools	108	cran	FALSE
rt	108	cran	FALSE
sft	108	cran	FALSE
sidier	108	cran	FALSE
SLEMI	108	cran	FALSE
SmartMeterAnalytics	108	cran	FALSE
SparseDC	108	cran	FALSE
spTDyn	108	cran	FALSE
SvyNom	108	cran	FALSE
swamp	108	cran	FALSE
sweidnumbr	108	cran	FALSE
tidycat	108	cran	FALSE
tkRplotR	108	cran	FALSE
tools4uplift	108	cran	FALSE
tranSurv	108	cran	FALSE
tvem	108	cran	FALSE
xRing	108	cran	FALSE
zoolog	108	cran	FALSE
Ac3net	107	cran	FALSE
acroname	107	cran	FALSE
ACSWR	107	cran	FALSE
adc	107	cran	FALSE
addhaz	107	cran	FALSE
adproclus	107	cran	FALSE
ALassoSurvIC	107	cran	FALSE
AmyloGram	107	cran	FALSE
animl	107	cran	FALSE
approxmatch	107	cran	FALSE
AQLSchemes	107	cran	FALSE
ascotraceR	107	cran	FALSE
asmbPLS	107	cran	FALSE
asymptor	107	cran	FALSE
autoBagging	107	cran	FALSE
azuremlsdk	107	cran	FALSE
BayesSenMC	107	cran	FALSE
bibliorefer	107	cran	FALSE
bifurcatingr	107	cran	FALSE
binsmooth	107	cran	FALSE
bml	107	cran	FALSE
bpmnVisualizationR	107	cran	FALSE
BSGW	107	cran	FALSE
buildr	107	cran	FALSE
BWGS	107	cran	FALSE
bytescircle	107	cran	FALSE
cardargus	107	cran	FALSE
cfdecomp	107	cran	FALSE
Chaos01	107	cran	FALSE
chess	107	cran	FALSE
cities	107	cran	FALSE
clinicalsignificance	107	cran	FALSE
clr	107	cran	FALSE
ClusteredMutations	107	cran	FALSE
cmR	107	cran	FALSE
Copula_Markov	107	cran	FALSE
cquad	107	cran	FALSE
cubeview	107	cran	FALSE
data360r	107	cran	FALSE
DatabaseConnectorJars	107	cran	FALSE
dcTensor	107	cran	FALSE
deepRstudio	107	cran	FALSE
dfoliatR	107	cran	FALSE
Dict	107	cran	FALSE
DNMF	107	cran	FALSE
drawsample	107	cran	FALSE
dropR	107	cran	FALSE
editbl	107	cran	FALSE
eiExpand	107	cran	FALSE
EmiR	107	cran	FALSE
ERP	107	cran	FALSE
EWGoF	107	cran	FALSE
eye	107	cran	FALSE
fakir	107	cran	FALSE
FBMS	107	cran	FALSE
fdaPOIFD	107	cran	FALSE
fitVARMxID	107	cran	FALSE
ForestGapR	107	cran	FALSE
FRACTION	107	cran	FALSE
GABB	107	cran	FALSE
gde	107	cran	FALSE
GenoTriplo	107	cran	FALSE
gghdx	107	cran	FALSE
ggpage	107	cran	FALSE
glossary	107	cran	FALSE
harmonizer	107	cran	FALSE
hdbayes	107	cran	FALSE
icd_data	107	cran	FALSE
iClick	107	cran	FALSE
ICsurv	107	cran	FALSE
imcExperiment	107	cran	FALSE
ioncopy	107	cran	FALSE
ir	107	cran	FALSE
lavaan_printer	107	cran	FALSE
markophylo	107	cran	FALSE
MetaStan	107	cran	FALSE
metavcov	107	cran	FALSE
MetSizeR	107	cran	FALSE
migui	107	cran	FALSE
MLDataR	107	cran	FALSE
mpathsenser	107	cran	FALSE
msae	107	cran	FALSE
mtb	107	cran	FALSE
NetworkExtinction	107	cran	FALSE
NonParRolCor	107	cran	FALSE
ordinalgmifs	107	cran	FALSE
pacotest	107	cran	FALSE
parSim	107	cran	FALSE
pbo	107	cran	FALSE
pedometrics	107	cran	FALSE
PERMANOVA	107	cran	FALSE
phylosamp	107	cran	FALSE
plfMA	107	cran	FALSE
polySegratioMM	107	cran	FALSE
prereg	107	cran	FALSE
QTL_gCIMapping_GUI	107	cran	FALSE
radarBoxplot	107	cran	FALSE
RadOnc	107	cran	FALSE
Rearrangement	107	cran	FALSE
rKOMICS	107	cran	FALSE
RMSS	107	cran	FALSE
RNentropy	107	cran	FALSE
rococo	107	cran	FALSE
ROI_plugin_optimx	107	cran	FALSE
Ropj	107	cran	FALSE
sageR	107	cran	FALSE
satin	107	cran	FALSE
ScatterDensity	107	cran	FALSE
shadow	107	cran	TRUE
shiny_fluent	107	cran	FALSE
simode	107	cran	FALSE
smer	107	cran	FALSE
SMVar	107	cran	FALSE
sprtt	107	cran	FALSE
SSNbler	107	cran	FALSE
ssym	107	cran	FALSE
stopp	107	cran	FALSE
table_glue	107	cran	FALSE
tablesgg	107	cran	FALSE
tabs	107	cran	FALSE
TapeR	107	cran	FALSE
TapeS	107	cran	FALSE
tgamtheme	107	cran	FALSE
tidystringdist	107	cran	FALSE
tmsens	107	cran	FALSE
trending	107	cran	FALSE
unheadr	107	cran	FALSE
vectra	107	cran	TRUE
vennplot	107	cran	FALSE
versus	107	cran	FALSE
womblR	107	cran	FALSE
WorldMapR	107	cran	FALSE
wosr	107	cran	FALSE
WufooR	107	cran	FALSE
AalenJohansen	106	cran	FALSE
adbi	106	cran	FALSE
ADCT	106	cran	FALSE
adwave	106	cran	FALSE
airnow	106	cran	FALSE
algorithmia	106	cran	FALSE
appleadsR	106	cran	FALSE
ArArRedux	106	cran	FALSE
assertHE	106	cran	FALSE
ata	106	cran	FALSE
BACprior	106	cran	FALSE
bambooHR	106	cran	FALSE
bartMan	106	cran	FALSE
bayesMeanScale	106	cran	FALSE
beam	106	cran	FALSE
benchden	106	cran	FALSE
betaclust	106	cran	FALSE
binMto	106	cran	FALSE
binseqtest	106	cran	FALSE
biostats	106	cran	FALSE
BIS	106	cran	FALSE
BiTrinA	106	cran	FALSE
BivRegBLS	106	cran	FALSE
BNrich	106	cran	FALSE
causal_decomp	106	cran	FALSE
ccRemover	106	cran	FALSE
cheese	106	cran	FALSE
circhelp	106	cran	FALSE
ClusterStability	106	cran	FALSE
coffee	106	cran	FALSE
ColOpenData	106	cran	FALSE
convdistr	106	cran	FALSE
convoSPAT	106	cran	FALSE
cpsR	106	cran	FALSE
DA	106	cran	FALSE
daarem	106	cran	FALSE
daterangepicker	106	cran	FALSE
datplot	106	cran	FALSE
desla	106	cran	FALSE
DominoDataR	106	cran	FALSE
dynatopGIS	106	cran	FALSE
echoice2	106	cran	FALSE
eco	106	cran	FALSE
EcoDiet	106	cran	FALSE
ensembleTax	106	cran	FALSE
EQL	106	cran	FALSE
ExactCIdiff	106	cran	FALSE
factorEx	106	cran	FALSE
fat2Lpoly	106	cran	FALSE
fbRads	106	cran	FALSE
fbroc	106	cran	FALSE
fechner	106	cran	FALSE
fedstatAPIr	106	cran	FALSE
fireexposuR	106	cran	FALSE
flametree	106	cran	FALSE
generator	106	cran	FALSE
GeoAdjust	106	cran	FALSE
gfoRmulaICE	106	cran	FALSE
ggghost	106	cran	FALSE
ghcm	106	cran	FALSE
gretlR	106	cran	FALSE
h2otools	106	cran	FALSE
HDShOP	106	cran	FALSE
HotellingEllipse	106	cran	FALSE
libbib	106	cran	FALSE
llama	106	cran	FALSE
LMN	106	cran	FALSE
mcmcderive	106	cran	FALSE
milr	106	cran	FALSE
minSNPs	106	cran	FALSE
miRtest	106	cran	FALSE
missoNet	106	cran	FALSE
mixPHM	106	cran	FALSE
mlfit	106	cran	FALSE
mmaqshiny	106	cran	FALSE
mpathr	106	cran	FALSE
mtrank	106	cran	FALSE
multinomialLogitMix	106	cran	FALSE
My_stepwise	106	cran	FALSE
netSEM	106	cran	FALSE
neuroim	106	cran	FALSE
nextGenShinyApps	106	cran	FALSE
nima	106	cran	FALSE
nonprobsvy	106	cran	FALSE
OddsPlotty	106	cran	FALSE
ohsome	106	cran	FALSE
optional	106	cran	FALSE
opusminer	106	cran	FALSE
otuSummary	106	cran	FALSE
parttime	106	cran	FALSE
pewdata	106	cran	FALSE
photobiologySun	106	cran	FALSE
plume	106	cran	FALSE
postpack	106	cran	FALSE
provViz	106	cran	FALSE
r2country	106	cran	FALSE
RBaseX	106	cran	FALSE
reems	106	cran	FALSE
RepeatedHighDim	106	cran	FALSE
resample	106	cran	FALSE
rjdqa	106	cran	FALSE
RMixtComp	106	cran	FALSE
rmsfuns	106	cran	FALSE
RNAmf	106	cran	FALSE
rodeo	106	cran	FALSE
Rquake	106	cran	FALSE
samplesize	106	cran	FALSE
sbl	106	cran	FALSE
scDiffCom	106	cran	FALSE
scitb	106	cran	FALSE
scrapeR	106	cran	FALSE
scSpatialSIM	106	cran	FALSE
SeqKat	106	cran	FALSE
shinyRadioMatrix	106	cran	FALSE
shinyTempSignal	106	cran	FALSE
SIAmodules	106	cran	FALSE
simplePHENOTYPES	106	cran	FALSE
skewlmm	106	cran	FALSE
SphericalCubature	106	cran	FALSE
sss	106	cran	FALSE
stacomirtools	106	cran	FALSE
statnipokladna	106	cran	FALSE
StepBeta	106	cran	FALSE
stepSplitReg	106	cran	FALSE
stgam	106	cran	FALSE
subsemble	106	cran	FALSE
tableeasy	106	cran	FALSE
TCA	106	cran	FALSE
text_alignment	106	cran	FALSE
tgcd	106	cran	FALSE
TRADER	106	cran	FALSE
tukeytrend	106	cran	FALSE
usefun	106	cran	FALSE
VBsparsePCA	106	cran	FALSE
vivo	106	cran	FALSE
vowels	106	cran	FALSE
weyl	106	cran	FALSE
ABSurvTDC	105	cran	FALSE
ACEsimFit	105	cran	FALSE
adaptsmoFMRI	105	cran	FALSE
admiralmetabolic	105	cran	FALSE
AdverseEvents	105	cran	FALSE
agriwater	105	cran	FALSE
ahptopsis2n	105	cran	FALSE
AllMetrics	105	cran	FALSE
amp	105	cran	FALSE
Analitica	105	cran	FALSE
animate	105	cran	FALSE
aos	105	cran	FALSE
ASSA	105	cran	FALSE
atRisk	105	cran	FALSE
aVirtualTwins	105	cran	FALSE
aws_lambda	105	cran	FALSE
BayesianPower	105	cran	FALSE
BeyondBenford	105	cran	FALSE
biplotbootGUI	105	cran	TRUE
bluebike	105	cran	FALSE
bzinb	105	cran	FALSE
caRecall	105	cran	FALSE
cats	105	cran	FALSE
causalCmprsk	105	cran	FALSE
ccostr	105	cran	FALSE
Certara_R	105	cran	FALSE
cncaGUI	105	cran	TRUE
CNLTtsa	105	cran	FALSE
colorfast	105	cran	FALSE
ColorNameR	105	cran	FALSE
ComparisonSurv	105	cran	FALSE
cordillera	105	cran	FALSE
countSTAR	105	cran	FALSE
CptNonPar	105	cran	FALSE
CRANsearcher	105	cran	FALSE
crosshap	105	cran	FALSE
dataCompare	105	cran	FALSE
docopulae	105	cran	FALSE
econet	105	cran	FALSE
EDIutils	105	cran	FALSE
eirm	105	cran	FALSE
epos	105	cran	FALSE
excerptr	105	cran	FALSE
fICA	105	cran	FALSE
FOCI	105	cran	FALSE
fossilbrush	105	cran	FALSE
funreg	105	cran	FALSE
futureverse	105	cran	FALSE
geneviewer	105	cran	FALSE
gggda	105	cran	FALSE
ggpolar	105	cran	FALSE
gitr	105	cran	FALSE
gkmSVM	105	cran	FALSE
gplite	105	cran	FALSE
greport	105	cran	FALSE
gsarima	105	cran	FALSE
hexDensity	105	cran	FALSE
hybridModels	105	cran	FALSE
hyper_gam	105	cran	FALSE
ICAOD	105	cran	FALSE
inbreedR	105	cran	FALSE
intRinsic	105	cran	FALSE
iNZightRegression	105	cran	FALSE
iNZightTS	105	cran	FALSE
IPMbook	105	cran	FALSE
karyotapR	105	cran	FALSE
lddmm	105	cran	FALSE
LifemapR	105	cran	FALSE
lindia	105	cran	FALSE
locStra	105	cran	FALSE
m2b	105	cran	FALSE
MCAvariants	105	cran	FALSE
mcradds	105	cran	FALSE
mecor	105	cran	FALSE
modnets	105	cran	FALSE
monoClust	105	cran	FALSE
MonoPhy	105	cran	FALSE
morphemepiece_data	105	cran	FALSE
mpower	105	cran	FALSE
musclesyneRgies	105	cran	FALSE
mvmesh	105	cran	FALSE
N2H4	105	cran	FALSE
nhstplot	105	cran	FALSE
NMcalc	105	cran	FALSE
NonlinearTSA	105	cran	FALSE
nopaco	105	cran	FALSE
odbr	105	cran	FALSE
ohoegdm	105	cran	FALSE
pagenum	105	cran	FALSE
pcsstools	105	cran	FALSE
PesticideLoadIndicator	105	cran	FALSE
PheCAP	105	cran	FALSE
PlasmaMutationDetector	105	cran	FALSE
PoisNonNor	105	cran	FALSE
popstudy	105	cran	FALSE
posDemux	105	bioc_fallback_rank	FALSE
POSetR	105	cran	FALSE
PPtreeViz	105	cran	FALSE
provSummarizeR	105	cran	FALSE
pvLRT	105	cran	FALSE
QFASA	105	cran	FALSE
QHScrnomo	105	cran	FALSE
quint	105	cran	FALSE
rbiouml	105	cran	FALSE
rbw	105	cran	FALSE
rcDEA	105	cran	FALSE
RColorConesa	105	cran	FALSE
recogito	105	cran	FALSE
regmed	105	cran	FALSE
rineq	105	cran	FALSE
saeME	105	cran	FALSE
samplesizelogisticcasecontrol	105	cran	FALSE
scopr	105	cran	FALSE
searchAnalyzeR	105	cran	FALSE
SensMap	105	cran	FALSE
sharx	105	cran	FALSE
shinyML	105	cran	FALSE
shinymodels	105	cran	FALSE
SIMMS	105	cran	FALSE
singR	105	cran	FALSE
spGARCH	105	cran	FALSE
sprex	105	cran	FALSE
SSHAARP	105	cran	FALSE
stampr	105	cran	FALSE
StratifiedSampling	105	cran	FALSE
SuperSurv	105	cran	FALSE
TestScorer	105	cran	FALSE
TideHarmonics	105	cran	FALSE
tlm	105	cran	FALSE
tm_plugin_alceste	105	cran	FALSE
tm1r	105	cran	FALSE
tpfp	105	cran	FALSE
truncnormbayes	105	cran	FALSE
TSANN	105	cran	FALSE
tsensembler	105	cran	FALSE
usedthese	105	cran	FALSE
varitas	105	cran	FALSE
viscomplexr	105	cran	FALSE
wikilake	105	cran	FALSE
winfapReader	105	cran	FALSE
wrangle	105	cran	FALSE
ACEsearch	104	cran	FALSE
actuaryr	104	cran	FALSE
adana	104	cran	FALSE
adjSURVCI	104	cran	FALSE
afmToolkit	104	cran	FALSE
agena_ai	104	cran	FALSE
AgroTech	104	cran	FALSE
anominate	104	cran	FALSE
ARIbrain	104	cran	FALSE
AustralianPoliticians	104	cran	FALSE
BayesSurvival	104	cran	FALSE
bbnet	104	cran	FALSE
bbreg	104	cran	FALSE
biotic	104	cran	FALSE
BOJ	104	cran	FALSE
boutliers	104	cran	FALSE
boxplotdbl	104	cran	FALSE
bwimage	104	cran	FALSE
bws	104	cran	FALSE
CancerEvolutionVisualization	104	cran	FALSE
Census2016	104	cran	FALSE
childdevdata	104	cran	FALSE
CIS_DGLM	104	cran	FALSE
cmprskcoxmsm	104	cran	FALSE
coinmarketcapr	104	cran	FALSE
condGEE	104	cran	FALSE
contactsurveys	104	cran	FALSE
contFracR	104	cran	FALSE
Counterfactual	104	cran	FALSE
covid19dbcand	104	cran	FALSE
cubar	104	cran	FALSE
curephEM	104	cran	FALSE
dail	104	cran	FALSE
datanugget	104	cran	FALSE
deforestable	104	cran	FALSE
DET	104	cran	FALSE
deTS	104	cran	FALSE
dfphase1	104	cran	FALSE
dogesr	104	cran	FALSE
DRHotNet	104	cran	FALSE
drpop	104	cran	FALSE
DTSEA	104	cran	FALSE
easyreg	104	cran	FALSE
eff2	104	cran	FALSE
ELT	104	cran	FALSE
epiflows	104	cran	FALSE
esreg	104	cran	FALSE
etree	104	cran	FALSE
EvoPhylo	104	cran	FALSE
FAmle	104	cran	FALSE
FAST_R	104	cran	FALSE
fdaACF	104	cran	FALSE
FeatureTerminatoR	104	cran	FALSE
FisPro	104	cran	FALSE
flimo	104	cran	FALSE
geoGAM	104	cran	FALSE
ggswissmaps	104	cran	FALSE
gllm	104	cran	FALSE
glmtrans	104	cran	FALSE
gsbDesign	104	cran	FALSE
hatchR	104	cran	FALSE
hbim	104	cran	FALSE
howManyImputations	104	cran	FALSE
i18n	104	cran	FALSE
image2data	104	cran	FALSE
imageseg	104	cran	FALSE
ImportExport	104	cran	FALSE
IntegratedJM	104	cran	FALSE
IOLS	104	cran	FALSE
ipanema	104	cran	FALSE
IrregLong	104	cran	FALSE
kiwisR	104	cran	FALSE
klausuR	104	cran	FALSE
LeMaRns	104	cran	FALSE
lifeR	104	cran	FALSE
LilRhino	104	cran	FALSE
lmw	104	cran	FALSE
LNIRT	104	cran	FALSE
longurl	104	cran	FALSE
LoopAnalyst	104	cran	FALSE
LorenzRegression	104	cran	FALSE
macroBiome	104	cran	FALSE
mand	104	cran	FALSE
markmyassignment	104	cran	FALSE
mas	104	cran	FALSE
matlab2r	104	cran	FALSE
mbRes	104	cran	FALSE
metadeconfoundR	104	cran	FALSE
MKomics	104	cran	FALSE
Modalclust	104	cran	FALSE
MRCE	104	cran	FALSE
nbc4va	104	cran	FALSE
netmediate	104	cran	FALSE
networkDynamicData	104	cran	FALSE
nmathresh	104	cran	FALSE
nn2poly	104	cran	FALSE
Nonpareil	104	cran	FALSE
NTS	104	cran	FALSE
pharmaverse	104	cran	FALSE
phoenix	104	cran	FALSE
photobiologyLamps	104	cran	FALSE
PINstimation	104	cran	FALSE
PlotFTIR	104	cran	FALSE
pomcheckr	104	cran	FALSE
pomodoro	104	cran	FALSE
potential	104	cran	FALSE
profr	104	cran	FALSE
pubchem_bio	104	cran	FALSE
PupilPre	104	cran	FALSE
r2dictionary	104	cran	FALSE
R62S3	104	cran	FALSE
RAT	104	cran	FALSE
rdnb	104	cran	FALSE
receptiviti	104	cran	FALSE
RefBasedMI	104	cran	FALSE
Repliscope	104	cran	FALSE
RfEmpImp	104	cran	FALSE
RIbench	104	cran	FALSE
rofanova	104	cran	FALSE
romic	104	cran	FALSE
rQCC	104	cran	FALSE
rTableICC	104	cran	FALSE
RTDE	104	cran	FALSE
rvif	104	cran	FALSE
sampsizeval	104	cran	FALSE
scapGNN	104	cran	FALSE
scLang	104	bioc_fallback_rank	FALSE
sdwd	104	cran	FALSE
sevenbridges2	104	cran	FALSE
SGB	104	cran	FALSE
simpleRCache	104	cran	FALSE
spup	104	cran	FALSE
stops	104	cran	FALSE
SurrogateRank	104	cran	FALSE
TRES	104	cran	FALSE
TVMM	104	cran	FALSE
ugatsdb	104	cran	FALSE
visxhclust	104	cran	FALSE
waydown	104	cran	FALSE
webuse	104	cran	FALSE
WR	104	cran	FALSE
xlr	104	cran	FALSE
ZVCV	104	cran	FALSE
adaptIVPT	103	cran	FALSE
ADDT	103	cran	FALSE
adept	103	cran	FALSE
adsDataHubR	103	cran	FALSE
agfh	103	cran	FALSE
AGPRIS	103	cran	FALSE
alleHap	103	cran	FALSE
alphastable	103	cran	FALSE
ANOFA	103	cran	FALSE
anovir	103	cran	FALSE
ARCokrig	103	cran	FALSE
ards	103	cran	FALSE
AvInertia	103	cran	FALSE
BacenAPI	103	cran	FALSE
bahc	103	cran	FALSE
BayesPIM	103	cran	FALSE
BCHM	103	cran	FALSE
beast	103	cran	FALSE
bidsr	103	cran	FALSE
blaise	103	cran	FALSE
blocs	103	cran	FALSE
brickset	103	cran	FALSE
bumblebee	103	cran	FALSE
calibrar	103	cran	FALSE
CarletonStats	103	cran	FALSE
ccmReportR	103	cran	FALSE
cdparcoord	103	cran	FALSE
ciu	103	cran	FALSE
clinsig	103	cran	FALSE
CMAPSS	103	cran	FALSE
coca	103	cran	FALSE
COMBAT	103	cran	FALSE
ContRespPP	103	cran	FALSE
corclass	103	cran	FALSE
ctf	103	cran	FALSE
cytofan	103	cran	FALSE
CytOpT	103	cran	FALSE
D3partitionR	103	cran	FALSE
DAGassist	103	cran	FALSE
DAIME	103	cran	FALSE
dbMC	103	cran	FALSE
DDL	103	cran	FALSE
degday	103	cran	FALSE
dendroNetwork	103	cran	FALSE
dinamic	103	cran	FALSE
double_truncation	103	cran	FALSE
douconca	103	cran	FALSE
drifter	103	cran	FALSE
EnsCat	103	cran	FALSE
ensr	103	cran	FALSE
epibasix	103	cran	FALSE
esmtools	103	cran	FALSE
ExactMed	103	cran	FALSE
experDesign	103	cran	FALSE
fabMix	103	cran	FALSE
fastdid	103	cran	FALSE
filters	103	cran	TRUE
findSVI	103	cran	FALSE
forested	103	cran	FALSE
funchir	103	cran	FALSE
gcite	103	cran	FALSE
GEInter	103	cran	FALSE
genlogis	103	cran	FALSE
govdown	103	cran	FALSE
GPAbin	103	cran	FALSE
grafzahl	103	cran	FALSE
graph3d	103	cran	FALSE
graphclust	103	cran	FALSE
gte	103	cran	FALSE
HCTDesign	103	cran	FALSE
hdar	103	cran	FALSE
HDStIM	103	cran	FALSE
hover	103	cran	FALSE
HydroCode	103	cran	FALSE
hyperoverlap	103	cran	FALSE
IBCF_MTME	103	cran	FALSE
imsig	103	cran	FALSE
IRTBEMM	103	cran	FALSE
isopleuros	103	cran	FALSE
iSubGen	103	cran	FALSE
krm	103	cran	FALSE
lacrmr	103	cran	FALSE
lcc	103	cran	FALSE
leafdown	103	cran	FALSE
linbin	103	cran	FALSE
listcompr	103	cran	FALSE
LocalCop	103	cran	FALSE
logisticPCA	103	cran	FALSE
lue	103	cran	FALSE
mapscanner	103	cran	FALSE
mcmsupply	103	cran	FALSE
modmarg	103	cran	FALSE
mortSOA	103	cran	FALSE
mrbsizeR	103	cran	FALSE
mvMonitoring	103	cran	FALSE
newscatcheR	103	cran	FALSE
nonpar	103	cran	FALSE
NormalLaplace	103	cran	FALSE
OmopViewer	103	cran	FALSE
onpoint	103	cran	FALSE
opendataformat	103	cran	FALSE
OrgHeatmap	103	cran	FALSE
PEIP	103	cran	FALSE
pheno	103	cran	FALSE
pleLMA	103	cran	FALSE
pointr	103	cran	FALSE
predhy	103	cran	FALSE
presenter	103	cran	FALSE
PROscorer	103	cran	FALSE
pseudorank	103	cran	FALSE
psrwe	103	cran	FALSE
psSubpathway	103	cran	FALSE
qbld	103	cran	FALSE
qmd	103	cran	FALSE
RankingProject	103	cran	FALSE
rasterDT	103	cran	FALSE
rCNV	103	cran	FALSE
reinstallr	103	cran	FALSE
remap	103	cran	FALSE
RestoreNet	103	cran	FALSE
rnetcarto	103	cran	FALSE
robustrao	103	cran	FALSE
rolocISCCNBS	103	cran	FALSE
rpql	103	cran	FALSE
rsvddpd	103	cran	FALSE
RtsEva	103	cran	FALSE
RVowpalWabbit	103	cran	FALSE
scgwr	103	cran	FALSE
schwabr	103	cran	FALSE
sdetorus	103	cran	FALSE
seqgendiff	103	cran	FALSE
sharpPen	103	cran	FALSE
SimBIID	103	cran	FALSE
simMSM	103	cran	FALSE
simrel	103	cran	FALSE
sleepr	103	cran	FALSE
smoothie	103	cran	FALSE
snplinkage	103	cran	FALSE
sotkanet	103	cran	FALSE
SparseMDC	103	cran	FALSE
SpatialArtifacts	103	bioc_fallback_rank	FALSE
SpatialRegimes	103	cran	FALSE
spiro	103	cran	FALSE
sta	103	cran	FALSE
SticsRFiles	103	cran	FALSE
stochLAB	103	cran	FALSE
stoppingrule	103	cran	FALSE
StructuralDecompose	103	cran	FALSE
sugarbag	103	cran	FALSE
SWTools	103	cran	FALSE
tayloRswift	103	cran	FALSE
tfio	103	cran	FALSE
theiaR	103	cran	FALSE
tidyrgee	103	cran	FALSE
topcc	103	cran	FALSE
trekfont	103	cran	FALSE
tsapp	103	cran	FALSE
urbin	103	cran	FALSE
vici	103	cran	FALSE
VLMC	103	cran	FALSE
VPdtw	103	cran	FALSE
yatah	103	cran	FALSE
AdapSamp	102	cran	FALSE
adass	102	cran	FALSE
adformR	102	cran	FALSE
adheRenceRX	102	cran	FALSE
adjustedcranlogs	102	cran	FALSE
AIFFtools	102	cran	FALSE
ajv	102	cran	FALSE
akiFlagger	102	cran	FALSE
allomr	102	cran	FALSE
alphabetr	102	cran	FALSE
ananke	102	cran	FALSE
aquodom	102	cran	FALSE
arabicStemR	102	cran	FALSE
BayesCombo	102	cran	FALSE
bayou	102	cran	FALSE
bgeva	102	cran	FALSE
BiCausality	102	cran	FALSE
bioC_logs	102	cran	FALSE
BLRShiny2	102	cran	FALSE
bonn	102	cran	FALSE
bridger2	102	cran	FALSE
Brq	102	cran	FALSE
bysykkel	102	cran	FALSE
calcal	102	cran	FALSE
cancerradarr	102	cran	FALSE
carbonpredict	102	cran	FALSE
cases	102	cran	FALSE
CEoptim	102	cran	FALSE
cepR	102	cran	FALSE
changepointTests	102	cran	FALSE
cheatsheet	102	cran	FALSE
CHNCapitalStock	102	cran	FALSE
circlesplot	102	cran	FALSE
cnum	102	cran	FALSE
cold	102	cran	FALSE
colorplane	102	cran	FALSE
CommKern	102	cran	FALSE
ConformalSmallest	102	cran	FALSE
ConSciR	102	cran	FALSE
consortr	102	cran	FALSE
controlTest	102	cran	FALSE
CorrectedFDR	102	cran	FALSE
corrViz	102	cran	FALSE
cppally	102	cran	FALSE
credule	102	cran	FALSE
criticality	102	cran	FALSE
csvwr	102	cran	FALSE
cylcop	102	cran	FALSE
DescriptiveStats_OBeu	102	cran	FALSE
diffpriv	102	cran	FALSE
discretefit	102	cran	FALSE
DistributionOptimization	102	cran	FALSE
DistributionTest	102	cran	FALSE
DMtest	102	cran	FALSE
docknitr	102	cran	FALSE
dreamer	102	cran	FALSE
eCV	102	cran	FALSE
enaho	102	cran	FALSE
epitab	102	cran	FALSE
ercv	102	cran	FALSE
EstimateGroupNetwork	102	cran	FALSE
etrm	102	cran	FALSE
evident	102	cran	FALSE
ExtractTrainData	102	cran	FALSE
finch	102	cran	FALSE
forams	102	cran	FALSE
forestat	102	cran	FALSE
ForestElementsR	102	cran	FALSE
fpROC	102	cran	FALSE
ganttify	102	cran	FALSE
geonode4R	102	cran	FALSE
GeoWeightedModel	102	cran	FALSE
ggallin	102	cran	FALSE
ggsolvencyii	102	cran	FALSE
glossa	102	cran	FALSE
gmoTree	102	cran	FALSE
Greymodels	102	cran	FALSE
HeckmanEM	102	cran	FALSE
heuristica	102	cran	FALSE
hwwntest	102	cran	FALSE
IDPSurvival	102	cran	FALSE
IDSpatialStats	102	cran	FALSE
image_ContourDetector	102	cran	FALSE
imgrec	102	cran	FALSE
instaR	102	cran	FALSE
IRon	102	cran	FALSE
Julia	102	cran	FALSE
kvh	102	cran	FALSE
LAWBL	102	cran	FALSE
lfc	102	cran	FALSE
lm_br	102	cran	FALSE
logiBin	102	cran	FALSE
longmixr	102	cran	FALSE
LSWPlib	102	cran	FALSE
MCARtest	102	cran	FALSE
mcgibbsit	102	cran	FALSE
metanetwork	102	cran	FALSE
MHDA	102	cran	FALSE
MLZ	102	cran	FALSE
mppR	102	cran	FALSE
msde	102	cran	FALSE
msma	102	cran	FALSE
MultiFit	102	cran	FALSE
multifunc	102	cran	FALSE
multisite_accuracy	102	cran	FALSE
music	102	cran	FALSE
mzipmed	102	cran	FALSE
neuRosim	102	cran	FALSE
npbr	102	cran	FALSE
npROCRegression	102	cran	FALSE
pamm	102	cran	FALSE
Path_Analysis	102	cran	TRUE
PerfMeas	102	cran	FALSE
PERK	102	cran	FALSE
PhaseTypeR	102	cran	FALSE
PHENIX	102	cran	FALSE
PHeval	102	cran	FALSE
precisely	102	cran	FALSE
priorCON	102	cran	FALSE
psidread	102	cran	FALSE
PSSMCOOL	102	cran	FALSE
qeML	102	cran	FALSE
qgcompint	102	cran	FALSE
qPCRtools	102	cran	FALSE
qrlabelr	102	cran	FALSE
qtlbook	102	cran	FALSE
quid	102	cran	FALSE
randnet	102	cran	FALSE
rank	102	cran	FALSE
rbmiUtils	102	cran	FALSE
rcpptimer	102	cran	FALSE
RecordTest	102	cran	FALSE
REDCapExporter	102	cran	FALSE
refundBayes	102	cran	FALSE
reliaR	102	cran	FALSE
remiod	102	cran	FALSE
representr	102	cran	FALSE
riv	102	cran	FALSE
rlfsm	102	cran	FALSE
RSQL	102	cran	FALSE
rtypeform	102	cran	FALSE
scipub	102	cran	FALSE
sClust	102	cran	FALSE
sdamr	102	cran	FALSE
SDAR	102	cran	FALSE
segMGarch	102	cran	FALSE
sfa	102	cran	FALSE
shinyobjects	102	cran	FALSE
simdd	102	cran	FALSE
SIMplyBee	102	cran	FALSE
SimSeq	102	cran	FALSE
siren	102	cran	FALSE
snpsettest	102	cran	FALSE
spCP	102	cran	FALSE
splot	102	cran	FALSE
sqliter	102	cran	FALSE
StatescopeR	102	bioc_fallback_rank	FALSE
stats4teaching	102	cran	FALSE
STPGA	102	cran	FALSE
svIDE	102	cran	FALSE
TCHazaRds	102	cran	FALSE
tEDM	102	cran	FALSE
thestats	102	cran	FALSE
Tides	102	cran	FALSE
tsallisqexp	102	cran	FALSE
TSS_RESTREND	102	cran	FALSE
UBayFS	102	cran	FALSE
utile_tables	102	cran	FALSE
varclust	102	cran	FALSE
vasicek	102	cran	FALSE
wilson	102	cran	FALSE
WordListsAnalytics	102	cran	FALSE
wsyn	102	cran	FALSE
adventr	101	cran	FALSE
aisoph	101	cran	FALSE
alfr	101	cran	FALSE
appnn	101	cran	FALSE
ArctosR	101	cran	FALSE
areabiplot	101	cran	FALSE
avidaR	101	cran	FALSE
AzureAppInsights	101	cran	FALSE
BarcodingR	101	cran	FALSE
Barnard	101	cran	FALSE
bayefdr	101	cran	FALSE
BayesGPfit	101	cran	FALSE
BayesMultMeta	101	cran	FALSE
BayesS5	101	cran	FALSE
BayesSampling	101	cran	FALSE
BayesTwin	101	cran	FALSE
BBI	101	cran	FALSE
beezdiscounting	101	cran	FALSE
bigPLSR	101	cran	FALSE
biolink	101	cran	FALSE
BioPETsurv	101	cran	FALSE
bsreg	101	cran	FALSE
bstrl	101	cran	FALSE
CARME	101	cran	FALSE
checkLuhn	101	cran	FALSE
CIEE	101	cran	FALSE
ClaimsProblems	101	cran	FALSE
cmaRs	101	cran	FALSE
cml	101	cran	FALSE
cognitoR	101	cran	FALSE
COMIX	101	cran	FALSE
compareMCMCs	101	cran	FALSE
complexity	101	cran	FALSE
confidence	101	cran	FALSE
CPBayes	101	cran	FALSE
ctbi	101	cran	FALSE
CTShiny	101	cran	FALSE
customizedTraining	101	cran	FALSE
cyjShiny	101	cran	FALSE
DAISIEprep	101	cran	FALSE
DataGraph	101	cran	FALSE
DataMetProcess	101	cran	FALSE
deFit	101	cran	FALSE
DELTD	101	cran	FALSE
dialr	101	cran	FALSE
DIME	101	cran	FALSE
DTDA_cif	101	cran	FALSE
dtrackr	101	cran	FALSE
eat	101	cran	FALSE
ecospace	101	cran	FALSE
esvis	101	cran	FALSE
et_nwfva	101	cran	FALSE
eyetools	101	cran	TRUE
FADA	101	cran	FALSE
FastKNN	101	cran	FALSE
fastpos	101	cran	FALSE
FourWayHMM	101	cran	FALSE
Frames2	101	cran	FALSE
freqparcoord	101	cran	FALSE
friends	101	cran	FALSE
functionals	101	cran	FALSE
GCubeR	101	cran	FALSE
gexp	101	cran	FALSE
ggsom	101	cran	FALSE
groc	101	cran	FALSE
GTDL	101	cran	FALSE
hakaiApi	101	cran	FALSE
harmonydata	101	cran	FALSE
HLSM	101	cran	FALSE
hypergate	101	cran	FALSE
iBST	101	cran	FALSE
IDMIR	101	cran	FALSE
idopNetwork	101	cran	FALSE
image_libfacedetection	101	cran	FALSE
ino	101	cran	FALSE
intsurv	101	cran	FALSE
IPLGP	101	cran	FALSE
ITNr	101	cran	FALSE
ivgets	101	cran	FALSE
kdry	101	cran	FALSE
KoboconnectR	101	cran	FALSE
Kpart	101	cran	FALSE
magickGUI	101	cran	FALSE
makePalette	101	cran	FALSE
mcen	101	cran	FALSE
measuRing	101	cran	FALSE
metro	101	cran	FALSE
mglasso	101	cran	FALSE
monaco	101	cran	FALSE
mrbayes	101	cran	FALSE
mritc	101	cran	FALSE
multivariance	101	cran	FALSE
naaccr	101	cran	FALSE
NISTnls	101	cran	FALSE
NMFN	101	cran	FALSE
nparMD	101	cran	FALSE
OneArm2stage	101	cran	FALSE
openMSE	101	cran	FALSE
pagemap	101	cran	FALSE
pgraph	101	cran	FALSE
phenesse	101	cran	FALSE
piwikproR	101	cran	FALSE
plan	101	cran	FALSE
pm3	101	cran	FALSE
popReconstruct	101	cran	FALSE
ProcMod	101	cran	FALSE
QRIpkg	101	cran	FALSE
quadform	101	cran	FALSE
R2D2ordinal	101	cran	FALSE
RESET	101	cran	FALSE
resumer	101	cran	FALSE
retrodesign	101	cran	FALSE
RevGadgets	101	cran	FALSE
rflexscan	101	cran	FALSE
rheroicons	101	cran	FALSE
ridgetorus	101	cran	FALSE
RImagePalette	101	cran	FALSE
Rlinkedin	101	cran	FALSE
Rnumerai	101	cran	FALSE
RScelestial	101	cran	FALSE
rwavelet	101	cran	FALSE
sensitivity2x2xk	101	cran	FALSE
SID	101	cran	FALSE
SIMPLE_REGRESSION	101	cran	FALSE
slfm	101	cran	FALSE
SLHD	101	cran	FALSE
SMNCensReg	101	cran	FALSE
SpatialGEV	101	cran	FALSE
springer	101	cran	FALSE
ssfit	101	cran	FALSE
stratallo	101	cran	FALSE
sudoku	101	cran	FALSE
summariser	101	cran	FALSE
surveytable	101	cran	FALSE
Tcomp	101	cran	FALSE
thregI	101	cran	FALSE
tidycharts	101	cran	FALSE
treasury	101	cran	FALSE
TSDFGS	101	cran	FALSE
TukeyGH77	101	cran	FALSE
TurtleGraphics	101	cran	FALSE
unifDAG	101	cran	FALSE
vardiag	101	cran	FALSE
voiceR	101	cran	FALSE
vueR	101	cran	FALSE
weaana	101	cran	FALSE
WormTensor	101	cran	FALSE
xplain	101	cran	FALSE
ztpln	101	cran	FALSE
abundant	100	cran	FALSE
accept	100	cran	FALSE
acdcR	100	cran	FALSE
aeddo	100	cran	FALSE
AmoudSurv	100	cran	FALSE
AnimalSequences	100	cran	FALSE
anomo	100	cran	FALSE
Aoptbdtvc	100	cran	FALSE
arrowheadr	100	cran	FALSE
BallMapper	100	cran	FALSE
BayesGWQS	100	cran	FALSE
BinMat	100	cran	FALSE
BioRssay	100	cran	FALSE
boinet	100	cran	FALSE
boussinesq	100	cran	FALSE
bracer	100	cran	FALSE
bsgof	100	cran	FALSE
BurStFin	100	cran	FALSE
calcite	100	cran	FALSE
callsync	100	cran	FALSE
CalSim	100	cran	FALSE
CatReg	100	cran	FALSE
causalPAF	100	cran	FALSE
CKLRT	100	cran	FALSE
cleandata	100	cran	FALSE
climateStability	100	cran	FALSE
clustra	100	cran	FALSE
cmprskQR	100	cran	FALSE
competitiontoolbox	100	cran	FALSE
ConcordanceTest	100	cran	FALSE
conmet	100	cran	FALSE
conTree	100	cran	FALSE
countfitteR	100	cran	FALSE
crossvalidationCP	100	cran	FALSE
csn	100	cran	FALSE
cxr	100	cran	FALSE
cymruservices	100	cran	FALSE
cytominer	100	cran	FALSE
DAMOCLES	100	cran	FALSE
dedupewider	100	cran	FALSE
depth_plot	100	cran	FALSE
df2yaml	100	cran	FALSE
dhglm	100	cran	FALSE
divraster	100	cran	FALSE
DPpack	100	cran	FALSE
DT2	100	cran	FALSE
EcoNetGen	100	cran	FALSE
edf	100	cran	FALSE
elasdics	100	cran	FALSE
epandist	100	cran	FALSE
eventstream	100	cran	FALSE
evt0	100	cran	FALSE
extraSuperpower	100	cran	FALSE
extremeIndex	100	cran	FALSE
fastTS	100	cran	FALSE
fdapaceShiny	100	cran	FALSE
FishPhyloMaker	100	cran	FALSE
flexsiteboard	100	cran	FALSE
func2vis	100	cran	FALSE
GDAdata	100	cran	FALSE
geomod	100	cran	FALSE
gghalfnorm	100	cran	FALSE
ggragged	100	cran	FALSE
gnumeric	100	cran	FALSE
GoodmanKruskal	100	cran	FALSE
goxygen	100	cran	FALSE
GRIN2	100	cran	FALSE
healthyAddress	100	cran	FALSE
hexfont	100	cran	FALSE
hkevp	100	cran	FALSE
Horsekicks	100	cran	FALSE
ICBioMark	100	cran	FALSE
incidentally	100	cran	FALSE
inctools	100	cran	FALSE
industRial	100	cran	FALSE
InsuSensCalc	100	cran	FALSE
isocalcR	100	cran	FALSE
ivmte	100	cran	FALSE
jpstat	100	cran	FALSE
kanova	100	cran	FALSE
KGode	100	cran	FALSE
kko	100	cran	FALSE
KraljicMatrix	100	cran	FALSE
latentFactoR	100	cran	FALSE
leapp	100	cran	FALSE
lidaRtRee	100	cran	TRUE
lightsout	100	cran	FALSE
linemap	100	cran	FALSE
linpk	100	cran	FALSE
matrixset	100	cran	FALSE
mDAG	100	cran	FALSE
MethodCompare	100	cran	FALSE
mgc	100	cran	FALSE
MHTdiscrete	100	cran	FALSE
mitre	100	cran	FALSE
mmcm	100	cran	FALSE
mpae	100	cran	FALSE
mreg	100	cran	FALSE
MRMCbinary	100	cran	FALSE
msSPChelpR	100	cran	FALSE
neojags	100	cran	FALSE
net4pg	100	cran	FALSE
NetMix	100	cran	FALSE
neutralitytestr	100	cran	FALSE
odeGUTS	100	cran	FALSE
odk	100	cran	FALSE
ordinalbayes	100	cran	FALSE
ordinalsimr	100	cran	FALSE
paramtest	100	cran	FALSE
phenomap	100	cran	FALSE
phylosem	100	cran	FALSE
PoisBinNonNor	100	cran	FALSE
poistweedie	100	cran	FALSE
pQTLdata	100	cran	FALSE
prettyB	100	cran	FALSE
Przewodnik	100	cran	FALSE
puls	100	cran	FALSE
quadcleanR	100	cran	FALSE
randomizationInference	100	cran	FALSE
rankhazard	100	cran	FALSE
RblDataLicense	100	cran	FALSE
RcppFastFloat	100	cran	FALSE
rcrimeanalysis	100	cran	FALSE
refund_shiny	100	cran	FALSE
regDIF	100	cran	FALSE
Relectoral	100	cran	FALSE
repmod	100	cran	FALSE
rKIN	100	cran	FALSE
rkriging	100	cran	FALSE
RM_weights	100	cran	FALSE
RMKdiscrete	100	cran	FALSE
robustreg	100	cran	FALSE
SAMGEP	100	cran	FALSE
sdmvspecies	100	cran	FALSE
senstrat	100	cran	FALSE
seqDesign	100	cran	FALSE
sig	100	cran	FALSE
sleepwalk	100	cran	FALSE
slouch	100	cran	FALSE
spselect	100	cran	FALSE
srcr	100	cran	FALSE
srppp	100	cran	FALSE
SSNbayes	100	cran	FALSE
staccuracy	100	cran	FALSE
stray	100	cran	FALSE
sufficientForecasting	100	cran	FALSE
SurrogateRegression	100	cran	FALSE
syt	100	cran	FALSE
tetragon	100	cran	FALSE
theftdlc	100	cran	FALSE
tidyplus	100	cran	FALSE
tsPI	100	cran	FALSE
twenty48	100	cran	FALSE
uniReg	100	cran	FALSE
vecmatch	100	cran	FALSE
viscomp	100	cran	FALSE
weathR	100	cran	FALSE
XCIR	100	bioc_fallback_rank	FALSE
xegaPopulation	100	cran	FALSE
YPBP	100	cran	FALSE
aboveR	99	cran	TRUE
addreg	99	cran	FALSE
admiralneuro	99	cran	FALSE
aimPlot	99	cran	FALSE
amazonspR	99	cran	FALSE
AOV1R	99	cran	FALSE
APPEstimation	99	cran	FALSE
audiometry	99	cran	FALSE
aws_polly	99	cran	FALSE
backtestGraphics	99	cran	FALSE
baker	99	cran	FALSE
bayesSSM	99	cran	FALSE
bbdetection	99	cran	FALSE
bigQF	99	cran	FALSE
BioGSP	99	cran	FALSE
biospear	99	cran	FALSE
BMAmevt	99	cran	FALSE
bnnSurvival	99	cran	FALSE
bootComb	99	cran	FALSE
brainKCCA	99	cran	FALSE
brea	99	cran	FALSE
bubbleHeatmap	99	cran	FALSE
bubblyr	99	cran	FALSE
bulletcp	99	cran	FALSE
CANE	99	cran	FALSE
CBRT	99	cran	FALSE
CCI	99	cran	FALSE
centrifugeR	99	cran	FALSE
CFAcoop	99	cran	FALSE
chromer	99	cran	FALSE
CIAAWconsensus	99	cran	FALSE
CliquePercolation	99	cran	FALSE
CMShiny	99	cran	FALSE
colocalized	99	cran	FALSE
complexNet	99	cran	FALSE
corbouli	99	cran	FALSE
corels	99	cran	FALSE
coreSim	99	cran	FALSE
cpmBigData	99	cran	FALSE
credsubs	99	cran	FALSE
crops	99	cran	FALSE
dcifer	99	cran	FALSE
DEM	99	cran	FALSE
DemoDecomp	99	cran	FALSE
DIFboost	99	cran	FALSE
diffval	99	cran	FALSE
dkanr	99	cran	FALSE
DoubleExpSeq	99	cran	FALSE
dpcR	99	cran	FALSE
EGM	99	cran	FALSE
eive	99	cran	FALSE
ensembleMOS	99	cran	FALSE
epoxy	99	cran	FALSE
EventWinRatios	99	cran	FALSE
factormodel	99	cran	FALSE
FastRCS	99	cran	FALSE
fastshap	99	cran	FALSE
fdaMocca	99	cran	FALSE
FDRestimation	99	cran	FALSE
fic	99	cran	FALSE
flashier	99	cran	FALSE
ForeComp	99	cran	FALSE
funneljoin	99	cran	FALSE
FuzzyPovertyR	99	cran	FALSE
gcerisk	99	cran	FALSE
genpathmox	99	cran	FALSE
ggalignment	99	cran	FALSE
ggcorrheatmap	99	cran	FALSE
ggsurvey	99	cran	FALSE
GiRaF	99	cran	FALSE
gsaot	99	cran	FALSE
hamlet	99	cran	FALSE
HEMDAG	99	cran	FALSE
hero	99	cran	FALSE
HMMcopula	99	cran	FALSE
hystReet	99	cran	FALSE
ibkrcp	99	cran	FALSE
important	99	cran	FALSE
ImputeRobust	99	cran	FALSE
INLABMA	99	cran	FALSE
IPV	99	cran	FALSE
irtpwr	99	cran	FALSE
irtrees	99	cran	FALSE
isard	99	cran	FALSE
JANE	99	cran	FALSE
jipApprox	99	cran	FALSE
kimfilter	99	cran	FALSE
landest	99	cran	FALSE
LDcorSV	99	cran	FALSE
lg	99	cran	FALSE
lipidomeR	99	cran	FALSE
lmap	99	cran	FALSE
logib	99	cran	FALSE
MarkowitzR	99	cran	FALSE
maskRangeR	99	cran	FALSE
MEclustnet	99	cran	FALSE
memo	99	cran	FALSE
MERO	99	cran	FALSE
MetabolicSurv	99	cran	FALSE
metasnf	99	cran	FALSE
mhazard	99	cran	FALSE
mixcure	99	cran	FALSE
MLCIRTwithin	99	cran	FALSE
mlrv	99	cran	FALSE
MMDai	99	cran	FALSE
mrgsim_parallel	99	cran	FALSE
mudfold	99	cran	FALSE
munfold	99	cran	FALSE
mutSignatures	99	cran	FALSE
natstrat	99	cran	FALSE
nberwp	99	cran	FALSE
nett	99	cran	FALSE
neurohcp	99	cran	FALSE
nhm	99	cran	FALSE
NMAoutlier	99	cran	FALSE
noisySBM	99	cran	FALSE
notebookutils	99	cran	FALSE
nrba	99	cran	FALSE
NSO1212	99	cran	FALSE
oceanexplorer	99	cran	FALSE
odds_n_ends	99	cran	FALSE
okxAPI	99	cran	FALSE
overlapptest	99	cran	FALSE
PakPMICS2018bh	99	cran	FALSE
pCODE	99	cran	FALSE
perccalc	99	cran	FALSE
PheVis	99	cran	FALSE
pivotea	99	cran	FALSE
pixelclasser	99	cran	FALSE
plotmm	99	cran	FALSE
pmwg	99	cran	FALSE
primePCA	99	cran	FALSE
PROscorerTools	99	cran	FALSE
public_ctn0094data	99	cran	FALSE
pvar	99	cran	FALSE
qpNCA	99	cran	FALSE
quartify	99	cran	FALSE
R2SWF	99	cran	TRUE
rADA	99	cran	FALSE
rar	99	cran	FALSE
rbgm	99	cran	FALSE
rbioacc	99	cran	FALSE
RcppUUID	99	cran	FALSE
rhymer	99	cran	FALSE
riceidconverter	99	cran	FALSE
rmsfact	99	cran	FALSE
RockFab	99	cran	FALSE
rPACI	99	cran	FALSE
rSPARCS	99	cran	FALSE
rsprite2	99	cran	FALSE
RVerbalExpressions	99	cran	FALSE
rvHPDT	99	cran	FALSE
SBdecomp	99	cran	FALSE
scar	99	cran	FALSE
SCEPtER	99	cran	FALSE
SEIRfansy	99	cran	FALSE
shinyr	99	cran	FALSE
simET	99	cran	FALSE
SimReg	99	cran	FALSE
simulariatools	99	cran	FALSE
sirad	99	cran	FALSE
soilwater	99	cran	FALSE
SOPC	99	cran	FALSE
sparseDFM	99	cran	FALSE
spduration	99	cran	FALSE
SpectralClMixed	99	cran	FALSE
spef	99	cran	FALSE
spex	99	cran	FALSE
SpiceFP	99	cran	FALSE
statBasics	99	cran	FALSE
stellaR	99	cran	FALSE
stochvolTMB	99	cran	FALSE
SVMMaj	99	cran	FALSE
td	99	cran	FALSE
tdr	99	cran	FALSE
teigen	99	cran	FALSE
tergmLite	99	cran	FALSE
test2norm	99	cran	FALSE
tidycwl	99	cran	FALSE
tidyEdSurvey	99	cran	FALSE
traveltimeR	99	cran	TRUE
tvgarch	99	cran	FALSE
twig	99	cran	FALSE
TwoStepCLogit	99	cran	FALSE
valueEQ5D	99	cran	FALSE
ViewPipeSteps	99	cran	FALSE
viewpoly	99	cran	FALSE
W2CWM2C	99	cran	FALSE
weed	99	cran	FALSE
whippr	99	cran	FALSE
xoi	99	cran	FALSE
activityCounts	98	cran	FALSE
adestr	98	cran	FALSE
affinity	98	cran	FALSE
AHSurv	98	cran	FALSE
ALUES	98	cran	FALSE
animbook	98	cran	FALSE
bagged_outliertrees	98	cran	FALSE
banxicoR	98	cran	FALSE
bartXViz	98	cran	FALSE
BayesFBHborrow	98	cran	FALSE
BayesNSGP	98	cran	FALSE
BayesTreePrior	98	cran	FALSE
bigsimr	98	cran	FALSE
BINCOR	98	cran	FALSE
bivariatemaps	98	cran	FALSE
bootLR	98	cran	FALSE
bootruin	98	cran	FALSE
bootstrapFP	98	cran	FALSE
carbondate	98	cran	FALSE
CensMFM	98	cran	FALSE
CERFIT	98	cran	FALSE
Certara_NLME8	98	cran	FALSE
ChillModels	98	cran	FALSE
ChinAPIs	98	cran	FALSE
chronicler	98	cran	FALSE
chyper	98	cran	FALSE
CIplot	98	cran	FALSE
cleanTS	98	cran	FALSE
CliftLRD	98	cran	FALSE
CNLTreg	98	cran	FALSE
CommonMean_Copula	98	cran	FALSE
conformalbayes	98	cran	FALSE
contoso	98	cran	FALSE
cosmoFns	98	cran	FALSE
CountsEPPM	98	cran	FALSE
covid19italy	98	cran	FALSE
covRobust	98	cran	FALSE
CP	98	cran	FALSE
CPC	98	cran	FALSE
cpi	98	cran	FALSE
crayons	98	cran	FALSE
crm12Comb	98	cran	FALSE
cropgrowdays	98	cran	FALSE
csmpv	98	cran	FALSE
ctmle	98	cran	FALSE
datetoiso	98	cran	FALSE
dcm2	98	cran	FALSE
Delta	98	cran	FALSE
densityarea	98	cran	FALSE
distanceto	98	cran	FALSE
diveR	98	cran	FALSE
dslice	98	cran	FALSE
DTWBI	98	cran	FALSE
dycdtools	98	cran	FALSE
EfficientMaxEigenpair	98	cran	FALSE
elaborator	98	cran	FALSE
Evacluster	98	cran	FALSE
expirest	98	cran	FALSE
fad	98	cran	FALSE
FAMetA	98	cran	FALSE
fgeo	98	cran	FALSE
FinePop	98	cran	FALSE
firebase	98	cran	FALSE
fruclimadapt	98	cran	FALSE
fsn	98	cran	FALSE
geomerge	98	cran	FALSE
gg1d	98	cran	FALSE
ggamma	98	cran	FALSE
ggtea	98	cran	FALSE
ggvfields	98	cran	FALSE
Ghat	98	cran	FALSE
GISSB	98	cran	FALSE
GMAC	98	cran	FALSE
goric	98	cran	FALSE
graphonmix	98	cran	FALSE
grex	98	cran	FALSE
GWEX	98	cran	FALSE
HTRX	98	cran	FALSE
igcop	98	cran	FALSE
image_CannyEdges	98	cran	FALSE
integIRTy	98	cran	FALSE
isingLenzMC	98	cran	FALSE
ivdesc	98	cran	FALSE
JSM	98	cran	FALSE
kernelFactory	98	cran	FALSE
keyplayer	98	cran	FALSE
kitagawa	98	cran	FALSE
knnp	98	cran	FALSE
lmDiallel	98	cran	FALSE
LMfilteR	98	cran	FALSE
loglognorm	98	cran	FALSE
lolR	98	cran	FALSE
ltxsparklines	98	cran	FALSE
mammalcol	98	cran	FALSE
mbsts	98	cran	FALSE
metabolic	98	cran	FALSE
miRecSurv	98	cran	FALSE
MLML2R	98	cran	FALSE
MM2Sdata	98	cran	FALSE
monographaR	98	cran	FALSE
moveWindSpeed	98	cran	FALSE
multisensi	98	cran	FALSE
multispatialCCM	98	cran	FALSE
MultiStatM	98	cran	FALSE
MUVR2	98	cran	FALSE
mwshiny	98	cran	FALSE
netassoc	98	cran	FALSE
netmap	98	cran	FALSE
Nmix	98	cran	FALSE
nonneg_cg	98	cran	FALSE
not	98	cran	FALSE
npsm	98	cran	FALSE
OAtools	98	bioc_fallback_rank	FALSE
oclust	98	cran	FALSE
Oncotree	98	cran	FALSE
onetime	98	cran	FALSE
ordinalpattern	98	cran	FALSE
OrdNor	98	cran	FALSE
PAMscapes	98	cran	FALSE
pguIMP	98	cran	FALSE
piglet	98	cran	FALSE
plantTracker	98	cran	FALSE
PLreg	98	cran	FALSE
plumbertableau	98	cran	FALSE
pminternal	98	cran	FALSE
pmlbr	98	cran	FALSE
pmxpartab	98	cran	FALSE
poisson_glm_mix	98	cran	FALSE
pompp	98	cran	FALSE
POSSA	98	cran	FALSE
pprof	98	cran	FALSE
ProDenICA	98	cran	FALSE
ptable	98	cran	FALSE
Qploidy	98	cran	FALSE
r2social	98	cran	FALSE
RABR	98	cran	FALSE
RadData	98	cran	FALSE
randomUniformForest	98	cran	FALSE
RcppBlaze	98	cran	FALSE
rDataPipeline	98	cran	FALSE
readroper	98	cran	FALSE
rmBayes	98	cran	FALSE
robber	98	cran	FALSE
rocker	98	cran	FALSE
RPhosFate	98	cran	FALSE
rplotengine	98	cran	FALSE
rpyANTs	98	cran	FALSE
rSFA	98	cran	FALSE
rslp	98	cran	FALSE
sae_projection	98	cran	FALSE
SafeVote	98	cran	FALSE
sazedR	98	cran	FALSE
SEA	98	cran	FALSE
semantic_dashboard	98	cran	FALSE
simodels	98	cran	FALSE
sindyr	98	cran	FALSE
sitreeE	98	cran	FALSE
SleepCycles	98	cran	FALSE
SMM	98	cran	FALSE
SMMT	98	cran	FALSE
sodavis	98	cran	FALSE
sound	98	cran	FALSE
speech	98	cran	FALSE
spFSR	98	cran	FALSE
SPlit	98	cran	FALSE
ssr	98	cran	FALSE
SSsimple	98	cran	FALSE
StepwiseTest	98	cran	FALSE
StochBlock	98	cran	FALSE
survRM2adapt	98	cran	FALSE
svKomodo	98	cran	FALSE
syn	98	cran	FALSE
tipitaka	98	cran	FALSE
TopDom	98	cran	FALSE
TPLSr	98	cran	FALSE
trouBBlme4SolveR	98	cran	FALSE
TSEntropies	98	cran	FALSE
TwoRegression	98	cran	FALSE
UnifiedDoseFinding	98	cran	FALSE
uniqtag	98	cran	FALSE
upstartr	98	cran	FALSE
valhallr	98	cran	FALSE
vangogh	98	cran	FALSE
VARcpDetectOnline	98	cran	FALSE
via	98	cran	FALSE
visualpred	98	cran	FALSE
weird	98	cran	FALSE
worrrd	98	cran	FALSE
xega	98	cran	FALSE
yuimaGUI	98	cran	FALSE
agghoo	97	cran	FALSE
AMCTestmakeR	97	cran	FALSE
anoint	97	cran	FALSE
appRiori	97	cran	FALSE
argo	97	cran	FALSE
AssocBin	97	cran	FALSE
autokeras	97	cran	FALSE
autoshiny	97	cran	FALSE
aws_kms	97	cran	FALSE
babel	97	cran	FALSE
bacr	97	cran	FALSE
bayeslongitudinal	97	cran	FALSE
bigMICE	97	cran	FALSE
bikeshare14	97	cran	FALSE
blockcluster	97	cran	FALSE
BondValuation	97	cran	FALSE
bootwar	97	cran	FALSE
bpAcc	97	cran	FALSE
BPrinStratTTE	97	cran	FALSE
casimir	97	cran	FALSE
cdgd	97	cran	FALSE
Certara_RsNLME_ModelBuilder	97	cran	FALSE
chlorpromazineR	97	cran	FALSE
CircOutlier	97	cran	FALSE
clickableImageMap	97	cran	FALSE
ClickClust	97	cran	FALSE
coder	97	cran	FALSE
cohortBuilder	97	cran	FALSE
ComRiskModel	97	cran	FALSE
CondiS	97	cran	FALSE
countdown	97	cran	FALSE
CPGLIB	97	cran	FALSE
cpsurvsim	97	cran	FALSE
ctqr	97	cran	FALSE
CTTShiny	97	cran	FALSE
cuRe	97	cran	FALSE
cvcrand	97	cran	FALSE
dabr	97	cran	FALSE
dang	97	cran	FALSE
dataspice	97	cran	FALSE
DescribeDF	97	cran	FALSE
divseg	97	cran	FALSE
dlib	97	cran	FALSE
dpkg	97	cran	FALSE
dragracer	97	cran	FALSE
DSjobtracker	97	cran	FALSE
earthtones	97	cran	FALSE
easyDes	97	cran	FALSE
eHOF	97	cran	FALSE
EKMCMC	97	cran	FALSE
envvar	97	cran	FALSE
epanetReader	97	cran	FALSE
epr	97	cran	FALSE
esaddle	97	cran	FALSE
exCon	97	cran	FALSE
EZtune	97	cran	FALSE
factor_switching	97	cran	FALSE
fancycut	97	cran	FALSE
faq	97	cran	FALSE
FBFsearch	97	cran	FALSE
federalregister	97	cran	FALSE
frab	97	cran	FALSE
frailtyMMpen	97	cran	FALSE
freqpcr	97	cran	FALSE
frontiles	97	cran	FALSE
functiondepends	97	cran	FALSE
GARCHSK	97	cran	FALSE
GCPM	97	cran	FALSE
geeCRT	97	cran	FALSE
geesmv	97	cran	FALSE
ggauto	97	cran	FALSE
ggBubbles	97	cran	FALSE
GHRexplore	97	cran	FALSE
glmc	97	cran	FALSE
glossr	97	cran	FALSE
goalp	97	cran	FALSE
graphPAF	97	cran	FALSE
HyRiM	97	cran	FALSE
iapws	97	cran	FALSE
ibmsunburst	97	cran	FALSE
iDINGO	97	cran	FALSE
iMediate	97	cran	FALSE
IMIX	97	cran	FALSE
IndexConstruction	97	cran	FALSE
IPEDSuploadables	97	cran	FALSE
isobxr	97	cran	FALSE
JacobiEigen	97	cran	FALSE
kaos	97	cran	FALSE
kernstadapt	97	cran	FALSE
kgc	97	cran	FALSE
kindisperse	97	cran	FALSE
kindling	97	cran	FALSE
kml	97	cran	TRUE
KnockoffTrio	97	cran	FALSE
kntnr	97	cran	FALSE
LabApplStat	97	cran	FALSE
lans2r	97	cran	FALSE
latexSymb	97	cran	FALSE
LDM	97	cran	FALSE
lest	97	cran	FALSE
lexRankr	97	cran	FALSE
lightparser	97	cran	FALSE
localgauss	97	cran	FALSE
logconcens	97	cran	FALSE
longitudinalcascade	97	cran	FALSE
loon_shiny	97	cran	FALSE
lrgs	97	cran	FALSE
ManagedCloudProvider	97	cran	FALSE
mcmcensemble	97	cran	FALSE
MetabolomicsBasics	97	cran	FALSE
MHD	97	cran	FALSE
MicrobTiSDA	97	cran	FALSE
microsynth	97	cran	FALSE
miniMeta	97	cran	FALSE
mintyr	97	cran	FALSE
mipplot	97	cran	FALSE
MiRNAQCD	97	cran	FALSE
MixRF	97	cran	FALSE
mlmi	97	cran	FALSE
mlquantify	97	cran	FALSE
MNS	97	cran	FALSE
moodlequizR	97	cran	FALSE
MRG	97	cran	FALSE
mscstexta4r	97	cran	FALSE
multibridge	97	cran	FALSE
multiDimBio	97	cran	FALSE
MUS	97	cran	FALSE
nat_nblast	97	cran	FALSE
nlmm	97	cran	FALSE
noisemodel	97	cran	FALSE
oaColors	97	cran	FALSE
OBsMD	97	cran	FALSE
ODRF	97	cran	FALSE
oldr	97	cran	FALSE
onmaRg	97	cran	FALSE
optedr	97	cran	FALSE
OptimalDesign	97	cran	FALSE
OSMscale	97	cran	FALSE
partitionComparison	97	cran	FALSE
pcmabc	97	cran	FALSE
PELVIS	97	cran	FALSE
peopleanalyticsdata	97	cran	FALSE
permubiome	97	cran	FALSE
personalr	97	cran	FALSE
PlotBivInvGaus	97	cran	FALSE
pmd	97	cran	FALSE
pogit	97	cran	FALSE
population	97	cran	FALSE
POSTm	97	cran	FALSE
predictrace	97	cran	FALSE
ProfessR	97	cran	FALSE
ProPublicaR	97	cran	FALSE
pwlmm	97	cran	FALSE
pyMTurkR	97	cran	FALSE
qbrms	97	cran	FALSE
rankinma	97	cran	FALSE
readABF	97	cran	FALSE
refinr	97	cran	FALSE
replicatedpp2w	97	cran	FALSE
reservoir	97	cran	FALSE
rfacts	97	cran	FALSE
Rmonize	97	cran	FALSE
RobGARCHBoot	97	cran	FALSE
robust2sls	97	cran	TRUE
rollinglda	97	cran	FALSE
roughnet	97	cran	FALSE
rrepast	97	cran	FALSE
RVCompare	97	cran	FALSE
RViennaCL	97	cran	FALSE
satres	97	cran	FALSE
sBIC	97	cran	FALSE
scGOclust	97	cran	FALSE
sgPLS	97	cran	FALSE
shattering	97	cran	FALSE
ShellChron	97	cran	FALSE
shiny_destroy	97	cran	FALSE
shinyDND	97	cran	FALSE
Skillings_Mack	97	cran	FALSE
SoundexBR	97	cran	FALSE
SpatialVS	97	cran	FALSE
spcadjust	97	cran	FALSE
stmgp	97	cran	FALSE
StratPal	97	cran	FALSE
SuessR	97	cran	FALSE
survobj	97	cran	FALSE
SymTS	97	cran	FALSE
tablerDash	97	cran	FALSE
tangram_pipe	97	cran	FALSE
tashu	97	cran	FALSE
tdata	97	cran	FALSE
TExPosition	97	cran	FALSE
tilemaps	97	cran	FALSE
timedelay	97	cran	FALSE
touch	97	cran	FALSE
treestructure	97	cran	FALSE
VALERIE	97	cran	FALSE
VIC5	97	cran	FALSE
vimpclust	97	cran	FALSE
VLF	97	cran	FALSE
vtype	97	cran	FALSE
WaveSampling	97	cran	FALSE
weightedGCM	97	cran	FALSE
xvm	97	cran	FALSE
zebu	97	cran	FALSE
abodOutlier	96	cran	FALSE
alpha_correction_bh	96	cran	FALSE
anabel	96	cran	FALSE
AnchorRegression	96	cran	FALSE
aniview	96	cran	FALSE
ApplyPolygenicScore	96	cran	FALSE
aqfig	96	cran	FALSE
ArchaeoPhases_dataset	96	cran	FALSE
area	96	cran	FALSE
armspp	96	cran	FALSE
astroFns	96	cran	FALSE
aws_wrfsmn	96	cran	FALSE
bigSurvSGD	96	cran	FALSE
binomCI	96	cran	FALSE
BinSegBstrap	96	cran	FALSE
BipartiteModularityMaximization	96	cran	FALSE
BosonSampling	96	cran	FALSE
Branching	96	cran	FALSE
cacc	96	cran	FALSE
carbonr	96	cran	FALSE
care4cmodel	96	cran	FALSE
catfun	96	cran	FALSE
cepiigeodist	96	cran	FALSE
chem16S	96	cran	FALSE
citrus	96	cran	FALSE
cmahalanobis	96	cran	FALSE
CMapViz	96	cran	FALSE
CMatching	96	cran	FALSE
CNPS	96	cran	FALSE
ColombiAPI	96	cran	FALSE
CompModels	96	cran	FALSE
Conigrave	96	cran	FALSE
copre	96	cran	FALSE
CorrMixed	96	cran	FALSE
cpp11eigen	96	cran	FALSE
CreditRisk	96	cran	FALSE
dafs	96	cran	FALSE
dagwood	96	cran	FALSE
ddtlcm	96	cran	FALSE
deepgmm	96	cran	FALSE
describer	96	cran	FALSE
DIFlasso	96	cran	FALSE
DIGSS	96	cran	FALSE
DImodelsVis	96	cran	FALSE
dissever	96	cran	FALSE
distributionsrd	96	cran	FALSE
DOIcreator	96	cran	FALSE
doolkit	96	cran	FALSE
downsize	96	cran	FALSE
dunlin	96	cran	FALSE
ecdfHT	96	cran	FALSE
ecocbo	96	cran	FALSE
ecosim	96	cran	FALSE
eHDPrep	96	cran	FALSE
EIAapi	96	cran	FALSE
EloOptimized	96	cran	FALSE
EstimDiagnostics	96	cran	FALSE
exact_n	96	cran	FALSE
extremis	96	cran	FALSE
FCO	96	cran	FALSE
felp	96	cran	FALSE
fgui	96	cran	FALSE
finity	96	cran	FALSE
fitbitr	96	cran	FALSE
FlyingR	96	cran	FALSE
forestControl	96	cran	FALSE
forestinventory	96	cran	FALSE
GenMarkov	96	cran	FALSE
geno2proteo	96	cran	FALSE
gFormulaMI	96	cran	FALSE
ggcompare	96	cran	FALSE
ggredist	96	cran	FALSE
ggtikz	96	cran	FALSE
GMDH2	96	cran	FALSE
goldfish	96	cran	FALSE
GROAN	96	cran	FALSE
guardianapi	96	cran	FALSE
GWlasso	96	cran	FALSE
hdfqlr	96	cran	FALSE
HDSinRdata	96	cran	FALSE
healthbR	96	cran	FALSE
hwde	96	cran	FALSE
HydroMe	96	cran	FALSE
iadf	96	cran	FALSE
ibelief	96	cran	FALSE
idiolect	96	cran	FALSE
ispd	96	cran	FALSE
ivtools	96	cran	FALSE
jds_rmd	96	cran	FALSE
kcpRS	96	cran	FALSE
kernelPhil	96	cran	FALSE
kmc	96	cran	FALSE
ldaPrototype	96	cran	FALSE
LearnClust	96	cran	FALSE
LFApp	96	cran	FALSE
linguisticsdown	96	cran	FALSE
lspartition	96	cran	FALSE
ltmix	96	cran	FALSE
materialmodifier	96	cran	FALSE
matman	96	cran	FALSE
maximin	96	cran	FALSE
memgene	96	cran	FALSE
memofunc	96	cran	FALSE
merror	96	cran	FALSE
metadynminer3d	96	cran	FALSE
metaEnsembleR	96	cran	FALSE
mFDP	96	cran	FALSE
MIIPW	96	cran	FALSE
mixedMem	96	cran	FALSE
ML_MSBD	96	cran	FALSE
mmibain	96	cran	FALSE
mpmcorrelogram	96	cran	FALSE
MSigSeg	96	cran	FALSE
mstDIF	96	cran	FALSE
MSUthemes	96	cran	FALSE
multimix	96	cran	FALSE
multiridge	96	cran	FALSE
MVisAGe	96	cran	FALSE
NaileR	96	cran	FALSE
NeuroDecodeR	96	cran	FALSE
oaPlots	96	cran	FALSE
oddstream	96	cran	FALSE
OenoKPM	96	cran	FALSE
OpenMindat	96	cran	FALSE
optionstrat	96	cran	FALSE
outlierensembles	96	cran	FALSE
paramGUI	96	cran	FALSE
PenCoxFrail	96	cran	FALSE
pGRN	96	cran	FALSE
phenex	96	cran	FALSE
PNDSIBGE	96	cran	FALSE
pointdensityP	96	cran	FALSE
PolyPatEx	96	cran	FALSE
poputils	96	cran	FALSE
ProbeDeveloper	96	cran	FALSE
psica	96	cran	FALSE
qape	96	cran	FALSE
r2pptx	96	cran	FALSE
RAGFlowChainR	96	cran	FALSE
RAMpath	96	cran	FALSE
rbi_helpers	96	cran	FALSE
RCTS	96	cran	FALSE
RECA	96	cran	FALSE
refuge	96	cran	FALSE
remedy	96	cran	FALSE
repolr	96	cran	FALSE
result	96	cran	FALSE
RGCxGC	96	cran	FALSE
Riex	96	cran	FALSE
ripc	96	cran	FALSE
riskSimul	96	cran	FALSE
robnptests	96	cran	FALSE
robStepSplitReg	96	cran	FALSE
Rpadrino	96	cran	FALSE
rsmatrix	96	cran	FALSE
RTFA	96	cran	FALSE
rTG	96	cran	FALSE
sbrl	96	cran	FALSE
sedproxy	96	cran	FALSE
shinyfullscreen	96	cran	FALSE
shoredate	96	cran	FALSE
sicegar	96	cran	FALSE
siera	96	cran	FALSE
simplace	96	cran	FALSE
simsl	96	cran	FALSE
smile	96	cran	FALSE
smss	96	cran	FALSE
starma	96	cran	FALSE
subrank	96	cran	FALSE
SunsVoc	96	cran	FALSE
SurfaceTortoise	96	cran	FALSE
swdft	96	cran	FALSE
sylcount	96	cran	FALSE
Tariff	96	cran	FALSE
timeLineGraphics	96	cran	FALSE
tsibbletalk	96	cran	FALSE
twc	96	cran	FALSE
txshift	96	cran	FALSE
umiAnalyzer	96	cran	FALSE
unsystation	96	cran	FALSE
VARshrink	96	cran	FALSE
VC2copula	96	cran	FALSE
VEwaningVariant	96	cran	FALSE
VSOLassoBag	96	cran	FALSE
WaveletANN	96	cran	FALSE
wdnr_gis	96	cran	FALSE
webglobe	96	cran	FALSE
windex	96	cran	FALSE
xegaDfGene	96	cran	FALSE
xptr	96	cran	FALSE
ypr	96	cran	FALSE
agriReg	95	cran	FALSE
ags	95	cran	FALSE
ambit	95	cran	FALSE
api2lm	95	cran	FALSE
aspline	95	cran	FALSE
atmopt	95	cran	FALSE
avocado	95	cran	FALSE
AZIAD	95	cran	FALSE
bacistool	95	cran	FALSE
bark	95	cran	FALSE
basicdrm	95	cran	FALSE
BayesMallowsSMC2	95	cran	FALSE
BHAI	95	cran	FALSE
BioPET	95	cran	FALSE
bodsr	95	cran	FALSE
BoneDensityMapping	95	cran	FALSE
bpr	95	cran	FALSE
bscui	95	cran	FALSE
businessPlanR	95	cran	FALSE
BwQuant	95	cran	FALSE
catseyes	95	cran	FALSE
cauphy	95	cran	FALSE
ccid	95	cran	FALSE
cepreader	95	cran	FALSE
CeRNASeek	95	cran	FALSE
Certara_ModelResults	95	cran	FALSE
cfid	95	cran	FALSE
chinese_misc	95	cran	FALSE
CIfinder	95	cran	FALSE
citationchaser	95	cran	FALSE
ClimInd	95	cran	FALSE
CoastlineFD	95	cran	FALSE
collin	95	cran	FALSE
condorOptions	95	cran	FALSE
condTruncMVN	95	cran	FALSE
contTimeCausal	95	cran	FALSE
corpus	95	cran	TRUE
CortSineScore	95	cran	FALSE
cyclotomic	95	cran	FALSE
dagirlite	95	cran	FALSE
Dasst	95	cran	FALSE
dbnlearn	95	cran	FALSE
debiasedTrialEmulation	95	cran	FALSE
DeCAFS	95	cran	FALSE
default	95	cran	FALSE
demodelr	95	cran	FALSE
dibble	95	cran	FALSE
DICOMread	95	cran	FALSE
dissCqN	95	cran	FALSE
dmtools	95	cran	FALSE
Durga	95	cran	FALSE
earlyR	95	cran	FALSE
econid	95	cran	FALSE
ecopower	95	cran	FALSE
eFRED	95	cran	FALSE
EnvNJ	95	cran	FALSE
Equalden_HD	95	cran	FALSE
ER	95	cran	FALSE
esaps	95	cran	FALSE
ExclusionTable	95	cran	FALSE
experimentr	95	cran	FALSE
FADPclust	95	cran	FALSE
familial	95	cran	FALSE
fastqq	95	cran	FALSE
fetch	95	cran	FALSE
fitConic	95	cran	FALSE
fitteR	95	cran	FALSE
FKSUM	95	cran	FALSE
flocker	95	cran	FALSE
fracprolif	95	cran	FALSE
frair	95	cran	FALSE
g_data	95	cran	FALSE
gbm2sas	95	cran	FALSE
GenAlgo	95	cran	FALSE
GeneticSubsetter	95	cran	FALSE
GetQuandlData	95	cran	FALSE
ggx	95	cran	FALSE
GitAI	95	cran	FALSE
glmvsd	95	cran	FALSE
GLSME	95	cran	FALSE
gmpoly	95	cran	FALSE
gnomonicM	95	cran	FALSE
GramQuad	95	cran	FALSE
GrpString	95	cran	FALSE
GSA_UN	95	cran	FALSE
guiplot	95	cran	FALSE
H2x2Factorial	95	cran	FALSE
habtools	95	cran	FALSE
hclust1d	95	cran	FALSE
heapsofpapers	95	cran	FALSE
histoslider	95	cran	FALSE
HSAR	95	cran	FALSE
HTT	95	cran	FALSE
hydra	95	cran	FALSE
IATscores	95	cran	FALSE
ICcalib	95	cran	FALSE
icecream	95	cran	FALSE
interlineaR	95	cran	FALSE
KappaGUI	95	cran	FALSE
kelvin	95	cran	FALSE
LCMCR	95	cran	FALSE
ldmppr	95	cran	FALSE
LeafArea	95	cran	FALSE
LOGAN	95	cran	FALSE
lpint	95	cran	FALSE
LSMRealOptions	95	cran	FALSE
lspls	95	cran	FALSE
maicChecks	95	cran	FALSE
MAPCtools	95	cran	FALSE
MaximinInfer	95	cran	FALSE
MazamaSpatialPlots	95	cran	FALSE
MAZE	95	cran	FALSE
metaheuristicOpt	95	cran	FALSE
MGSDA	95	cran	FALSE
modelDown	95	cran	FALSE
mongopipe	95	cran	FALSE
MSCsimtester	95	cran	FALSE
MSinference	95	cran	FALSE
mulgar	95	cran	FALSE
nic	95	cran	FALSE
nlmeVPC	95	cran	FALSE
noah	95	cran	FALSE
npcs	95	cran	FALSE
npsp	95	cran	FALSE
NutrienTrackeR	95	cran	FALSE
ockc	95	cran	FALSE
ODS	95	cran	FALSE
OkNNE	95	cran	FALSE
OneStep	95	cran	FALSE
openesm	95	cran	FALSE
OSLdecomposition	95	cran	FALSE
param2moment	95	cran	FALSE
peruse	95	cran	FALSE
phdcocktail	95	cran	FALSE
PhysActBedRest	95	cran	FALSE
plot4fun	95	cran	FALSE
polarzonoid	95	cran	FALSE
POV	95	cran	FALSE
promotionImpact	95	cran	FALSE
PSGD	95	cran	FALSE
publipha	95	cran	FALSE
QI	95	cran	FALSE
qsub	95	cran	FALSE
rakeR	95	cran	FALSE
rankdist	95	cran	FALSE
rbmn	95	cran	FALSE
RBtest	95	cran	FALSE
recommenderlabJester	95	cran	FALSE
regda	95	cran	FALSE
registr	95	cran	FALSE
regtomean	95	cran	FALSE
RelimpPCR	95	cran	FALSE
resourcecode	95	cran	FALSE
restez	95	cran	FALSE
rgoogleclassroom	95	cran	FALSE
rjdmarkdown	95	cran	FALSE
rmlnomogram	95	cran	FALSE
roughsf	95	cran	FALSE
RWDataPlyr	95	cran	FALSE
saqgetr	95	cran	FALSE
ShapeSelectForest	95	cran	FALSE
ShiftShareSE	95	cran	FALSE
shinypanel	95	cran	FALSE
simboot	95	cran	FALSE
simulist	95	cran	FALSE
sketch	95	cran	FALSE
sketchy	95	cran	FALSE
SKNN	95	cran	FALSE
SPARRAfairness	95	cran	FALSE
SplitGLM	95	cran	FALSE
spm2	95	cran	FALSE
SSplots	95	cran	FALSE
statConfR	95	cran	FALSE
stepmixr	95	cran	FALSE
STMr	95	cran	FALSE
SurvDisc	95	cran	FALSE
svSweave	95	cran	FALSE
Sysrecon	95	cran	FALSE
tailTransform	95	cran	FALSE
TANDEM	95	cran	FALSE
toolbox	95	cran	FALSE
tradeoffaucdim	95	cran	FALSE
treesliceR	95	cran	FALSE
tsdisagg2	95	cran	FALSE
UpAndDownPlots	95	cran	FALSE
vecsets	95	cran	FALSE
vigicaen	95	cran	FALSE
vita	95	cran	FALSE
vprint	95	cran	FALSE
vrnmf	95	cran	FALSE
workloopR	95	cran	FALSE
wwntests	95	cran	FALSE
wyz_code_testthat	95	cran	FALSE
xutils	95	cran	FALSE
YPPE	95	cran	FALSE
alqrfe	94	cran	FALSE
averisk	94	cran	FALSE
Bayenet	94	cran	FALSE
BayesBP	94	cran	FALSE
BayesGmed	94	cran	FALSE
BayesRS	94	cran	FALSE
bccp	94	cran	FALSE
bgmfiles	94	cran	FALSE
bidux	94	cran	FALSE
BioTrajectory	94	cran	TRUE
birankr	94	cran	FALSE
BoltzMM	94	cran	FALSE
bruneimap	94	cran	FALSE
bursts	94	cran	FALSE
BVARverse	94	cran	FALSE
calibrationband	94	cran	FALSE
cartographr	94	cran	FALSE
cascadeSelect	94	cran	FALSE
catregs	94	cran	FALSE
ccpsyc	94	cran	FALSE
ChestVolume	94	cran	FALSE
chronicle	94	cran	FALSE
cms	94	cran	FALSE
cmtest	94	cran	FALSE
codename	94	cran	FALSE
colt	94	cran	FALSE
complex	94	cran	FALSE
condor	94	cran	FALSE
ConNEcT	94	cran	FALSE
connector	94	cran	FALSE
coreNLP	94	cran	FALSE
corkscrew	94	cran	FALSE
crossrun	94	cran	FALSE
csranks	94	cran	FALSE
dauphin	94	cran	FALSE
ddst	94	cran	FALSE
DemoKin	94	cran	FALSE
devoid	94	cran	FALSE
dga	94	cran	FALSE
DirectedClustering	94	cran	FALSE
dissimilarities	94	cran	FALSE
distrr	94	cran	FALSE
DOS2	94	cran	FALSE
dostats	94	cran	FALSE
dracor	94	cran	FALSE
drimmR	94	cran	FALSE
drought	94	cran	FALSE
DRviaSPCN	94	cran	FALSE
dtreg	94	cran	FALSE
dyads	94	cran	FALSE
easysurv	94	cran	FALSE
eDNAjoint	94	cran	FALSE
EEMDelm	94	cran	FALSE
EffectTreat	94	cran	FALSE
emplikAUC	94	cran	FALSE
enerscape	94	cran	FALSE
envstat	94	cran	FALSE
ePCR	94	cran	FALSE
epocakir	94	cran	FALSE
estimraw	94	cran	FALSE
evolvability	94	cran	FALSE
exams2forms	94	cran	FALSE
expDB	94	cran	FALSE
Familias	94	cran	FALSE
fishdata	94	cran	FALSE
fitplc	94	cran	FALSE
foretell	94	cran	FALSE
fplyr	94	cran	FALSE
fptdApprox	94	cran	FALSE
freecurrencyapi	94	cran	FALSE
fsemipar	94	cran	FALSE
fspe	94	cran	FALSE
fsr	94	cran	FALSE
futility	94	cran	FALSE
gamRR	94	cran	FALSE
GCPBayes	94	cran	FALSE
geeLite	94	cran	FALSE
GEEmediate	94	cran	FALSE
genesysr	94	cran	FALSE
geogenr	94	cran	FALSE
GeRnika	94	cran	FALSE
GEVACO	94	cran	FALSE
gkgraphR	94	cran	FALSE
glmmEP	94	cran	FALSE
gpmap	94	cran	FALSE
gsEasy	94	cran	FALSE
hdpca	94	cran	FALSE
henna	94	cran	FALSE
hicp	94	cran	FALSE
hierarchicalSets	94	cran	FALSE
icardaFIGSr	94	cran	FALSE
icensBKL	94	cran	FALSE
image_LineSegmentDetector	94	cran	FALSE
interca	94	cran	FALSE
jmatrix	94	cran	FALSE
kernscr	94	cran	FALSE
kml3d	94	cran	TRUE
knitxl	94	cran	FALSE
KRIS	94	cran	FALSE
ldamatch	94	cran	FALSE
limorhyde2	94	cran	FALSE
lincom	94	cran	FALSE
LipinskiFilters	94	cran	FALSE
LLM	94	cran	FALSE
loder	94	cran	FALSE
macrosyntR	94	cran	FALSE
manhplot	94	cran	FALSE
mcboost	94	cran	FALSE
MCMC_qpcr	94	cran	FALSE
medfateland	94	cran	FALSE
mediateP	94	cran	FALSE
MetaSubtract	94	cran	FALSE
misclassGLM	94	cran	FALSE
MixTwice	94	cran	FALSE
MLGL	94	cran	FALSE
mllrnrs	94	cran	FALSE
mmb	94	cran	FALSE
MNB	94	cran	FALSE
multitool	94	cran	FALSE
naive	94	cran	FALSE
nltm	94	cran	FALSE
noia	94	cran	FALSE
noisyr	94	cran	FALSE
nsga3	94	cran	FALSE
nsROC	94	cran	FALSE
NUCOMBog	94	cran	FALSE
obfuscatoR	94	cran	FALSE
omicsTools	94	cran	FALSE
OPSR	94	cran	FALSE
OptCirClust	94	cran	FALSE
optimCheck	94	cran	FALSE
optimLanduse	94	cran	FALSE
optimStrat	94	cran	FALSE
palm	94	cran	FALSE
pAnalysis	94	cran	FALSE
parttree	94	cran	FALSE
PBD	94	cran	FALSE
PCMRS	94	cran	FALSE
phers	94	cran	FALSE
PlanetNICFI	94	cran	FALSE
pocrm	94	cran	FALSE
PoisNor	94	cran	FALSE
PoPdesign	94	cran	FALSE
populR	94	cran	FALSE
PPTcirc	94	cran	FALSE
PRIMME	94	cran	FALSE
pumilioR	94	cran	FALSE
PVR	94	cran	FALSE
r4lineups	94	cran	FALSE
ReadDIM	94	cran	FALSE
REDCapCAST	94	cran	FALSE
retriever	94	cran	FALSE
rfviz	94	cran	FALSE
rhcoclust	94	cran	FALSE
rKolada	94	cran	FALSE
rmpw	94	cran	FALSE
RNAshapeQC	94	bioc_fallback_rank	FALSE
robflreg	94	cran	FALSE
ROCS	94	cran	FALSE
ropercenter	94	cran	FALSE
rpaleoclim	94	cran	FALSE
rviewgraph	94	cran	FALSE
SADISA	94	cran	FALSE
sca	94	cran	FALSE
scDIFtest	94	cran	FALSE
SEMdeep	94	cran	FALSE
sfislands	94	cran	FALSE
sgo	94	cran	FALSE
sievePH	94	cran	FALSE
slideview	94	cran	FALSE
smvgraph	94	cran	FALSE
smvr	94	cran	FALSE
spass	94	cran	FALSE
spinBayes	94	cran	FALSE
ssc	94	cran	FALSE
ssMousetrack	94	cran	FALSE
StabilizedRegression	94	cran	FALSE
stagedtrees	94	cran	FALSE
statgenQTLxT	94	cran	FALSE
stortingscrape	94	cran	FALSE
structree	94	cran	FALSE
surveyCV	94	cran	FALSE
sym_arma	94	cran	FALSE
symbol_equation_gpt	94	cran	FALSE
T4cluster	94	cran	FALSE
tacmagic	94	cran	FALSE
telemetR	94	cran	FALSE
tggd	94	cran	FALSE
TGS	94	cran	FALSE
tidyplate	94	cran	FALSE
tind	94	cran	FALSE
toprdata	94	cran	FALSE
traitstrap	94	cran	FALSE
tugboat	94	cran	FALSE
utilsIPEA	94	cran	FALSE
VisualizeSimon2Stage	94	cran	FALSE
vvauditor	94	cran	FALSE
WallomicsData	94	cran	FALSE
xegaDerivationTrees	94	cran	FALSE
aamatch	93	cran	FALSE
actogrammr	93	cran	FALSE
admmDensestSubmatrix	93	cran	FALSE
ADP	93	cran	FALSE
aiRly	93	cran	FALSE
ALDEx3	93	cran	FALSE
altR2	93	cran	FALSE
ANSM5	93	cran	FALSE
aplotExtra	93	cran	FALSE
AQuality	93	cran	FALSE
archeofrag_gui	93	cran	FALSE
ashapesampler	93	cran	FALSE
AtlasMaker	93	cran	FALSE
auRoc	93	cran	FALSE
automerge	93	cran	TRUE
Autoplotprotein	93	cran	FALSE
basf	93	cran	FALSE
bate	93	cran	FALSE
batteryreduction	93	cran	FALSE
BayesDissolution	93	cran	FALSE
BayesFluxR	93	cran	FALSE
BayesProject	93	cran	FALSE
bdribs	93	cran	FALSE
BDWreg	93	cran	FALSE
Bestie	93	cran	FALSE
BetaPASS	93	cran	FALSE
biclust	93	cran	FALSE
bigBits	93	cran	FALSE
BiostatsUHNplus	93	cran	FALSE
BiVariAn	93	cran	FALSE
bivgeom	93	cran	FALSE
blink	93	cran	FALSE
cancerGI	93	cran	FALSE
causalBatch	93	cran	FALSE
CautiousLearning	93	cran	FALSE
ccTensor	93	cran	FALSE
CEEMDANML	93	cran	FALSE
CGManalyzer	93	cran	FALSE
changer	93	cran	FALSE
CircularSilhouette	93	cran	FALSE
climodr	93	cran	FALSE
ClinicalTrialSummary	93	cran	FALSE
ClinicalUtilityRecal	93	cran	FALSE
cloneRate	93	cran	FALSE
clusterGGM	93	cran	FALSE
codecountR	93	cran	FALSE
cointmonitoR	93	cran	FALSE
CompositionalRF	93	cran	FALSE
contingency	93	cran	FALSE
corrsieve	93	cran	FALSE
corset	93	cran	FALSE
cTMed	93	cran	FALSE
ctmva	93	cran	FALSE
CTNote	93	cran	FALSE
curesurv	93	cran	FALSE
cxxfunplus	93	cran	FALSE
dani	93	cran	FALSE
DBNMFrank	93	cran	FALSE
DCPO	93	cran	FALSE
DecorateR	93	cran	FALSE
deltaccd	93	cran	FALSE
detrendeR	93	cran	FALSE
dynatop	93	cran	FALSE
ecoreg	93	cran	FALSE
ecostatscale	93	cran	FALSE
EcotoneFinder	93	cran	FALSE
electoral	93	cran	FALSE
elsa	93	cran	FALSE
ESG	93	cran	FALSE
eSIR	93	cran	FALSE
faersquarterlydata	93	cran	FALSE
finnsurveytext	93	cran	FALSE
fitlandr	93	cran	FALSE
flint	93	cran	FALSE
flying	93	cran	FALSE
fqadata	93	cran	FALSE
fracdist	93	cran	FALSE
funspotr	93	cran	FALSE
GenWin	93	cran	FALSE
geslaR	93	cran	FALSE
gestalt	93	cran	FALSE
GFM	93	cran	FALSE
gggap	93	cran	FALSE
ggpackets	93	cran	FALSE
gim	93	cran	FALSE
GPRMortality	93	cran	FALSE
growth	93	cran	FALSE
harrietr	93	cran	FALSE
HDcpDetect	93	cran	FALSE
hkdatasets	93	cran	FALSE
HospitalNetwork	93	cran	FALSE
httkexamples	93	cran	FALSE
IDmining	93	cran	FALSE
IDSL_CSA	93	cran	FALSE
inspector	93	cran	FALSE
intkrige	93	cran	FALSE
ivx	93	cran	FALSE
jcext	93	cran	FALSE
k5	93	cran	FALSE
KHQ	93	cran	FALSE
labNorm	93	cran	FALSE
LABTNSCPSS	93	cran	TRUE
Laterality	93	cran	FALSE
latte	93	cran	FALSE
lconnect	93	cran	FALSE
lgrExtra	93	cran	FALSE
LMD	93	cran	FALSE
lmForc	93	cran	FALSE
lowpassFilter	93	cran	FALSE
LPmerge	93	cran	FALSE
lqmix	93	cran	FALSE
maGUI	93	cran	FALSE
makeit	93	cran	FALSE
MAnorm2	93	cran	FALSE
mapcan	93	cran	FALSE
margaret	93	cran	FALSE
matRiks	93	cran	FALSE
mazing	93	cran	FALSE
MCPtests	93	cran	FALSE
mcvis	93	cran	FALSE
mds	93	cran	FALSE
mederrRank	93	cran	FALSE
meta_shrinkage	93	cran	FALSE
metasurvey	93	cran	FALSE
MFDFA	93	cran	FALSE
miRNAss	93	cran	FALSE
missDeaths	93	cran	FALSE
MKclass	93	cran	FALSE
mlrpro	93	cran	FALSE
mmabig	93	cran	FALSE
MNLR	93	cran	FALSE
modehunt	93	cran	FALSE
monotone	93	cran	FALSE
movegroup	93	cran	FALSE
MultEq	93	cran	FALSE
MultiGlarmaVarSel	93	cran	FALSE
MultiKink	93	cran	FALSE
mxfda	93	cran	FALSE
mxkssd	93	cran	FALSE
naflex	93	cran	FALSE
neonSoilFlux	93	cran	FALSE
netseg	93	cran	FALSE
NetWeaver	93	cran	FALSE
nevada	93	cran	FALSE
newsanchor	93	cran	FALSE
nfer	93	cran	FALSE
NiLeDAM	93	cran	FALSE
obliqueRSF	93	cran	FALSE
optimg	93	cran	FALSE
OTrecod	93	cran	FALSE
PAGFL	93	cran	FALSE
pARI	93	cran	FALSE
pedalfast_data	93	cran	FALSE
phase1PRMD	93	cran	FALSE
PhaseType	93	cran	FALSE
PHSMM	93	cran	FALSE
pim	93	cran	FALSE
pinnacle_data	93	cran	FALSE
plotHMM	93	cran	FALSE
PoisBinOrdNonNor	93	cran	FALSE
polySegratio	93	cran	FALSE
pompom	93	cran	FALSE
powerGWASinteraction	93	cran	FALSE
ppmlasso	93	cran	FALSE
preregr	93	cran	FALSE
PROSPER	93	cran	FALSE
pseudohouseholds	93	cran	FALSE
PSsurvival	93	cran	FALSE
PvSTATEM	93	cran	FALSE
qcpm	93	cran	FALSE
QuantileNPCI	93	cran	FALSE
quantilogram	93	cran	FALSE
RAC	93	cran	FALSE
RatingScaleReduction	93	cran	FALSE
rbiodatacr	93	cran	FALSE
rcatfish	93	cran	TRUE
Rdrw	93	cran	FALSE
Rduinoiot	93	cran	FALSE
REMixed	93	cran	FALSE
repoRter_nih	93	cran	FALSE
RGAP	93	cran	FALSE
ROI_plugin_msbinlp	93	cran	FALSE
rtiddlywiki	93	cran	FALSE
samplesizeCMH	93	cran	FALSE
SCoRES	93	cran	FALSE
scoutbaR	93	cran	FALSE
scrobbler	93	cran	FALSE
SDModels	93	cran	FALSE
sensitivitymult	93	cran	FALSE
sglr	93	cran	FALSE
ShapleyValue	93	cran	FALSE
sharpData	93	cran	FALSE
shinySbm	93	cran	FALSE
shrink	93	cran	FALSE
simaerep	93	cran	FALSE
SimEngine	93	cran	FALSE
simphony	93	cran	FALSE
singIST	93	bioc_fallback_rank	FALSE
SMFilter	93	cran	FALSE
socialh	93	cran	FALSE
socialranking	93	cran	FALSE
soql	93	cran	FALSE
SoyURT	93	cran	FALSE
sp23design	93	cran	FALSE
SparseBiplots	93	cran	FALSE
SpatialGraph	93	cran	FALSE
SpatialRDD	93	cran	FALSE
spidR	93	cran	FALSE
splmm	93	cran	FALSE
statisfactory	93	cran	FALSE
stochQN	93	cran	FALSE
svWidgets	93	cran	FALSE
TBEST	93	cran	FALSE
templr	93	cran	FALSE
TensorPreAve	93	cran	FALSE
TEQR	93	cran	FALSE
tgml	93	cran	FALSE
transltr	93	cran	FALSE
trekcolors	93	cran	FALSE
ulrb	93	cran	FALSE
uncertainUCDP	93	cran	FALSE
vegdata	93	cran	TRUE
vital	93	cran	FALSE
vkR	93	cran	FALSE
WaveletArima	93	cran	FALSE
webmap	93	cran	FALSE
weibullness	93	cran	FALSE
woylier	93	cran	FALSE
xSub	93	cran	FALSE
xtranat	93	cran	FALSE
zctaCrosswalk	93	cran	FALSE
zmisc	93	cran	FALSE
ZRA	93	cran	FALSE
aae_pop	92	cran	FALSE
acmgscaler	92	cran	FALSE
ACWR	92	cran	FALSE
adaptalint	92	cran	FALSE
agrostab	92	cran	FALSE
aLBI	92	cran	FALSE
alcoholSurv	92	cran	FALSE
algo	92	cran	FALSE
ambiR	92	cran	FALSE
ankiR	92	cran	FALSE
AnxietySleep	92	cran	FALSE
APFr	92	cran	FALSE
argus	92	cran	FALSE
baselinenowcast	92	cran	FALSE
BayesGrowth	92	cran	FALSE
BayesianMediationA	92	cran	FALSE
Biodem	92	cran	FALSE
BlockCov	92	cran	FALSE
brada	92	cran	FALSE
briKmeans	92	cran	FALSE
bullishTrader	92	cran	FALSE
camerondata	92	cran	FALSE
caseMatch	92	cran	FALSE
CausalMBSTS	92	cran	FALSE
ceas	92	cran	FALSE
cequre	92	cran	FALSE
cgaim	92	cran	FALSE
ChernoffDist	92	cran	FALSE
clustNet	92	cran	FALSE
cocons	92	cran	FALSE
codacore	92	cran	FALSE
codaredistlm	92	cran	FALSE
combinedevents	92	cran	FALSE
command	92	cran	FALSE
concatipede	92	cran	FALSE
concorR	92	cran	FALSE
CorMID	92	cran	FALSE
CPMCGLM	92	cran	FALSE
cuda_ml	92	cran	TRUE
curtailment	92	cran	FALSE
decomposedPSF	92	cran	FALSE
densitr	92	cran	FALSE
DepLogo	92	cran	FALSE
descstat	92	cran	FALSE
desiR	92	cran	FALSE
DTRKernSmooth	92	cran	FALSE
DTwrappers	92	cran	FALSE
ecce	92	cran	FALSE
echo_find	92	cran	FALSE
EffectStars2	92	cran	FALSE
epiphy	92	cran	FALSE
evoTS	92	cran	FALSE
examly	92	cran	FALSE
facerec	92	cran	FALSE
FAO56	92	cran	FALSE
flowmapper	92	cran	FALSE
fomantic_plus	92	cran	FALSE
FormShare	92	cran	FALSE
funkycells	92	cran	FALSE
FusionLearn	92	cran	FALSE
gameR	92	cran	FALSE
GaussianHMM1d	92	cran	FALSE
GB5mcPred	92	cran	FALSE
geeVerse	92	cran	FALSE
genemodel	92	cran	FALSE
geodrawr	92	cran	FALSE
geoelectrics	92	cran	FALSE
getspres	92	cran	FALSE
ggchangepoint	92	cran	FALSE
ggfields	92	cran	FALSE
GInSARCorW	92	cran	FALSE
GlarmaVarSel	92	cran	FALSE
gmvjoint	92	cran	FALSE
googletraffic	92	cran	FALSE
greatR	92	cran	FALSE
grove	92	cran	FALSE
gvcR	92	cran	FALSE
hbmem	92	cran	FALSE
HDRFA	92	cran	FALSE
hmi	92	cran	FALSE
hNMF	92	cran	FALSE
hypothesis	92	cran	FALSE
icensmis	92	cran	FALSE
ifo	92	cran	FALSE
image_CornerDetectionF9	92	cran	FALSE
indexr	92	cran	FALSE
indexthis	92	cran	FALSE
InfiniumPurify	92	cran	FALSE
InspectChangepoint	92	cran	FALSE
isogeochem	92	cran	FALSE
JointFPM	92	cran	FALSE
jordan	92	cran	FALSE
jpcity	92	cran	FALSE
kerTests	92	cran	FALSE
kesernetwork	92	cran	FALSE
kgschart	92	cran	FALSE
KinMixLite	92	cran	FALSE
KMD	92	cran	FALSE
ktaucenters	92	cran	FALSE
lamle	92	cran	FALSE
LBDiscover	92	cran	FALSE
LGEWIS	92	cran	FALSE
malaytextr	92	cran	FALSE
memor	92	cran	FALSE
MeTo	92	cran	FALSE
miselect	92	cran	FALSE
mixSPE	92	cran	FALSE
mlstrOpalr	92	cran	FALSE
modernVA	92	cran	FALSE
MoTBFs	92	cran	FALSE
MPBoost	92	cran	FALSE
MRFA	92	cran	FALSE
mscsweblm4r	92	cran	FALSE
MSMwRA	92	cran	FALSE
mStats	92	cran	FALSE
MulvariateRandomForestVarImp	92	cran	FALSE
NetOrigin	92	cran	FALSE
netseer	92	cran	FALSE
NIRStat	92	cran	FALSE
NitrogenUptake2016	92	cran	FALSE
nnGarrote	92	cran	FALSE
NRejections	92	cran	FALSE
NUETON	92	cran	FALSE
OptionPricing	92	cran	FALSE
orthoDr	92	cran	FALSE
pafdR	92	cran	FALSE
pcatsAPIclientR	92	cran	FALSE
PeakError	92	cran	FALSE
pecora	92	cran	FALSE
pepe	92	cran	FALSE
pexm	92	cran	FALSE
phecodemap	92	cran	FALSE
pkgdown_offline	92	cran	FALSE
prefio	92	cran	FALSE
promote	92	cran	FALSE
proverbs	92	cran	FALSE
pscore	92	cran	FALSE
psymetadata	92	cran	FALSE
psyverse	92	cran	FALSE
pTITAN2	92	cran	FALSE
qlcData	92	cran	FALSE
quarrint	92	cran	FALSE
r2spss	92	cran	FALSE
R4GoodPersonalFinances	92	cran	FALSE
RADstackshelpR	92	cran	FALSE
readMLData	92	cran	FALSE
remotePARTS	92	cran	FALSE
rib	92	cran	TRUE
riskdiff	92	cran	FALSE
RmdConcord	92	cran	FALSE
rmerec	92	cran	FALSE
robustbetareg	92	cran	FALSE
ROMDB	92	cran	FALSE
rpmodel	92	cran	FALSE
RQEntangle	92	cran	FALSE
Rramas	92	cran	FALSE
rrr	92	cran	FALSE
rwhatsapp	92	cran	FALSE
Rwhois	92	cran	FALSE
saccadr	92	cran	FALSE
SiFINeT	92	cran	FALSE
SimEUCartelLaw	92	cran	FALSE
SimKid	92	cran	FALSE
simpleCache	92	cran	FALSE
slca	92	cran	FALSE
smof	92	cran	FALSE
snazzieR	92	cran	FALSE
SouthParkRshiny	92	cran	FALSE
sparseCov	92	cran	FALSE
spcr	92	cran	FALSE
speechbr	92	cran	FALSE
speedycode	92	cran	FALSE
sperich	92	cran	FALSE
srm	92	cran	FALSE
ssifs	92	cran	FALSE
ssMutPA	92	cran	FALSE
STREAK	92	cran	FALSE
stripless	92	cran	FALSE
SurrogateTest	92	cran	FALSE
swag	92	cran	FALSE
tabshiftr	92	cran	FALSE
tcgaViz	92	cran	FALSE
TeachHist	92	cran	FALSE
temperatureresponse	92	cran	FALSE
tensorMiss	92	cran	FALSE
tidystopwords	92	cran	FALSE
tidyusmacro	92	cran	FALSE
tradepolicy	92	cran	FALSE
TSLSTMplus	92	cran	FALSE
TSVC	92	cran	FALSE
volatilityTrader	92	cran	FALSE
webSDM	92	cran	FALSE
wpp2010	92	cran	FALSE
xegaPermGene	92	cran	FALSE
zalpha	92	cran	FALSE
aberrance	91	cran	FALSE
AdvBinomApps	91	cran	FALSE
AmmoniaConcentration	91	cran	FALSE
backpipe	91	cran	FALSE
baffle	91	cran	FALSE
barrel	91	cran	FALSE
Battlefield	91	bioc_fallback_rank	FALSE
bayesROE	91	cran	FALSE
bdlp	91	cran	FALSE
befproj	91	cran	FALSE
biosensors_usc	91	cran	FALSE
Blend	91	cran	FALSE
boostingDEA	91	cran	FALSE
bootkmeans	91	cran	FALSE
BSPADATA	91	cran	FALSE
butterflyOptions	91	cran	FALSE
c2z	91	cran	FALSE
calcUnique	91	cran	FALSE
canadamaps	91	cran	FALSE
catnet	91	cran	FALSE
CATT	91	cran	FALSE
causalSLSE	91	cran	FALSE
CBSr	91	cran	FALSE
changepoint_influence	91	cran	FALSE
ChannelAttributionApp	91	cran	FALSE
chartql	91	cran	FALSE
chunkhooks	91	cran	FALSE
cifmodeling	91	cran	FALSE
CJAMP	91	cran	FALSE
CleanBSequences	91	cran	FALSE
clinPK	91	cran	FALSE
CLUSTShiny	91	cran	FALSE
coefa	91	cran	FALSE
collatz	91	cran	FALSE
compas	91	cran	FALSE
compindPCA	91	cran	FALSE
complexlm	91	cran	TRUE
configural	91	cran	FALSE
controlfunctionIV	91	cran	FALSE
convergenceDFM	91	cran	FALSE
copulaSim	91	cran	FALSE
CoRpower	91	cran	FALSE
cosso	91	cran	FALSE
covid19india	91	cran	FALSE
CRABS	91	cran	FALSE
CRTConjoint	91	cran	FALSE
CSESA	91	cran	FALSE
ctrialsgov	91	cran	FALSE
DeBoinR	91	cran	FALSE
DEEVD	91	cran	FALSE
dendrometry	91	cran	FALSE
descstatsr	91	cran	FALSE
dfsaneacc	91	cran	FALSE
DIFM	91	cran	FALSE
digitTests	91	cran	FALSE
DIRECT	91	cran	FALSE
dispeRse	91	cran	FALSE
DOSPortfolio	91	cran	FALSE
dsrTest	91	cran	FALSE
echogram	91	cran	FALSE
ecos	91	cran	FALSE
epca	91	cran	FALSE
epidict	91	cran	FALSE
epitabulate	91	cran	FALSE
ERSA	91	cran	FALSE
esmprep	91	cran	FALSE
EvCombR	91	cran	FALSE
exactLTRE	91	cran	FALSE
expSBM	91	cran	FALSE
fetchGoogleAnalyticsR	91	cran	FALSE
filtro	91	cran	FALSE
frequentistSSD	91	cran	FALSE
funStatTest	91	cran	FALSE
fuzzylink	91	cran	FALSE
gelnet	91	cran	FALSE
genSEIR	91	cran	FALSE
GeoMongo	91	cran	FALSE
ggchord	91	cran	FALSE
GGoutlieR	91	cran	FALSE
GHCNr	91	cran	FALSE
glmnetSE	91	cran	FALSE
gofar	91	cran	FALSE
grapherator	91	cran	FALSE
greenclust	91	cran	FALSE
GrFA	91	cran	FALSE
guess	91	cran	FALSE
GWI	91	cran	FALSE
GWnnegPCA	91	cran	FALSE
gwpcormapper	91	cran	FALSE
handwriterRF	91	cran	FALSE
HistDat	91	cran	FALSE
HKRbook	91	cran	FALSE
hmde	91	cran	FALSE
ICcforest	91	cran	FALSE
igraphinshiny	91	cran	FALSE
iIneq	91	cran	FALSE
incgraph	91	cran	FALSE
inops	91	cran	FALSE
IRTShiny	91	cran	FALSE
its_analysis	91	cran	FALSE
ivdoctr	91	cran	FALSE
JustifyAlpha	91	cran	FALSE
KingCountyHouses	91	cran	FALSE
knitrProgressBar	91	cran	FALSE
languagelayeR	91	cran	FALSE
LassoSIR	91	cran	FALSE
lazyData	91	cran	FALSE
lcars	91	cran	FALSE
ldbod	91	cran	FALSE
LipidomicsR	91	cran	FALSE
lmviz	91	cran	FALSE
LOCOM2	91	cran	FALSE
longclust	91	cran	FALSE
manifesto	91	cran	FALSE
MantaID	91	cran	FALSE
markerpen	91	cran	FALSE
MB	91	cran	FALSE
mediationsens	91	cran	FALSE
metropolis	91	cran	FALSE
micEconIndex	91	cran	FALSE
MissCP	91	cran	FALSE
MitoHEAR	91	cran	FALSE
mlsurvlrnrs	91	cran	FALSE
mmirestriktor	91	cran	FALSE
MoNAn	91	cran	FALSE
monobinShiny	91	cran	FALSE
MQMF	91	cran	FALSE
multibiplotGUI	91	cran	TRUE
multinets	91	cran	FALSE
NHSRwaitinglist	91	cran	FALSE
nivm	91	cran	FALSE
NLPutils	91	cran	FALSE
nnspat	91	cran	FALSE
noaa	91	cran	FALSE
nofrills	91	cran	FALSE
nscancor	91	cran	FALSE
nsm3data	91	cran	FALSE
numberize	91	cran	FALSE
ontoFAST	91	cran	FALSE
otpr	91	cran	FALSE
parsel	91	cran	FALSE
partDSA	91	cran	FALSE
peacots	91	cran	FALSE
ph2bayes	91	cran	FALSE
phreeqc	91	cran	FALSE
phylter	91	cran	FALSE
pixr	91	cran	FALSE
plotGMM	91	cran	FALSE
plotluck	91	cran	FALSE
plotscaper	91	cran	FALSE
practicalSigni	91	cran	FALSE
prismjs	91	cran	FALSE
PSAboot	91	cran	FALSE
psm3mkv	91	cran	FALSE
PSPI	91	cran	FALSE
pvda	91	cran	FALSE
qboxplot	91	cran	FALSE
qlifetable	91	cran	FALSE
quanteda_tidy	91	cran	FALSE
quantification	91	cran	FALSE
r4googleads	91	cran	FALSE
RadialVisGadgets	91	cran	FALSE
radir	91	cran	FALSE
randomGLM	91	cran	FALSE
Randomuseragent	91	cran	FALSE
randPedPCA	91	cran	FALSE
rapidraker	91	cran	FALSE
RareComb	91	cran	FALSE
rATTAINS	91	cran	FALSE
RBPcurve	91	cran	FALSE
rciplot	91	cran	FALSE
rconfig	91	cran	FALSE
RDSsamplesize	91	cran	FALSE
Reacnorm	91	cran	FALSE
readyomics	91	cran	FALSE
reflectR	91	cran	FALSE
responsePatterns	91	cran	FALSE
RGAN	91	cran	FALSE
rimu	91	cran	FALSE
robustDA	91	cran	FALSE
rODE	91	cran	FALSE
ROI_plugin_osqp	91	cran	FALSE
roloc	91	cran	FALSE
rprime	91	cran	FALSE
rTCRBCRr	91	cran	FALSE
samadb	91	cran	FALSE
SAR	91	cran	FALSE
scorecardModelUtils	91	cran	FALSE
SequenceSpikeSlab	91	cran	FALSE
shinyMergely	91	cran	FALSE
smmR	91	cran	FALSE
smoothROCtime	91	cran	FALSE
snapKrig	91	cran	FALSE
snowboot	91	cran	FALSE
spareg	91	cran	FALSE
spectator	91	cran	FALSE
SppTrend	91	cran	FALSE
sqltargets	91	cran	FALSE
sRDA	91	cran	FALSE
SSOSVM	91	cran	FALSE
stagePop	91	cran	FALSE
stapler	91	cran	FALSE
STFTS	91	cran	FALSE
SurvCorr	91	cran	FALSE
survELtest	91	cran	FALSE
survSens	91	cran	FALSE
survSpearman	91	cran	FALSE
titrationCurves	91	cran	FALSE
TML	91	cran	FALSE
toolmaRk	91	cran	FALSE
TSDT	91	cran	FALSE
tsvr	91	cran	FALSE
tufterhandout	91	cran	FALSE
unitquantreg	91	cran	FALSE
unstruwwel	91	cran	FALSE
vaersvax	91	cran	FALSE
velociraptr	91	cran	FALSE
versionsort	91	cran	FALSE
VulnToolkit	91	cran	FALSE
vvtableau	91	cran	FALSE
webdeveloper	91	cran	FALSE
whep	91	cran	FALSE
xmrr	91	cran	FALSE
ZIprop	91	cran	FALSE
accessr	90	cran	FALSE
ActiveDriver	90	cran	FALSE
ACV	90	cran	FALSE
ADLP	90	cran	FALSE
AgePopDenom	90	cran	FALSE
agregR	90	cran	FALSE
amazons3R	90	cran	FALSE
AMISforInfectiousDiseases	90	cran	FALSE
asciiruler	90	cran	FALSE
auto_pca	90	cran	FALSE
autoEnsemble	90	cran	FALSE
BAR	90	cran	FALSE
bfsl	90	cran	FALSE
bigdatadist	90	cran	FALSE
binovisualfields	90	cran	FALSE
BiocPkgDash	90	bioc_fallback_rank	FALSE
BioMoR	90	cran	FALSE
birdie	90	cran	FALSE
BivRec	90	cran	FALSE
bivrp	90	cran	FALSE
BootWPTOS	90	cran	FALSE
BRACoD_R	90	cran	FALSE
briqr	90	cran	FALSE
catsim	90	cran	FALSE
CausCor	90	cran	FALSE
cccm	90	cran	FALSE
Certara_RDarwin	90	cran	FALSE
chantrics	90	cran	FALSE
chatLLM	90	cran	FALSE
checker	90	cran	FALSE
chessboard	90	cran	FALSE
ci	90	cran	FALSE
circletyper	90	cran	FALSE
Cleanet	90	cran	FALSE
clickb	90	cran	FALSE
clinmon	90	cran	FALSE
ClinSigMeasures	90	cran	FALSE
CluMP	90	cran	FALSE
ClusPred	90	cran	FALSE
CondCopulas	90	cran	FALSE
ConsReg	90	cran	FALSE
contrastable	90	cran	FALSE
CopCTS	90	cran	FALSE
cotrend	90	cran	FALSE
covglasso	90	cran	FALSE
CoxAIPW	90	cran	FALSE
crov	90	cran	FALSE
cursr	90	cran	FALSE
daqapo	90	cran	FALSE
datadogr	90	cran	FALSE
daySupply	90	cran	FALSE
dccmidas	90	cran	FALSE
deadband	90	cran	FALSE
DEBBI	90	cran	FALSE
debugr	90	cran	FALSE
demogR	90	cran	FALSE
detectnorm	90	cran	FALSE
diverge	90	cran	FALSE
DLL	90	cran	FALSE
DRaWR	90	cran	FALSE
DySS	90	cran	FALSE
elliplot	90	cran	FALSE
EMMIXmfa	90	cran	FALSE
envoutliers	90	cran	FALSE
epxToR	90	cran	FALSE
ergmito	90	cran	FALSE
exploreR	90	cran	FALSE
extendedFamily	90	cran	FALSE
fastbeta	90	cran	FALSE
FAVA	90	cran	FALSE
featureflag	90	cran	FALSE
fig	90	cran	FALSE
finnishgrid	90	cran	FALSE
fixr	90	cran	FALSE
flintyR	90	cran	FALSE
flipbookr	90	cran	FALSE
forecasteR	90	cran	FALSE
fqacalc	90	cran	FALSE
FuzzySimRes	90	cran	FALSE
gageRR	90	cran	FALSE
GAMens	90	cran	FALSE
GaSP	90	cran	FALSE
GB2group	90	cran	FALSE
gen2stage	90	cran	FALSE
genscore	90	cran	FALSE
geotoolsR	90	cran	FALSE
getable	90	cran	FALSE
getProxy	90	cran	FALSE
ggScatRidges	90	cran	FALSE
gmwmx	90	cran	FALSE
go2bigq	90	cran	FALSE
GoodFitSBM	90	cran	FALSE
gridsampler	90	cran	FALSE
groupWQS	90	cran	FALSE
gsbm	90	cran	FALSE
gscaLCA	90	cran	FALSE
gsisdecoder	90	cran	FALSE
gsMAMS	90	cran	FALSE
gumboot	90	cran	FALSE
GWLelast	90	cran	FALSE
hcci	90	cran	FALSE
HDLSSkST	90	cran	FALSE
HEDA	90	cran	FALSE
HellCor	90	cran	FALSE
hellno	90	cran	FALSE
hgm	90	cran	FALSE
hildareadR	90	cran	FALSE
hues	90	cran	FALSE
hypergeo2	90	cran	FALSE
IBLM	90	cran	FALSE
ICSsmoothing	90	cran	FALSE
InPosition	90	cran	FALSE
IrishDirectorates	90	cran	FALSE
iSFun	90	cran	FALSE
isoSurv	90	cran	FALSE
jab_adverse_reactions	90	cran	FALSE
kerntools	90	cran	FALSE
keyperm	90	cran	FALSE
KFPCA	90	cran	FALSE
KLexp	90	cran	FALSE
kosel	90	cran	FALSE
ktsolve	90	cran	FALSE
landpred	90	cran	FALSE
layer	90	cran	FALSE
lcda	90	cran	FALSE
ltertools	90	cran	FALSE
MatchLinReg	90	cran	FALSE
maths_genealogy	90	cran	FALSE
maxcombo	90	cran	FALSE
mbmixture	90	cran	FALSE
MexBrewer	90	cran	FALSE
minioclient	90	cran	FALSE
MixedPsy	90	cran	FALSE
MMGFM	90	cran	FALSE
MonoPoly	90	cran	FALSE
mregions2	90	cran	FALSE
msda	90	cran	FALSE
multipleDL	90	cran	FALSE
multpois	90	cran	FALSE
mwTensor	90	cran	FALSE
mxmmod	90	cran	FALSE
navigatr	90	cran	FALSE
NBR	90	cran	FALSE
neighbours	90	cran	FALSE
netmhc2pan	90	cran	FALSE
NFWdist	90	cran	FALSE
ngboostForecast	90	cran	FALSE
NNMIS	90	cran	FALSE
npmr	90	cran	FALSE
NVCSSL	90	cran	FALSE
ODataQuery	90	cran	FALSE
ollggamma	90	cran	FALSE
overtureR	90	cran	FALSE
PakPMICS2018fs	90	cran	FALSE
pcgen	90	cran	FALSE
PCGSE	90	cran	FALSE
perARMA	90	cran	FALSE
permChacko	90	cran	FALSE
perms	90	cran	FALSE
peruflorads43	90	cran	FALSE
Phenotype	90	cran	FALSE
plotSEMM	90	cran	FALSE
polypharmacy	90	cran	FALSE
poobly	90	cran	FALSE
populationPDXdesign	90	cran	FALSE
port4me	90	cran	FALSE
PortfolioOptim	90	cran	FALSE
postlightmercury	90	cran	FALSE
PowerSDI	90	cran	FALSE
PRANA	90	cran	FALSE
pRF	90	cran	FALSE
prWarp	90	cran	FALSE
pvcurveanalysis	90	cran	FALSE
qbr	90	cran	FALSE
quadmatrix	90	cran	FALSE
qualitycontrol	90	cran	FALSE
ractivecampaign	90	cran	FALSE
rankrate	90	cran	FALSE
rareNMtests	90	cran	FALSE
rasterbc	90	cran	FALSE
realtest	90	cran	FALSE
RegCombin	90	cran	FALSE
regport	90	cran	FALSE
remss	90	cran	FALSE
request	90	cran	FALSE
revpref	90	cran	FALSE
rLFT	90	cran	FALSE
rmetalog	90	cran	FALSE
rnbp	90	cran	FALSE
Rnest	90	cran	FALSE
ROpenWeatherMap	90	cran	FALSE
rpart_LAD	90	cran	FALSE
Rprofet	90	cran	FALSE
rr	90	cran	FALSE
RRNA	90	cran	FALSE
rSAFE	90	cran	FALSE
runexp	90	cran	FALSE
RZigZag	90	cran	FALSE
safestats	90	cran	FALSE
SCIBER	90	cran	FALSE
scINSIGHT	90	cran	FALSE
SelectionBias	90	cran	FALSE
shinyfilter	90	cran	FALSE
shinySelect	90	cran	FALSE
signalHsmm	90	cran	FALSE
smoke	90	cran	FALSE
spAddins	90	cran	FALSE
sparseLRMatrix	90	cran	FALSE
spectr	90	cran	FALSE
squids	90	cran	FALSE
ssaBSS	90	cran	FALSE
stpm	90	cran	FALSE
StratifiedRF	90	cran	FALSE
subtools	90	cran	FALSE
SUMO	90	cran	FALSE
surtvep	90	cran	FALSE
TexExamRandomizer	90	cran	FALSE
TextMiningGUI	90	cran	FALSE
tmt	90	cran	FALSE
togglr	90	cran	FALSE
transform_hazards	90	cran	FALSE
tRigon	90	cran	FALSE
TrueSkillThroughTime	90	cran	FALSE
tvdenoising	90	cran	FALSE
UNPaC	90	cran	FALSE
video	90	cran	FALSE
villager	90	cran	FALSE
violinplotter	90	cran	FALSE
vocaldia	90	cran	FALSE
voronoiTreemap	90	cran	FALSE
vscc	90	cran	FALSE
walkboutr	90	cran	FALSE
WARN	90	cran	FALSE
washeR	90	cran	FALSE
wordmap	90	cran	FALSE
xesreadR	90	cran	FALSE
XR	90	cran	FALSE
ycevo	90	cran	FALSE
activPAL	89	cran	FALSE
AmpGram	89	cran	FALSE
APCinteraction	89	cran	FALSE
aprean3	89	cran	FALSE
archetyper	89	cran	FALSE
ARIMAANN	89	cran	FALSE
artma	89	cran	FALSE
ASML	89	cran	FALSE
atlas	89	cran	FALSE
AutoStepwiseGLM	89	cran	FALSE
banditpam	89	cran	FALSE
BayesPPDSurv	89	cran	FALSE
BayesRepDesign	89	cran	FALSE
bestSDP	89	cran	FALSE
bionetdata	89	cran	FALSE
BootstrapQTL	89	cran	FALSE
BSSoverSpace	89	cran	FALSE
calendRio	89	cran	FALSE
cbl	89	cran	FALSE
CINE	89	cran	FALSE
cliff	89	cran	FALSE
clifro	89	cran	FALSE
ClusterVAR	89	cran	FALSE
codified	89	cran	FALSE
coglasso	89	cran	FALSE
Coinprofile	89	cran	FALSE
comclim	89	cran	FALSE
CoMiRe	89	cran	FALSE
Copula_Markov_survival	89	cran	FALSE
covidprobability	89	cran	FALSE
cryptowatchR	89	cran	FALSE
CSeqpat	89	cran	FALSE
csquares	89	cran	FALSE
CutpointsOEHR	89	cran	FALSE
dataMojo	89	cran	FALSE
datardis	89	cran	FALSE
dbd	89	cran	FALSE
DeepLearningCausal	89	cran	FALSE
deepNN	89	cran	FALSE
dfvad	89	cran	FALSE
di	89	cran	FALSE
DiscreteGapStatistic	89	cran	FALSE
DiscreteLaplace	89	cran	FALSE
discrtr	89	cran	FALSE
dma	89	cran	FALSE
DPP	89	cran	FALSE
ds	89	cran	FALSE
dynCorr	89	cran	FALSE
DysPIA	89	cran	FALSE
edecob	89	cran	FALSE
ei_Datasets	89	cran	FALSE
elfDistr	89	cran	FALSE
EMSS	89	cran	FALSE
ExamPAData	89	cran	FALSE
factset_protobuf_stach_v2	89	cran	TRUE
FakeDataR	89	cran	FALSE
farrell	89	cran	FALSE
fastM	89	cran	FALSE
fdaconcur	89	cran	FALSE
fdrDiscreteNull	89	cran	FALSE
flexurba	89	cran	FALSE
ForestDisc	89	cran	FALSE
formulaic	89	cran	FALSE
FPLdata	89	cran	FALSE
FRB	89	cran	FALSE
gamma	89	cran	FALSE
gammSlice	89	cran	FALSE
gasanalyzer	89	cran	FALSE
genMCMCDiag	89	cran	FALSE
genodds	89	cran	FALSE
GeoRange	89	cran	FALSE
git4r	89	cran	FALSE
GLMpack	89	cran	FALSE
gofigR	89	cran	FALSE
googlenlp	89	cran	FALSE
gplsim	89	cran	FALSE
gptr	89	cran	FALSE
graDiEnt	89	cran	FALSE
greencrab_toolkit	89	cran	FALSE
GSABenchmark	89	bioc_fallback_rank	FALSE
gsalib	89	cran	FALSE
hackeRnews	89	cran	FALSE
HBSTM	89	cran	FALSE
healthatlas	89	cran	FALSE
hippie	89	cran	FALSE
HMDA	89	cran	FALSE
hydrodownloadR	89	cran	FALSE
ibm	89	cran	FALSE
idcnrba	89	cran	FALSE
iDOVE	89	cran	FALSE
ihclust	89	cran	FALSE
ILS	89	cran	FALSE
ILSAstats	89	cran	FALSE
ILSM	89	cran	FALSE
incR	89	cran	FALSE
IndonesiAPIs	89	cran	FALSE
iNEXT_4steps	89	cran	FALSE
inlcolor	89	cran	FALSE
irg	89	cran	FALSE
ISCO08ConveRsions	89	cran	FALSE
ISM	89	cran	FALSE
japanstat	89	cran	FALSE
Jdmbs	89	cran	FALSE
Keyboard	89	cran	FALSE
ksharp	89	cran	FALSE
lbreg	89	cran	FALSE
leaderCluster	89	cran	FALSE
Linkage	89	cran	FALSE
linkspotter	89	cran	FALSE
lisa	89	cran	FALSE
localLLM	89	cran	FALSE
LocKer	89	cran	FALSE
luzlogr	89	cran	FALSE
mailchimpR	89	cran	FALSE
MaOEA	89	cran	FALSE
mappestRisk	89	cran	FALSE
MCI	89	cran	FALSE
mdftracks	89	cran	FALSE
mdpeer	89	cran	FALSE
metaggR	89	cran	FALSE
metaHelper	89	cran	FALSE
MetaIntegration	89	cran	FALSE
micar	89	cran	FALSE
midas2	89	cran	FALSE
missDiag	89	cran	FALSE
mlbplotR	89	cran	FALSE
mmiCATs	89	cran	FALSE
mmodely	89	cran	FALSE
mongolstats	89	cran	FALSE
multiplestressR	89	cran	FALSE
mvctm	89	cran	FALSE
naivereg	89	cran	FALSE
name	89	cran	FALSE
neatR	89	cran	FALSE
NEONiso	89	cran	FALSE
nivo_bubblechart	89	cran	FALSE
NonNorMvtDist	89	cran	FALSE
normalize	89	cran	FALSE
novelforestSG	89	cran	FALSE
nphPower	89	cran	FALSE
nplplot	89	cran	FALSE
NPP	89	cran	FALSE
octopus	89	cran	FALSE
ontophylo	89	cran	FALSE
optBiomarker	89	cran	FALSE
OSFD	89	cran	FALSE
OssaNMA	89	cran	FALSE
otsfeatures	89	cran	FALSE
parmsurvfit	89	cran	FALSE
pbm	89	cran	FALSE
PCLassoReg	89	cran	FALSE
PDSCE	89	cran	FALSE
pdSpecEst	89	cran	FALSE
penfa	89	cran	FALSE
PeriodicTable	89	cran	FALSE
picker	89	cran	FALSE
player	89	cran	FALSE
plotMElm	89	cran	FALSE
pmledecon	89	cran	FALSE
PracticalEquiDesign	89	cran	FALSE
psychrolib	89	cran	FALSE
pttstability	89	cran	FALSE
pvclass	89	cran	FALSE
qfratio	89	cran	FALSE
qst	89	cran	FALSE
QuanDA	89	cran	FALSE
rameritrade	89	cran	FALSE
rando	89	cran	FALSE
raymolecule	89	cran	FALSE
RBNZ	89	cran	FALSE
RcppXsimd	89	cran	FALSE
rddi	89	cran	FALSE
Rdune	89	cran	FALSE
ResidentialEnergyConsumption	89	cran	FALSE
RHawkes	89	cran	FALSE
ridgregextra	89	cran	FALSE
rnaCrosslinkOO	89	cran	FALSE
RoBSA	89	cran	FALSE
robustsur	89	cran	FALSE
ROI_models_miplib	89	cran	FALSE
RootscanR	89	cran	FALSE
rscala	89	cran	FALSE
rvec	89	cran	FALSE
s3	89	cran	FALSE
scbursts	89	cran	FALSE
schoenberg	89	cran	FALSE
semicmprskcoxmsm	89	cran	FALSE
shiny_exe	89	cran	FALSE
shinyCyJS	89	cran	FALSE
shinyExprPortal	89	cran	FALSE
shinyrecipes	89	cran	FALSE
SimplicialCubature	89	cran	FALSE
SMARTbayesR	89	cran	FALSE
snic	89	cran	FALSE
softbib	89	cran	FALSE
SparseVFC	89	cran	FALSE
spINAR	89	cran	FALSE
splitSelect	89	cran	FALSE
SQMtools	89	cran	FALSE
stacking	89	cran	FALSE
statswalesr	89	cran	FALSE
steepness	89	cran	FALSE
SteinIV	89	cran	FALSE
strip	89	cran	FALSE
subniche	89	cran	FALSE
swaRm	89	cran	FALSE
swipeR	89	cran	FALSE
tabuSearch	89	cran	FALSE
TAQMNGR	89	cran	FALSE
teamcolors	89	cran	FALSE
tidydatatutor	89	cran	FALSE
TMDb	89	cran	FALSE
TSEind	89	cran	FALSE
twopartm	89	cran	FALSE
twosigma	89	cran	FALSE
UNCOVER	89	cran	FALSE
uniah	89	cran	FALSE
ustfd	89	cran	FALSE
vagalumeR	89	cran	FALSE
vhcub	89	cran	FALSE
WaveletRF	89	cran	FALSE
WindCurves	89	cran	FALSE
wqspt	89	cran	FALSE
wsjplot	89	cran	FALSE
wyz_code_metaTesting	89	cran	FALSE
affinitymatrix	88	cran	FALSE
aggutils	88	cran	FALSE
alarmdata	88	cran	FALSE
AlgeriAPIs	88	cran	FALSE
amVennDiagram5	88	cran	FALSE
AntClassify	88	cran	FALSE
ARMALSTM	88	cran	FALSE
bayclumpr	88	cran	FALSE
BayesianDisaggregation	88	cran	FALSE
bhpm	88	cran	FALSE
binst	88	cran	FALSE
bnpa	88	cran	FALSE
bolsec	88	cran	FALSE
bondAnalyst	88	cran	FALSE
BoundEdgeworth	88	cran	FALSE
boxfilter	88	cran	FALSE
calibrateBinary	88	cran	FALSE
CardiacDP	88	cran	FALSE
caresid	88	cran	FALSE
CATTexact	88	cran	FALSE
CausalMixGPD	88	cran	FALSE
CCd	88	cran	FALSE
ccmEstimator	88	cran	FALSE
cenROC	88	cran	FALSE
censorcopula	88	cran	FALSE
cliot	88	cran	FALSE
ClusBoot	88	cran	FALSE
CNVRG	88	cran	FALSE
colorrepel	88	cran	FALSE
combiter	88	cran	FALSE
cpp11qpdf	88	cran	FALSE
cragg	88	cran	FALSE
currr	88	cran	FALSE
DECIDE	88	cran	FALSE
dejaVu	88	cran	FALSE
dematel	88	cran	FALSE
detectR	88	cran	FALSE
distfromq	88	cran	FALSE
dmetatools	88	cran	FALSE
DPI	88	cran	FALSE
dsample	88	cran	FALSE
ECGofTestDx	88	cran	FALSE
ediblecity	88	cran	FALSE
edina	88	cran	FALSE
ElliptCopulas	88	cran	FALSE
envnames	88	cran	FALSE
explainer	88	cran	FALSE
facebookadsR	88	cran	FALSE
facmodCS	88	cran	FALSE
FactorAssumptions	88	cran	FALSE
fastRG	88	cran	FALSE
ffaframework	88	cran	FALSE
filecacher	88	cran	FALSE
flexBART	88	cran	FALSE
flexmet	88	cran	FALSE
flipdownr	88	cran	FALSE
FMC	88	cran	FALSE
fpop	88	cran	FALSE
framework	88	cran	FALSE
freedom	88	cran	FALSE
frenchCurve	88	cran	FALSE
funnelR	88	cran	FALSE
FuzzyImputationTest	88	cran	FALSE
GAPR	88	cran	FALSE
gellipsoid	88	cran	FALSE
gendist	88	cran	FALSE
GENEAcore	88	cran	FALSE
gesisdata	88	cran	FALSE
GFDmcv	88	cran	FALSE
ggscribe	88	cran	FALSE
glober	88	cran	FALSE
GPL2025	88	cran	FALSE
growthmodels	88	cran	FALSE
growthrate	88	cran	FALSE
grpCox	88	cran	FALSE
hawkes	88	cran	FALSE
hdcate	88	cran	FALSE
heteromixgm	88	cran	FALSE
highDmean	88	cran	FALSE
highlightHTML	88	cran	FALSE
holodeck	88	cran	FALSE
hopbyhop	88	cran	FALSE
hydroroute	88	cran	FALSE
hydroState	88	cran	FALSE
iAdapt	88	cran	FALSE
ibmAcousticR	88	cran	FALSE
ifs	88	cran	FALSE
image_binarization	88	cran	FALSE
imgpalr	88	cran	FALSE
imprinting	88	cran	FALSE
intensegRid	88	cran	FALSE
intmed	88	cran	FALSE
IPPP	88	cran	FALSE
IsoCor	88	cran	FALSE
kirby21_base	88	cran	FALSE
kuzuR	88	cran	FALSE
lambdaTS	88	cran	FALSE
lazysf	88	cran	FALSE
lboxcox	88	cran	FALSE
LDAandLDAS	88	cran	FALSE
leakr	88	cran	FALSE
liftLRD	88	cran	FALSE
likelihood	88	cran	FALSE
LindenmayeR	88	cran	FALSE
lite	88	cran	FALSE
llmcoder	88	cran	FALSE
locaR	88	cran	FALSE
loggit2	88	cran	FALSE
LoopDetectR	88	cran	FALSE
LPDynR	88	cran	FALSE
LSMonteCarlo	88	cran	FALSE
mapStats	88	cran	FALSE
mathpix	88	cran	FALSE
mbir	88	cran	FALSE
mcbiopi	88	cran	FALSE
mda_biber	88	cran	FALSE
messaging	88	cran	FALSE
messi	88	cran	FALSE
metarep	88	cran	FALSE
MFO	88	cran	FALSE
MinEDfind	88	cran	FALSE
mlts	88	cran	FALSE
mobsim	88	cran	FALSE
modeldatatoo	88	cran	FALSE
MonteCarloSEM	88	cran	FALSE
moodef	88	cran	FALSE
MultiRobust	88	cran	FALSE
multxpert	88	cran	FALSE
neo4jshell	88	cran	FALSE
neptune	88	cran	FALSE
networkR	88	cran	FALSE
nncc	88	cran	FALSE
painbow	88	cran	FALSE
patchSynctex	88	cran	FALSE
pawacc	88	cran	FALSE
PDXpower	88	cran	FALSE
pepdiff	88	cran	FALSE
ph2mult	88	cran	FALSE
phacking	88	cran	FALSE
PhotosynQ	88	cran	FALSE
PivotalR	88	cran	TRUE
polimetrics	88	cran	FALSE
PolyHaplotyper	88	cran	FALSE
poolHelper	88	cran	FALSE
pqrfe	88	cran	FALSE
precisePlacement	88	cran	FALSE
PredictionR	88	cran	FALSE
prepdat	88	cran	FALSE
PRP	88	cran	FALSE
Rapi	88	cran	FALSE
rbranding	88	cran	FALSE
RCMinification	88	cran	FALSE
readmet	88	cran	FALSE
rebib	88	cran	FALSE
rechonest	88	cran	FALSE
RedisBaseContainer	88	cran	FALSE
replacer	88	cran	FALSE
resourcecodedata	88	cran	FALSE
rgl2gltf	88	cran	FALSE
Rirt	88	cran	FALSE
rLTP	88	cran	FALSE
RnavGraphImageData	88	cran	FALSE
RobustBayesianCopas	88	cran	FALSE
roseRF	88	cran	FALSE
rpinterest	88	cran	FALSE
RSCAT	88	cran	FALSE
Rsfar	88	cran	FALSE
RSmartlyIO	88	cran	FALSE
rsppfp	88	cran	FALSE
rsubgroup	88	cran	FALSE
RTaxometrics	88	cran	FALSE
RTD	88	cran	FALSE
RWildbook	88	cran	FALSE
sampleVADIR	88	cran	FALSE
sbfc	88	cran	FALSE
SBmedian	88	cran	FALSE
sdrt	88	cran	FALSE
seecolor	88	cran	FALSE
serieslcb	88	cran	FALSE
shinyPredict	88	cran	FALSE
SimVitD	88	cran	FALSE
skewsamp	88	cran	FALSE
solidauthr	88	cran	FALSE
SPB	88	cran	FALSE
spheredata	88	cran	FALSE
SSP	88	cran	FALSE
steppedwedge	88	cran	FALSE
stoichcalc	88	cran	FALSE
streambugs	88	cran	FALSE
SurveyCC	88	cran	FALSE
swgee	88	cran	FALSE
syntenyPlotteR	88	cran	FALSE
TAD	88	cran	FALSE
tehtuner	88	cran	FALSE
tigerstats	88	cran	FALSE
tinter	88	cran	FALSE
TOC	88	cran	FALSE
TreeDimensionTest	88	cran	FALSE
TrendInTrend	88	cran	FALSE
typetracer	88	cran	FALSE
ui	88	cran	FALSE
uscongress	88	cran	FALSE
vstsr	88	cran	FALSE
WaveletSVR	88	cran	FALSE
whirl	88	cran	FALSE
WoodburyMatrix	88	cran	FALSE
wordler	88	cran	FALSE
WordPools	88	cran	FALSE
xdcclarge	88	cran	FALSE
xegaGaGene	88	cran	FALSE
xray	88	cran	FALSE
YPInterimTesting	88	cran	FALSE
abcel	87	cran	FALSE
AFFECT	87	cran	FALSE
allMT	87	cran	FALSE
alphavantagepf	87	cran	FALSE
angstroms	87	cran	FALSE
asympDiag	87	cran	FALSE
ATE_ERROR	87	cran	FALSE
AutoAds	87	cran	FALSE
autoCovariateSelection	87	cran	FALSE
autoimport	87	cran	FALSE
avar	87	cran	FALSE
aws_translate	87	cran	FALSE
baserater	87	cran	FALSE
bases	87	cran	FALSE
BayesMFSurv	87	cran	FALSE
BayesSurvive	87	cran	FALSE
BElikelihood	87	cran	FALSE
boodist	87	cran	FALSE
brandr	87	cran	FALSE
brsim	87	cran	FALSE
bspcov	87	cran	FALSE
c3dr	87	cran	FALSE
Certara_Xpose_NLME	87	cran	FALSE
changeS	87	cran	FALSE
chords	87	cran	FALSE
clust_bin_pair	87	cran	FALSE
Cluster_OBeu	87	cran	FALSE
clusterWebApp	87	cran	FALSE
CNID	87	cran	FALSE
Comp2ROC	87	cran	FALSE
compIndexBuilder	87	cran	FALSE
ConsensusOPLS	87	cran	FALSE
coreheat	87	cran	FALSE
COST	87	cran	FALSE
covafillr	87	cran	FALSE
CoxBcv	87	cran	FALSE
CoxPlus	87	cran	FALSE
CR2	87	cran	FALSE
crt2power	87	cran	FALSE
cruts	87	cran	FALSE
crwbmetareg	87	cran	FALSE
csa	87	cran	FALSE
DALY	87	cran	FALSE
datasetsICR	87	cran	FALSE
dBlockmodeling	87	cran	FALSE
DCCA	87	cran	FALSE
decorators	87	cran	FALSE
discfrail	87	cran	FALSE
distdichoR	87	cran	FALSE
drfit	87	cran	FALSE
dropout	87	cran	FALSE
dtgiw	87	cran	FALSE
easyPSID	87	cran	FALSE
ed50simulation	87	cran	FALSE
eemdTDNN	87	cran	FALSE
ellipticalsymmetry	87	cran	FALSE
ensModelVis	87	cran	FALSE
EvolutionaryGames	87	cran	FALSE
ExactMultinom	87	cran	FALSE
ExpAnalysis3d	87	cran	FALSE
facebookleadsR	87	cran	FALSE
fishbc	87	cran	FALSE
FMsmsnReg	87	cran	FALSE
forestry	87	cran	FALSE
gaussDiff	87	cran	FALSE
gbifdb	87	cran	FALSE
GCSM	87	cran	FALSE
gcxgclab	87	cran	FALSE
GECal	87	cran	FALSE
GeneralizedUmatrixGPU	87	cran	TRUE
GenTwoArmsTrialSize	87	cran	FALSE
geostats	87	cran	FALSE
getDTeval	87	cran	FALSE
GFA	87	cran	FALSE
ghapps	87	cran	FALSE
GHRmodel	87	cran	FALSE
GIC	87	cran	FALSE
glm_deploy	87	cran	FALSE
glme	87	cran	FALSE
gloBFPr	87	cran	FALSE
gooseR	87	cran	FALSE
GORCure	87	cran	FALSE
GPArotateDF	87	cran	FALSE
gps	87	cran	FALSE
gRaven	87	cran	FALSE
GRIDCOPULA	87	cran	FALSE
grmtree	87	cran	FALSE
GSSE	87	cran	FALSE
gtfs2emis	87	cran	FALSE
HanStat	87	cran	FALSE
hBayesDM	87	cran	FALSE
hdd	87	cran	FALSE
hdtg	87	cran	FALSE
iimi	87	cran	FALSE
imputeGeneric	87	cran	FALSE
IndepTest	87	cran	FALSE
intmap	87	cran	FALSE
ip2proxy	87	cran	FALSE
irtDemo	87	cran	FALSE
isocubes	87	cran	FALSE
janus	87	cran	FALSE
kerSeg	87	cran	FALSE
kgp	87	cran	FALSE
klic	87	cran	FALSE
kselection	87	cran	FALSE
LAIr	87	cran	FALSE
lba	87	cran	FALSE
LCAextend	87	cran	FALSE
LCCR	87	cran	FALSE
lettervalue	87	cran	FALSE
LFM	87	cran	FALSE
listr	87	cran	FALSE
logihist	87	cran	FALSE
ltable	87	cran	FALSE
maddison	87	cran	FALSE
Maeswrap	87	cran	FALSE
mapaccuracy	87	cran	FALSE
matrixcut	87	cran	FALSE
MBAnalysis	87	cran	FALSE
medScan	87	cran	FALSE
metafuse	87	cran	FALSE
MIC	87	cran	FALSE
minMSE	87	cran	FALSE
mixhvg	87	cran	FALSE
MLMOI	87	cran	FALSE
MMDCopula	87	cran	FALSE
mrgsim_sa	87	cran	FALSE
mSTEM	87	cran	FALSE
multifamm	87	cran	FALSE
multigraphr	87	cran	FALSE
multilandr	87	cran	FALSE
mvnpermute	87	cran	FALSE
mxsem	87	cran	FALSE
Mychisq	87	cran	FALSE
nbconvertR	87	cran	FALSE
NBShiny3	87	cran	FALSE
ncaavolleyballr	87	cran	FALSE
NCC	87	cran	FALSE
NetPreProc	87	cran	FALSE
neuralGAM	87	cran	FALSE
NMMIPW	87	cran	FALSE
nodiv	87	cran	FALSE
NormData	87	cran	FALSE
NTSS	87	cran	FALSE
oddnet	87	cran	FALSE
oii	87	cran	FALSE
OPDOE	87	cran	FALSE
optimos_prime	87	cran	FALSE
PBIR	87	cran	FALSE
PCBS	87	cran	FALSE
pems_utils	87	cran	FALSE
pgTools	87	cran	FALSE
PKLMtest	87	cran	FALSE
PRDA	87	cran	FALSE
predhy_GUI	87	cran	FALSE
prrd	87	cran	FALSE
pushbar	87	cran	FALSE
puzzle	87	cran	FALSE
Qindex_data	87	cran	FALSE
quantdates	87	cran	FALSE
rankCorr	87	cran	FALSE
rare	87	cran	FALSE
RClimacell	87	cran	FALSE
rdwplus	87	cran	FALSE
reactablefmtr	87	cran	FALSE
recalibratiNN	87	cran	FALSE
regressinator	87	cran	FALSE
reservoirnet	87	cran	FALSE
RGoogleAnalyticsPremium	87	cran	FALSE
RI2by2	87	cran	FALSE
rifreg	87	cran	FALSE
robregcc	87	cran	FALSE
RobustANOVA	87	cran	FALSE
RODBCDBI	87	cran	FALSE
ROI_plugin_scs	87	cran	FALSE
rpca	87	cran	FALSE
rrscale	87	cran	FALSE
rsf	87	cran	FALSE
rsurface	87	cran	FALSE
Rtwalk	87	cran	FALSE
rwarrior	87	cran	FALSE
s2net	87	cran	FALSE
saeHB_ME_beta	87	cran	FALSE
SangerTools	87	cran	FALSE
SBMTrees	87	cran	FALSE
scapesClassification	87	cran	FALSE
scOntoMatch	87	cran	FALSE
seedr	87	cran	FALSE
SegCorr	87	cran	FALSE
sehrnett	87	cran	FALSE
seqmon	87	cran	FALSE
shinyInvoice	87	cran	FALSE
sketcher	87	cran	FALSE
sketching	87	cran	FALSE
SLCARE	87	cran	FALSE
slgf	87	cran	FALSE
SlidingWindows	87	cran	FALSE
snap	87	cran	FALSE
sonicLength	87	cran	FALSE
spDates	87	cran	FALSE
spectralGP	87	cran	FALSE
spellcheckr	87	cran	FALSE
spinner	87	cran	FALSE
SplitReg	87	cran	FALSE
SPORTSCausal	87	cran	FALSE
spRingsteen	87	cran	FALSE
ssev	87	cran	FALSE
Sstack	87	cran	FALSE
stableGR	87	cran	FALSE
stepPenal	87	cran	FALSE
StepRegShiny	87	cran	FALSE
stockR	87	cran	FALSE
stpphawkes	87	cran	FALSE
STraTUS	87	cran	FALSE
SurvMI	87	cran	FALSE
svDialogstcltk	87	cran	FALSE
symSEM	87	cran	FALSE
tardis	87	cran	FALSE
tboot	87	cran	FALSE
tdsa	87	cran	FALSE
TELP	87	cran	FALSE
TGST	87	cran	FALSE
tidier	87	cran	FALSE
tidyMC	87	cran	FALSE
Tivy	87	cran	FALSE
treedater	87	cran	FALSE
treeDbalance	87	cran	FALSE
TreeDiagram	87	cran	FALSE
trimr	87	cran	FALSE
tspmeta	87	cran	FALSE
ttt	87	cran	FALSE
tv	87	cran	FALSE
unival	87	cran	FALSE
UnivRNG	87	cran	FALSE
vcvComp	87	cran	FALSE
WCE	87	cran	FALSE
WCM	87	cran	FALSE
webreadr	87	cran	FALSE
wikifacts	87	cran	FALSE
WMWssp	87	cran	FALSE
ZINARp	87	cran	FALSE
abcrlda	86	cran	FALSE
ablasso	86	cran	FALSE
ace2fastq	86	cran	FALSE
adplots	86	cran	FALSE
akmbiclust	86	cran	FALSE
albopictus	86	cran	FALSE
ampd	86	cran	FALSE
analyzer	86	cran	FALSE
apng	86	cran	FALSE
appraise	86	cran	FALSE
aRpsDCA	86	cran	FALSE
autoScorecard	86	cran	FALSE
aws_transcribe	86	cran	FALSE
bayesEO	86	cran	FALSE
BayesESS	86	cran	FALSE
Bayesiantreg	86	cran	FALSE
bayest	86	cran	FALSE
bclogit	86	cran	FALSE
BDAlgo	86	cran	FALSE
bggum	86	cran	FALSE
bitfield	86	cran	FALSE
BKP	86	cran	FALSE
blendR	86	cran	FALSE
blrm	86	cran	FALSE
bpDir	86	cran	FALSE
BSS	86	cran	FALSE
BUCSS	86	cran	FALSE
caffsim	86	cran	FALSE
CalcThemAll_PRM	86	cran	FALSE
catch	86	cran	FALSE
cepumd	86	cran	FALSE
ceser	86	cran	FALSE
CFF	86	cran	FALSE
CHMM	86	cran	FALSE
clc	86	cran	FALSE
ClusTCR2	86	cran	FALSE
cmbClust	86	cran	FALSE
comato	86	cran	FALSE
comperank	86	cran	FALSE
conformalInference_fd	86	cran	FALSE
constellation	86	cran	FALSE
CORE	86	cran	FALSE
correlbinom	86	cran	FALSE
CpGFilter	86	cran	FALSE
cpt	86	cran	FALSE
crossurr	86	cran	FALSE
cuperdec	86	cran	FALSE
dbglm	86	cran	FALSE
dbWebForms	86	cran	FALSE
DCG	86	cran	FALSE
DCL	86	cran	FALSE
diegr	86	cran	FALSE
disclosuR	86	cran	FALSE
DLPCA	86	cran	FALSE
dmutate	86	cran	FALSE
Dowd	86	cran	FALSE
droptest	86	cran	FALSE
dumbbell	86	cran	FALSE
DWDLargeR	86	cran	FALSE
ebTobit	86	cran	FALSE
EconGeo	86	cran	FALSE
elisr	86	cran	FALSE
EMMIXSSL	86	cran	FALSE
EnTraineR	86	cran	FALSE
epidata	86	cran	FALSE
experiences	86	cran	FALSE
fChange	86	cran	FALSE
fcuk	86	cran	FALSE
fdaoutlier	86	cran	FALSE
findviews	86	cran	FALSE
fishgrowth	86	cran	FALSE
flipscores	86	cran	FALSE
forestsearch	86	cran	FALSE
free	86	cran	FALSE
fy	86	cran	FALSE
GBOP2	86	cran	FALSE
gdi	86	cran	FALSE
geoheatmap	86	cran	FALSE
georefdatar	86	cran	FALSE
gerbil	86	cran	FALSE
GFGM_copula	86	cran	FALSE
gglyph	86	cran	FALSE
gitear	86	cran	FALSE
googleErrorReportingR	86	cran	FALSE
gravmagsubs	86	cran	FALSE
gridOT	86	cran	FALSE
GrowthCurveME	86	cran	FALSE
gym	86	cran	FALSE
heatmapFlex	86	cran	FALSE
hmstimer	86	cran	FALSE
HTGM2D	86	cran	FALSE
html2R	86	cran	FALSE
ihpdr	86	cran	FALSE
image_CornerDetectionHarris	86	cran	FALSE
incidental	86	cran	FALSE
IncomPair	86	cran	FALSE
inters	86	cran	FALSE
ipolygrowth	86	cran	FALSE
isatabr	86	cran	FALSE
itmsa	86	cran	FALSE
IVPP	86	cran	FALSE
iZID	86	cran	FALSE
JMH	86	cran	FALSE
kaigiroku	86	cran	FALSE
KneeArrower	86	cran	FALSE
latdiag	86	cran	FALSE
LGDtoolkit	86	cran	FALSE
lifx	86	cran	FALSE
limorhyde	86	cran	FALSE
linne	86	cran	FALSE
ljr	86	cran	FALSE
LoBrA	86	cran	FALSE
LSAMBA	86	cran	FALSE
maclogp	86	cran	FALSE
matrixProfile	86	cran	FALSE
MaxentVariableSelection	86	cran	FALSE
mbrdr	86	cran	FALSE
mcMST	86	cran	FALSE
mcrPioda	86	cran	FALSE
meifly	86	cran	FALSE
memshare	86	cran	FALSE
metaSDTreg	86	cran	FALSE
midastouch	86	cran	FALSE
mixcat	86	cran	FALSE
mMARCH_AC	86	cran	FALSE
morrowplots	86	cran	FALSE
movementsync	86	cran	FALSE
Mqrcm	86	cran	FALSE
mrangr	86	cran	FALSE
mrIML	86	cran	FALSE
MSoutcomes	86	cran	FALSE
MultiObjMatch	86	cran	FALSE
mvShapiroTest	86	cran	FALSE
NAP	86	cran	FALSE
neuromplex	86	cran	FALSE
neutrostat	86	cran	FALSE
nexus	86	cran	FALSE
nmrrr	86	cran	FALSE
nntmvn	86	cran	FALSE
NonProbEst	86	cran	FALSE
norMmix	86	cran	FALSE
notifyme	86	cran	FALSE
nspmix	86	cran	FALSE
olctools	86	cran	FALSE
onelogin	86	cran	FALSE
opa	86	cran	FALSE
opinAr	86	cran	FALSE
optimalThreshold	86	cran	FALSE
ORKM	86	cran	FALSE
osd	86	cran	FALSE
paleobuddy	86	cran	FALSE
pasteAsComment	86	cran	FALSE
pcSteiner	86	cran	FALSE
PDMIF	86	cran	FALSE
pgee_mixed	86	cran	FALSE
PH1XBAR	86	cran	FALSE
pivotaltrackR	86	cran	FALSE
plasso	86	cran	FALSE
plotscale	86	cran	FALSE
pmultinom	86	cran	FALSE
pmvalsampsize	86	cran	FALSE
polywog	86	cran	FALSE
predictionInterval	86	cran	FALSE
predictMe	86	cran	FALSE
PROMETHEE	86	cran	FALSE
Pv3Rs	86	cran	FALSE
qsplines	86	cran	FALSE
QuClu	86	cran	FALSE
R1magic	86	cran	FALSE
r2shortcode	86	cran	FALSE
r4pde	86	cran	FALSE
ra4bayesmeta	86	cran	FALSE
RagGrid	86	cran	FALSE
rangr	86	cran	FALSE
ravelRy	86	cran	FALSE
rchemo	86	cran	FALSE
RDota2	86	cran	FALSE
Rdta	86	cran	FALSE
renz	86	cran	FALSE
Replicate	86	cran	FALSE
RFAE	86	cran	FALSE
rgeomstats	86	cran	FALSE
rhoneycomb	86	cran	FALSE
RiskMap	86	cran	FALSE
Rlibkdv	86	cran	FALSE
rmdHelpers	86	cran	FALSE
RMOA	86	cran	FALSE
rocc	86	cran	FALSE
rolldown	86	cran	FALSE
RolWinMulCor	86	cran	FALSE
rspm	86	cran	FALSE
RStanTVA	86	cran	FALSE
RSurvey	86	cran	TRUE
rtemps	86	cran	FALSE
RuHere	86	cran	FALSE
saeHB_panel	86	cran	FALSE
sandbox	86	cran	FALSE
scenfire	86	cran	FALSE
scimo	86	cran	FALSE
scutr	86	cran	FALSE
sfadv	86	cran	FALSE
sgraph	86	cran	FALSE
sharpeRratio	86	cran	FALSE
shelltrace	86	cran	FALSE
sistec	86	cran	FALSE
SOAs	86	cran	FALSE
soundClass	86	cran	FALSE
sparseR	86	cran	FALSE
spaths	86	cran	FALSE
spooky	86	cran	FALSE
sRdpData	86	cran	FALSE
sRNAGenetic	86	cran	FALSE
statcodelists	86	cran	FALSE
statcomp	86	cran	FALSE
streamDepletr	86	cran	FALSE
streetscape	86	cran	FALSE
survCurve	86	cran	FALSE
SurvHiDim	86	cran	FALSE
SystemicR	86	cran	FALSE
tatooheene	86	cran	FALSE
Temporal	86	cran	FALSE
tensorregress	86	cran	FALSE
TestCor	86	cran	FALSE
ThurMod	86	cran	FALSE
TideCurves	86	cran	FALSE
tidyEmoji	86	cran	FALSE
tidypmc	86	cran	FALSE
TLIC	86	cran	FALSE
transplantr	86	cran	FALSE
trawl	86	cran	FALSE
tree_interpreter	86	cran	FALSE
trendeval	86	cran	FALSE
trendtestR	86	cran	FALSE
triplediff	86	cran	FALSE
tRnslate	86	cran	FALSE
tsxtreme	86	cran	FALSE
unicol	86	cran	FALSE
vccp	86	cran	FALSE
vdar	86	cran	FALSE
VeccTMVN	86	cran	FALSE
viking	86	cran	FALSE
virtuoso	86	cran	FALSE
voson_tcn	86	cran	FALSE
watson	86	cran	FALSE
wfe	86	cran	FALSE
when	86	cran	FALSE
WhiteLabRt	86	cran	FALSE
xadmix	86	cran	FALSE
xgb2sql	86	cran	FALSE
Zelig	86	cran	FALSE
zipfextR	86	cran	FALSE
zipsae	86	cran	FALSE
absorber	85	cran	FALSE
ACE_CoCo	85	cran	FALSE
adace	85	cran	FALSE
ADPF	85	cran	FALSE
AdvDif4	85	cran	FALSE
AMIM	85	cran	FALSE
apportion	85	cran	FALSE
areaOfEffect	85	cran	FALSE
banditsCI	85	cran	FALSE
BayesPieceHazSelect	85	cran	FALSE
bets_covid19	85	cran	FALSE
betterChromVAR	85	bioc_fallback_rank	FALSE
bgev	85	cran	FALSE
binford	85	cran	FALSE
bipl5	85	cran	FALSE
BLRShiny	85	cran	FALSE
braggR	85	cran	FALSE
BusinessDuration	85	cran	FALSE
carts	85	cran	FALSE
causalDT	85	cran	FALSE
chi	85	cran	FALSE
clustringr	85	cran	FALSE
cnbdistr	85	cran	FALSE
CoDaImpact	85	cran	FALSE
coenoflex	85	cran	FALSE
CoinMinD	85	cran	FALSE
commecometrics	85	cran	FALSE
CompDist	85	cran	FALSE
comsimitv	85	cran	FALSE
con2lki	85	cran	FALSE
CooccurrenceAffinity	85	cran	FALSE
CovSel	85	cran	FALSE
cowbell	85	cran	FALSE
CoxICPen	85	cran	FALSE
cpr	85	cran	FALSE
CTShiny2	85	cran	FALSE
DataViz	85	cran	FALSE
DBfit	85	cran	FALSE
debar	85	cran	FALSE
decode	85	cran	FALSE
delma	85	cran	FALSE
denoiSeq	85	cran	FALSE
DIFplus	85	cran	FALSE
discoverableresearch	85	cran	FALSE
DiscreteDLM	85	cran	FALSE
drclust	85	cran	FALSE
drord	85	cran	FALSE
drugdevelopR	85	cran	FALSE
dtGAP	85	cran	FALSE
eglhmm	85	cran	FALSE
EleChemr	85	cran	FALSE
EloSteepness	85	cran	FALSE
endogeneity	85	cran	FALSE
EpiDynamics	85	cran	FALSE
ErlangC	85	cran	FALSE
erp_easy	85	cran	FALSE
eselect	85	cran	FALSE
ess	85	cran	FALSE
essHist	85	cran	FALSE
exreport	85	cran	FALSE
Families	85	cran	FALSE
FARDEEP	85	cran	FALSE
fastrerandomize	85	cran	FALSE
FastRet	85	cran	FALSE
fbnet	85	cran	FALSE
FDOTT	85	cran	FALSE
filterNHP	85	cran	FALSE
funmediation	85	cran	FALSE
funviewR	85	cran	FALSE
GAS	85	cran	FALSE
gbeta	85	cran	FALSE
gigg	85	cran	FALSE
GMDHreg	85	cran	FALSE
grouper	85	cran	FALSE
grpseq	85	cran	FALSE
hdiVAR	85	cran	FALSE
hds	85	cran	FALSE
HextractoR	85	cran	FALSE
HodgesTools	85	cran	FALSE
hollr	85	cran	FALSE
hotspots	85	cran	FALSE
hqmisc	85	cran	FALSE
HyperG	85	cran	FALSE
hySAINT	85	cran	FALSE
IBRtools	85	cran	FALSE
icertool	85	cran	FALSE
IDetect	85	cran	FALSE
IgorR	85	cran	FALSE
IHSEP	85	cran	FALSE
image_Otsu	85	cran	FALSE
imageviewer	85	cran	FALSE
interfacer	85	cran	FALSE
IPEDS	85	cran	FALSE
ipft	85	cran	FALSE
ISCA	85	cran	FALSE
jmastats	85	cran	FALSE
joinXL	85	cran	FALSE
kinesis	85	cran	FALSE
kmodR	85	cran	FALSE
L2E	85	cran	FALSE
lcyanalysis	85	cran	FALSE
LexFindR	85	cran	FALSE
LifeHist	85	cran	FALSE
linevis	85	cran	FALSE
localIV	85	cran	FALSE
LSRS	85	cran	FALSE
MakefileR	85	cran	FALSE
malani	85	cran	FALSE
mapsRinteractive	85	cran	FALSE
marcher	85	cran	FALSE
markdownInput	85	cran	FALSE
matchr	85	cran	FALSE
MedLEA	85	cran	FALSE
messy_cats	85	cran	FALSE
metaCluster	85	cran	FALSE
metapro	85	cran	FALSE
metawho	85	cran	FALSE
meteR	85	cran	FALSE
metrosp	85	cran	FALSE
MicroNiche	85	cran	FALSE
mitey	85	cran	FALSE
mnt	85	cran	FALSE
MODIStsp	85	cran	FALSE
monoreg	85	cran	FALSE
MonotonicityTest	85	cran	FALSE
MortalityGaps	85	cran	FALSE
mp	85	cran	FALSE
multisom	85	cran	FALSE
NCutYX	85	cran	FALSE
NDP	85	cran	FALSE
nilde	85	cran	FALSE
ntsDists	85	cran	FALSE
OBASpatial	85	cran	FALSE
odetector	85	cran	FALSE
One4All	85	cran	FALSE
OrdCD	85	cran	FALSE
parallelMCMCcombine	85	cran	FALSE
parallelpam	85	cran	FALSE
PCObw	85	cran	FALSE
pedbuildr	85	cran	FALSE
PlotContour	85	cran	FALSE
plpoisson	85	cran	FALSE
pmclust	85	cran	FALSE
PointFore	85	cran	FALSE
polaroid	85	cran	FALSE
PolicyPortfolios	85	cran	FALSE
poptrend	85	cran	FALSE
PRISM_forecast	85	cran	FALSE
pylintR	85	cran	FALSE
qsimulatR	85	cran	FALSE
QuadRoot	85	cran	FALSE
quickNmix	85	cran	FALSE
ramchoice	85	cran	FALSE
RApiDatetime	85	cran	FALSE
rco	85	cran	FALSE
ReliabilityTheory	85	cran	FALSE
resde	85	cran	FALSE
RespirAnalyzer	85	cran	FALSE
rgtmx	85	cran	FALSE
ricegeneann	85	cran	FALSE
rleafmap	85	cran	FALSE
RMThreshold	85	cran	FALSE
ROI_models_globalOptTests	85	cran	FALSE
rPAex	85	cran	FALSE
rytstat	85	cran	FALSE
rYWAASB	85	cran	TRUE
scifigure	85	cran	FALSE
scryr	85	cran	FALSE
SDGdetector	85	cran	FALSE
seedCCA	85	cran	FALSE
segmentr	85	cran	FALSE
segmetric	85	cran	FALSE
segtest	85	cran	FALSE
SelectBoost_gamlss	85	cran	FALSE
SFtools	85	cran	FALSE
shinyChatR	85	cran	FALSE
simtrait	85	cran	FALSE
simukde	85	cran	FALSE
SITH	85	cran	FALSE
smartsizer	85	cran	FALSE
smfishHmrf	85	cran	FALSE
smfsb	85	cran	FALSE
soilhypfit	85	cran	FALSE
Sojourn_Data	85	cran	FALSE
SparseMSE	85	cran	FALSE
sparsevb	85	cran	FALSE
standartox	85	cran	FALSE
StatTeacherAssistant	85	cran	FALSE
stringx	85	cran	FALSE
summarytabl	85	cran	FALSE
SurrogateOutcome	85	cran	FALSE
svyVarSel	85	cran	FALSE
TBFmultinomial	85	cran	FALSE
templates	85	cran	FALSE
testDriveR	85	cran	FALSE
tidyweather	85	cran	FALSE
tipa	85	cran	FALSE
tndata	85	cran	FALSE
TOHM	85	cran	FALSE
tomba	85	cran	FALSE
trainR	85	cran	FALSE
TreeMineR	85	cran	FALSE
trigpoints	85	cran	FALSE
tsnet	85	cran	FALSE
VariableScreening	85	cran	FALSE
vietnameseConverter	85	cran	FALSE
VIRF	85	cran	FALSE
vntrs	85	cran	FALSE
WCluster	85	cran	FALSE
WeightedEnsemble	85	cran	FALSE
welo	85	cran	FALSE
xhaz	85	cran	FALSE
yaConsensus	85	cran	FALSE
YEAB	85	cran	FALSE
abms	84	cran	FALSE
adj	84	cran	FALSE
adverbial	84	cran	FALSE
ALFAM2	84	cran	FALSE
amazonadsR	84	cran	FALSE
AOUSDOHtools	84	cran	FALSE
apathe	84	cran	FALSE
Apoderoides	84	cran	FALSE
arcpy	84	cran	FALSE
asciichartr	84	cran	FALSE
asdreader	84	cran	FALSE
autogam	84	cran	FALSE
automatedtests	84	cran	FALSE
baorista	84	cran	FALSE
bayespm	84	cran	FALSE
bbmix	84	cran	FALSE
BCA1SG	84	cran	FALSE
betaregscale	84	cran	FALSE
BIDistances	84	cran	FALSE
blox	84	cran	FALSE
BRcal	84	cran	FALSE
BRINDA	84	cran	FALSE
C19dNUTS	84	cran	FALSE
CASCORE	84	cran	FALSE
CatPredi	84	cran	FALSE
CCM	84	cran	FALSE
Certara_DarwinReporter	84	cran	FALSE
CINID	84	cran	FALSE
CircaCP	84	cran	FALSE
CircularDDM	84	cran	FALSE
cisp	84	cran	FALSE
clda	84	cran	FALSE
CloneSeeker	84	cran	FALSE
clustlearn	84	cran	FALSE
CNVreg	84	cran	FALSE
cohetsurr	84	cran	FALSE
condir	84	cran	FALSE
ConSpline	84	cran	FALSE
convertr	84	cran	FALSE
cramR	84	cran	FALSE
cryptotrackr	84	cran	FALSE
cubicBsplines	84	cran	FALSE
curveDepth	84	cran	FALSE
custom_gauss_quad	84	cran	FALSE
CVD	84	cran	FALSE
dataresqc	84	cran	FALSE
ddpca	84	cran	FALSE
demoShiny	84	cran	FALSE
DendroSync	84	cran	FALSE
denovolyzeR	84	cran	FALSE
DeProViR	84	bioc_fallback_rank	FALSE
distops	84	cran	FALSE
Distributacalcul	84	cran	FALSE
dMrs	84	cran	FALSE
DNAmixturesLite	84	cran	FALSE
docore	84	cran	FALSE
dpGMM	84	cran	FALSE
dpseg	84	cran	FALSE
dynBiplotGUI	84	cran	FALSE
easyViz	84	cran	FALSE
EMLI	84	cran	FALSE
EpiPvr	84	cran	FALSE
ERPM	84	cran	FALSE
fableCount	84	cran	FALSE
facebookorganicR	84	cran	FALSE
FlickrAPI	84	cran	FALSE
flowcluster	84	cran	FALSE
footprint	84	cran	FALSE
galts	84	cran	FALSE
geecure	84	cran	FALSE
genomic_autocorr	84	cran	FALSE
geomultistar	84	cran	FALSE
gepaf	84	cran	FALSE
ggbuildr	84	cran	FALSE
ggthemeUL	84	cran	FALSE
GiniDistance	84	cran	FALSE
gmfd	84	cran	FALSE
gms	84	cran	FALSE
gnFit	84	cran	FALSE
GPP	84	cran	FALSE
grangers	84	cran	FALSE
GUEST	84	cran	FALSE
GVARX	84	cran	FALSE
hctrial	84	cran	FALSE
heckmanGE	84	cran	FALSE
hetu	84	cran	FALSE
hexify	84	cran	FALSE
hpcwld	84	cran	FALSE
httping	84	cran	FALSE
HyMETT	84	cran	FALSE
iemisc	84	cran	FALSE
ifctools	84	cran	FALSE
ifultools	84	cran	TRUE
iGasso	84	cran	FALSE
ipfr	84	cran	FALSE
iPRISM	84	cran	FALSE
JSDNE	84	cran	FALSE
kantorovich	84	cran	FALSE
klsh	84	cran	FALSE
KOGMWU	84	cran	FALSE
kronos	84	cran	FALSE
Kurt	84	cran	FALSE
letsRept	84	cran	FALSE
libdeflate	84	cran	FALSE
litRiddle	84	cran	FALSE
litterfitter	84	cran	FALSE
login	84	cran	FALSE
lpanda	84	cran	FALSE
LSTbook	84	cran	FALSE
matpow	84	cran	FALSE
matricks	84	cran	FALSE
matuR	84	cran	FALSE
mazealls	84	cran	FALSE
mazeinda	84	cran	FALSE
md_log	84	cran	FALSE
metainc	84	cran	FALSE
metrix	84	cran	FALSE
MigConnectivity	84	cran	TRUE
MindOnStats	84	cran	FALSE
mixedsde	84	cran	FALSE
MixOptim	84	cran	FALSE
mkssd	84	cran	FALSE
MLmorph	84	cran	FALSE
mlsbm	84	cran	FALSE
modesto	84	cran	FALSE
mojson	84	cran	FALSE
monotonicity	84	cran	FALSE
mSigTools	84	cran	FALSE
MultiGroupO	84	cran	FALSE
mvst	84	cran	FALSE
nasadata	84	cran	FALSE
nblR	84	cran	FALSE
NetDA	84	cran	FALSE
nlnet	84	cran	FALSE
nnlasso	84	cran	FALSE
OCSdata	84	cran	FALSE
openaiRtools	84	cran	FALSE
opendotaR	84	cran	FALSE
opticut	84	cran	FALSE
oRaklE	84	cran	FALSE
pacviz	84	cran	FALSE
panstarrs	84	cran	FALSE
PantaRhei	84	cran	FALSE
pdqr	84	cran	FALSE
penMSM	84	cran	FALSE
pestr	84	cran	FALSE
phenModel	84	cran	FALSE
PLRModels	84	cran	FALSE
plutor	84	cran	FALSE
Poly4AT	84	cran	FALSE
pop_wolf	84	cran	FALSE
popPyramid	84	cran	FALSE
predRupdate	84	cran	FALSE
prefeR	84	cran	FALSE
PRIMAL	84	cran	FALSE
prolsirm	84	cran	FALSE
provExplainR	84	cran	FALSE
pssmooth	84	cran	FALSE
PUGMM	84	cran	FALSE
pumBayes	84	cran	FALSE
Qest	84	cran	FALSE
R_temis	84	cran	FALSE
radEmu	84	cran	FALSE
rangemodelR	84	cran	FALSE
rankinPlot	84	cran	FALSE
rarms	84	cran	FALSE
RcppFastAD	84	cran	FALSE
RCRnorm	84	cran	FALSE
redditadsR	84	cran	FALSE
represtools	84	cran	FALSE
rexer	84	cran	FALSE
rgenius	84	cran	FALSE
rhype	84	cran	FALSE
RM2006	84	cran	FALSE
RMSNumpress	84	cran	FALSE
RND	84	cran	FALSE
RPDTest	84	cran	FALSE
RplotterPkg	84	cran	FALSE
rtern	84	cran	FALSE
saros_base	84	cran	FALSE
sccr	84	cran	FALSE
screenshot	84	cran	FALSE
SDCNway	84	cran	FALSE
SenSpe	84	cran	FALSE
sEparaTe	84	cran	FALSE
sgstar	84	cran	FALSE
ShapeChange	84	cran	FALSE
shinyChakraSlider	84	cran	FALSE
shinyNotes	84	cran	FALSE
SIBERG	84	cran	FALSE
SILGGM	84	cran	FALSE
SIMICO	84	cran	FALSE
SimNPH	84	cran	FALSE
sims	84	cran	FALSE
SLFPCA	84	cran	FALSE
soilfoodwebs	84	cran	FALSE
sparkavro	84	cran	FALSE
SpeTestNP	84	cran	FALSE
SQL	84	cran	FALSE
squant	84	cran	FALSE
sr	84	cran	FALSE
srt	84	cran	FALSE
starry	84	cran	FALSE
StormR	84	cran	FALSE
supercompress	84	cran	FALSE
superspreading	84	cran	FALSE
surveybootstrap	84	cran	FALSE
survRM2perm	84	cran	FALSE
SynthTools	84	cran	FALSE
tabulator	84	cran	FALSE
tabulog	84	cran	FALSE
tdsc	84	cran	FALSE
tensorBF	84	cran	FALSE
tfdeploy	84	cran	FALSE
thinkr	84	cran	FALSE
threesixtygiving	84	cran	FALSE
tigreBrowserWriter	84	cran	FALSE
tipitaka_critical	84	cran	FALSE
transmdl	84	cran	FALSE
truh	84	cran	FALSE
TSMySQL	84	cran	FALSE
USgrid	84	cran	FALSE
valet	84	cran	FALSE
vectorwavelet	84	cran	FALSE
VennItem	84	cran	FALSE
viewscape	84	cran	FALSE
visa	84	cran	FALSE
visae	84	cran	FALSE
vMF	84	cran	FALSE
vvcanvas	84	cran	FALSE
WaveletKNN	84	cran	FALSE
weakARMA	84	cran	FALSE
wrTopDownFrag	84	cran	FALSE
zoomGroupStats	84	cran	FALSE
accessrmd	83	cran	FALSE
aka	83	cran	FALSE
altadata	83	cran	FALSE
aspi	83	cran	FALSE
Autoseed	83	cran	FALSE
awinR	83	cran	FALSE
baggingbwsel	83	cran	FALSE
BANAM	83	cran	FALSE
banffIT	83	cran	FALSE
BayesPET	83	cran	TRUE
bbssr	83	cran	FALSE
BCD	83	cran	FALSE
BCgee	83	cran	FALSE
beaver	83	cran	FALSE
bfpwr	83	cran	FALSE
blockstrap	83	cran	FALSE
BLSM	83	cran	FALSE
blvim	83	cran	FALSE
BMEmapping	83	cran	FALSE
BootMRMR	83	cran	FALSE
brandwatchR	83	cran	FALSE
BTtest	83	cran	FALSE
bullwhipgame	83	cran	FALSE
butterfly	83	cran	FALSE
callme	83	cran	FALSE
campaignmanageR	83	cran	FALSE
categoryEncodings	83	cran	FALSE
changepoints	83	cran	FALSE
cif	83	cran	FALSE
CINmetrics	83	cran	FALSE
CIPerm	83	cran	FALSE
COAP	83	cran	FALSE
colocalization	83	cran	FALSE
COMMA	83	cran	FALSE
connectoModa	83	cran	FALSE
corazon	83	cran	FALSE
corrmeta	83	cran	FALSE
covid19srilanka	83	cran	FALSE
covKCD	83	cran	FALSE
cplots	83	cran	FALSE
cPseudoMaRg	83	cran	FALSE
cronologia	83	cran	FALSE
damAOI	83	cran	FALSE
DataFusionGDM	83	cran	FALSE
ddp	83	cran	FALSE
DFA	83	cran	FALSE
Dforest	83	cran	FALSE
dictionaRy	83	cran	FALSE
diffmatchpatch	83	cran	FALSE
directAgeStd	83	cran	FALSE
discAUC	83	cran	FALSE
discoCVI	83	cran	FALSE
Docovt	83	cran	FALSE
domino	83	cran	FALSE
drcSeedGerm	83	cran	FALSE
drumr	83	cran	FALSE
DUToolkit	83	cran	FALSE
dwctaxon	83	cran	FALSE
easydb	83	cran	FALSE
eCAR	83	cran	FALSE
edcpR	83	cran	FALSE
EGRNi	83	cran	FALSE
elect	83	cran	FALSE
EMDANNhybrid	83	cran	FALSE
EnvNicheR	83	cran	FALSE
epe4md	83	cran	FALSE
epiCo	83	cran	FALSE
ethiodate	83	cran	FALSE
evsim	83	cran	FALSE
ExGaussEstim	83	cran	FALSE
ezCutoffs	83	cran	FALSE
fastglmpca	83	cran	FALSE
FastImputation	83	cran	FALSE
FastStepGraph	83	cran	FALSE
fdq	83	cran	FALSE
fiberLD	83	cran	FALSE
figma	83	cran	FALSE
flap	83	cran	FALSE
flatr	83	cran	FALSE
fmds	83	cran	FALSE
ForCausality	83	cran	FALSE
ForLion	83	cran	FALSE
FSTpackage	83	cran	FALSE
GANPA	83	cran	FALSE
GENMETA	83	cran	FALSE
geocacheR	83	cran	FALSE
gesca	83	cran	FALSE
GETdesigns	83	cran	FALSE
ggaligner	83	cran	FALSE
GGenemy	83	cran	FALSE
gglgbtq	83	cran	FALSE
GimmeMyStats	83	cran	FALSE
globalOptTests	83	cran	FALSE
GowerSom	83	cran	FALSE
GRelevance	83	cran	FALSE
groupr	83	cran	FALSE
GRSxE	83	cran	FALSE
gsloid	83	cran	FALSE
gtranslate	83	cran	FALSE
heaping	83	cran	FALSE
hierBipartite	83	cran	FALSE
hint	83	cran	FALSE
housingData	83	cran	FALSE
hydrogeo	83	cran	FALSE
hypoRF	83	cran	FALSE
IAcsSPCR	83	cran	FALSE
ical	83	cran	FALSE
icecdr	83	cran	FALSE
IDCard	83	cran	FALSE
igfetchr	83	cran	FALSE
interpretR	83	cran	FALSE
IsoMemo	83	cran	FALSE
Karen	83	cran	FALSE
kdml	83	cran	FALSE
kerdiest	83	cran	FALSE
LCMSQA	83	cran	FALSE
LDNN	83	cran	FALSE
leaftime	83	cran	FALSE
LeArEst	83	cran	FALSE
likelihoodTools	83	cran	FALSE
LindleyPowerSeries	83	cran	FALSE
lmf	83	cran	FALSE
lmomPi	83	cran	FALSE
LogisticRCI	83	cran	FALSE
logos	83	cran	FALSE
LOPART	83	cran	FALSE
LPGraph	83	cran	FALSE
lucas	83	cran	FALSE
mailtoR	83	cran	FALSE
MainExistingDatasets	83	cran	FALSE
mappp	83	cran	FALSE
marble	83	cran	FALSE
matconv	83	cran	FALSE
MatrixMixtures	83	cran	FALSE
matriz	83	cran	FALSE
mbX	83	cran	FALSE
MCPModPack	83	cran	FALSE
mded	83	cran	FALSE
metabup	83	cran	FALSE
metalite_table1	83	cran	FALSE
miLineage	83	cran	FALSE
ML2Pvae	83	cran	FALSE
MMeM	83	cran	FALSE
ModelMatrixModel	83	cran	FALSE
moder	83	cran	FALSE
morseTKTD	83	cran	FALSE
MR_RGM	83	cran	FALSE
multibiasmeta	83	cran	FALSE
multiocc	83	cran	FALSE
multirich	83	cran	FALSE
musicXML	83	cran	FALSE
nbapalettes	83	cran	FALSE
netClust	83	cran	FALSE
NetVAR	83	cran	FALSE
NFLSimulatoR	83	cran	FALSE
NIPTeR	83	cran	FALSE
NMAforest	83	cran	FALSE
nmaINLA	83	cran	FALSE
NPCox	83	cran	FALSE
OBL	83	cran	FALSE
OpenSourceAP_DownloadR	83	cran	FALSE
optree	83	cran	FALSE
OptSig	83	cran	FALSE
outcomerate	83	cran	FALSE
partialling_out	83	cran	FALSE
pcev	83	cran	FALSE
pci	83	cran	FALSE
PeakSegOptimal	83	cran	FALSE
penAFT	83	cran	FALSE
pfica	83	cran	FALSE
phd	83	cran	FALSE
phoenics	83	cran	FALSE
picR	83	cran	FALSE
pixelpuzzle	83	cran	FALSE
pkgnews	83	cran	FALSE
pln	83	cran	FALSE
POMS	83	cran	FALSE
power_transform	83	cran	FALSE
powertools	83	cran	FALSE
ProliferativeIndex	83	cran	FALSE
proporz	83	cran	FALSE
provTraceR	83	cran	FALSE
PubMedMining	83	cran	FALSE
qrjoint	83	cran	FALSE
qtwAcademic	83	cran	FALSE
QuantilePeer	83	cran	FALSE
quickblock	83	cran	FALSE
RaJIVE	83	cran	FALSE
rasterpdf	83	cran	FALSE
RationalExp	83	cran	FALSE
ratios	83	cran	FALSE
RCriteo	83	cran	FALSE
recommenderlabBX	83	cran	FALSE
RMOPI	83	cran	FALSE
rMOST	83	cran	FALSE
roptions	83	cran	FALSE
RPesto	83	cran	FALSE
rpm	83	cran	FALSE
Rpolyhedra	83	cran	FALSE
RPublica	83	cran	FALSE
Rrdap	83	cran	FALSE
RxnSim	83	cran	FALSE
RYandexTranslate	83	cran	FALSE
s2dverification	83	cran	FALSE
SampleSize4ClinicalTrials	83	cran	FALSE
SANple	83	cran	FALSE
SBN	83	cran	FALSE
scatr	83	cran	FALSE
scpoisson	83	cran	FALSE
ScriptMapR	83	cran	FALSE
semnar	83	cran	FALSE
sgboost	83	cran	FALSE
sGMRFmix	83	cran	FALSE
sgolay	83	cran	FALSE
shinyKGode	83	cran	FALSE
shrinkem	83	cran	FALSE
shroomDK	83	cran	FALSE
sim2Dpredictr	83	cran	FALSE
simml	83	cran	FALSE
SimTimeVar	83	cran	FALSE
SIRE	83	cran	FALSE
smacofx	83	cran	FALSE
solrad	83	cran	FALSE
spatialGE	83	cran	TRUE
spongebob	83	cran	FALSE
sscor	83	cran	FALSE
stevethemes	83	cran	FALSE
stocks	83	cran	FALSE
studyStrap	83	cran	FALSE
SubVis	83	cran	FALSE
sumExtras	83	cran	FALSE
superdiag	83	cran	FALSE
surrosurvROC	83	cran	FALSE
survivalVignettes	83	cran	FALSE
svHttp	83	cran	FALSE
svplots	83	cran	FALSE
SynchWave	83	cran	FALSE
synthesizer	83	cran	FALSE
tablexlsx	83	cran	FALSE
taboolaR	83	cran	FALSE
TaxicabCA	83	cran	FALSE
tcl	83	cran	FALSE
tdcmStan	83	cran	FALSE
TDIagree	83	cran	FALSE
timbeR	83	cran	FALSE
treestartr	83	cran	FALSE
TSdisaggregation	83	cran	FALSE
uclust	83	cran	FALSE
UPCM	83	cran	FALSE
us_census_geoheader	83	cran	FALSE
VICatMix	83	cran	FALSE
votesys	83	cran	FALSE
WaveletLSTM	83	cran	FALSE
whitewater	83	cran	FALSE
widals	83	cran	FALSE
wikkitidy	83	cran	FALSE
xwf	83	cran	FALSE
ZIPFA	83	cran	FALSE
zipR	83	cran	FALSE
zlog	83	cran	FALSE
zoeppritz	83	cran	FALSE
zoomr	83	cran	FALSE
anybadger	82	cran	FALSE
appsflyeR	82	cran	FALSE
ARPALData	82	cran	FALSE
AWR	82	cran	FALSE
badgen	82	cran	FALSE
bakeoff	82	cran	FALSE
BALLI	82	cran	FALSE
bayesmsm	82	cran	FALSE
benford	82	cran	FALSE
BESTree	82	cran	FALSE
bivarhr	82	cran	FALSE
bmass	82	cran	FALSE
brfinance	82	cran	FALSE
BTdecayLasso	82	cran	FALSE
caplot	82	cran	FALSE
card_pro	82	cran	FALSE
CARM	82	cran	FALSE
ccrtm	82	cran	FALSE
CenBAR	82	cran	FALSE
CepReg	82	cran	FALSE
chartreview	82	cran	FALSE
childeswordfreq	82	cran	FALSE
ClimaRep	82	cran	FALSE
cloudstoR	82	cran	FALSE
ClussCluster	82	cran	FALSE
codebreaker	82	cran	FALSE
colors3d	82	cran	FALSE
colouR	82	cran	FALSE
ConconiAnaerobicThresholdTest	82	cran	FALSE
ConvertPar	82	cran	FALSE
corona	82	cran	FALSE
covid19france	82	cran	FALSE
coxphSGD	82	cran	FALSE
ctgt	82	cran	FALSE
curvir	82	cran	FALSE
cwot	82	cran	FALSE
dataonderivatives	82	cran	FALSE
dCUR	82	cran	FALSE
deepSTRAPP	82	cran	FALSE
DelayedEffect_Design	82	cran	FALSE
DensParcorr	82	cran	FALSE
DEXiR	82	cran	FALSE
diezeit	82	cran	FALSE
DiffNet	82	cran	FALSE
DiscreteQvalue	82	cran	FALSE
dispositionEffect	82	cran	FALSE
DoubleCone	82	cran	FALSE
drugDemand	82	cran	FALSE
dynetNLAResistance	82	cran	FALSE
easy_glmnet	82	cran	FALSE
easypower	82	cran	FALSE
ebmstate	82	cran	FALSE
eChem	82	cran	FALSE
ecipex	82	cran	FALSE
EMOTIONS	82	cran	FALSE
entrymodels	82	cran	FALSE
EQUIVNONINF	82	cran	FALSE
ern	82	cran	FALSE
esDesign	82	cran	FALSE
EUfootball	82	cran	FALSE
executablePackeR	82	cran	FALSE
EXPARMA	82	cran	FALSE
fabricerin	82	cran	FALSE
factree	82	cran	FALSE
FAMoS	82	cran	FALSE
FastUtils	82	cran	FALSE
fdesigns	82	cran	FALSE
FER	82	cran	FALSE
findPackage	82	cran	FALSE
FitUltD	82	cran	FALSE
flassomsm	82	cran	FALSE
flir	82	cran	FALSE
fluoSurv	82	cran	FALSE
funprog	82	cran	FALSE
FunWithNumbers	82	cran	FALSE
fusedMGM	82	cran	FALSE
fxl	82	cran	FALSE
galaxias	82	cran	FALSE
GEEaSPU	82	cran	FALSE
GenAI	82	cran	FALSE
GenderInfer	82	cran	FALSE
genTS	82	cran	FALSE
GGClassification	82	cran	FALSE
ggQQunif	82	cran	FALSE
googleadsR	82	cran	FALSE
groqR	82	cran	FALSE
GroupComparisons	82	cran	FALSE
gTestsMulti	82	cran	FALSE
hashids	82	cran	FALSE
hashr	82	cran	FALSE
HazardDiff	82	cran	FALSE
HomomorphicEncryption	82	cran	FALSE
HWEintrinsic	82	cran	FALSE
hydropeak	82	cran	FALSE
ICGOR	82	cran	FALSE
ICSShiny	82	cran	FALSE
ideamdb	82	cran	FALSE
impimp	82	cran	FALSE
IntervalSurgeon	82	cran	FALSE
intrinsicFRP	82	cran	FALSE
inverseRegex	82	cran	FALSE
invertiforms	82	cran	FALSE
InvStablePrior	82	cran	FALSE
iRoCoDe	82	cran	FALSE
ISO11784Tools	82	cran	FALSE
jaggR	82	cran	FALSE
JFM	82	cran	FALSE
kader	82	cran	FALSE
Kcop	82	cran	FALSE
kgraph	82	cran	FALSE
kissmig	82	cran	FALSE
ktweedie	82	cran	FALSE
l2boost	82	cran	FALSE
LearnVizLMM	82	cran	FALSE
lightAUC	82	cran	FALSE
likeLTD	82	cran	TRUE
lineup2	82	cran	FALSE
LMoFit	82	cran	FALSE
logOfGamma	82	cran	FALSE
makicoint	82	cran	FALSE
matchFeat	82	cran	FALSE
maxent_ot	82	cran	FALSE
mcreplicate	82	cran	FALSE
MCSimMod	82	cran	FALSE
metamer	82	cran	FALSE
metaquant	82	cran	FALSE
mglmn	82	cran	FALSE
mifa	82	cran	FALSE
misspi	82	cran	FALSE
modelSSE	82	cran	FALSE
monreg	82	cran	FALSE
Monte_Carlo_se	82	cran	FALSE
morph	82	cran	FALSE
MOST	82	cran	FALSE
MScombine	82	cran	FALSE
mSigPlot	82	cran	FALSE
MTAR	82	cran	FALSE
multiDoE	82	cran	FALSE
MuPETFlow	82	cran	FALSE
NBtsVarSel	82	cran	FALSE
ncodeR	82	cran	FALSE
NCSCopula	82	cran	FALSE
nearfar	82	cran	FALSE
Neighboot	82	cran	FALSE
nestr	82	cran	FALSE
newFocus	82	cran	FALSE
nlstac	82	cran	FALSE
nmixgof	82	cran	FALSE
novelqualcodes	82	cran	FALSE
nvctr	82	cran	FALSE
ofpetrial	82	cran	FALSE
OneSampleLogRankTest	82	cran	FALSE
oreo	82	cran	FALSE
oro_pet	82	cran	FALSE
owdbr	82	cran	FALSE
PDShiny	82	cran	FALSE
PearsonICA	82	cran	FALSE
pedigreeTools	82	cran	FALSE
pemultinom	82	cran	FALSE
personr	82	cran	FALSE
phase1RMD	82	cran	FALSE
phenoCDM	82	cran	FALSE
pipebind	82	cran	FALSE
pkgmaker	82	cran	FALSE
plotcli	82	cran	FALSE
PosRatioDist	82	cran	FALSE
powerindexR	82	cran	FALSE
presens	82	cran	FALSE
propertee	82	cran	FALSE
provParseR	82	cran	FALSE
ptycho	82	cran	FALSE
pullword	82	cran	FALSE
pwrRasch	82	cran	FALSE
Qapprox	82	cran	FALSE
QCSimulator	82	cran	FALSE
qPCRhelper	82	cran	FALSE
r6qualitytools	82	cran	FALSE
rairtable	82	cran	FALSE
rang	82	cran	FALSE
raws_profile	82	cran	FALSE
RcppHMM	82	cran	FALSE
readmission	82	cran	FALSE
REPLesentR	82	cran	FALSE
reveneraR	82	cran	FALSE
rFSA	82	cran	FALSE
RGE	82	cran	FALSE
RGoogleFit	82	cran	FALSE
ribiosUtils	82	cran	FALSE
rivernet	82	cran	FALSE
robreg3S	82	cran	FALSE
rocnp	82	cran	FALSE
ROI_plugin_deoptim	82	cran	FALSE
ROI_plugin_ipop	82	cran	FALSE
ROKET	82	cran	FALSE
RoundAndRound	82	cran	FALSE
roundhouse	82	cran	FALSE
rplanes	82	cran	FALSE
rskey	82	cran	FALSE
rstanbdp	82	cran	FALSE
Rstg	82	cran	FALSE
RSTr	82	cran	FALSE
rTRIPLEXCWFlux	82	cran	FALSE
saeHB_ZIB	82	cran	FALSE
SAMTx	82	cran	FALSE
scicomptools	82	cran	FALSE
SCOPRO	82	cran	FALSE
scperturbR	82	cran	FALSE
script	82	cran	FALSE
scriptexec	82	cran	FALSE
scToppR	82	bioc_fallback_rank	FALSE
SemiPar_depCens	82	cran	FALSE
sendigR	82	cran	FALSE
sense	82	cran	FALSE
sensibo_sky	82	cran	FALSE
sensory	82	cran	FALSE
sequenceR	82	cran	FALSE
sGBJ	82	cran	FALSE
shinymrp	82	cran	FALSE
shinypivottabler	82	cran	FALSE
sitepickR	82	cran	FALSE
sitools	82	cran	FALSE
SLGP	82	cran	FALSE
SLModels	82	cran	FALSE
smoothedLasso	82	cran	FALSE
sMSROC	82	cran	FALSE
snowflakes	82	cran	FALSE
snSMART	82	cran	FALSE
SoilTesting	82	cran	FALSE
SpatialRoMLE	82	cran	FALSE
speccurvieR	82	cran	FALSE
spldv	82	cran	FALSE
Sshaped	82	cran	FALSE
SSLASSO	82	cran	FALSE
stickyr	82	cran	FALSE
stlARIMA	82	cran	FALSE
SUSY	82	cran	FALSE
svytest	82	cran	FALSE
swatches	82	cran	FALSE
tdROC	82	cran	FALSE
ternvis	82	cran	FALSE
textanalyzer	82	cran	FALSE
ThermalSampleR	82	cran	FALSE
ThomasJeffersonUniv	82	cran	FALSE
tkImgR	82	cran	FALSE
topolow	82	cran	FALSE
transPlotR	82	cran	FALSE
TrendLSW	82	cran	FALSE
TSEAL	82	cran	FALSE
TSF	82	cran	FALSE
TSSVM	82	cran	FALSE
TTS	82	cran	FALSE
tumgr	82	cran	FALSE
uwedragon	82	cran	FALSE
vek	82	cran	FALSE
votesmart	82	cran	FALSE
Wats	82	cran	FALSE
webtrackR	82	cran	FALSE
WLogit	82	cran	FALSE
wodds	82	cran	FALSE
xml2relational	82	cran	FALSE
xnet	82	cran	FALSE
adaplots	81	cran	FALSE
ADVICE	81	cran	FALSE
AHPhybrid	81	cran	FALSE
ai	81	cran	FALSE
arthistory	81	cran	FALSE
azuremapsr	81	cran	FALSE
basemodels	81	cran	FALSE
batman	81	cran	FALSE
bayesianOU	81	cran	FALSE
bespatial	81	cran	FALSE
BinaryReplicates	81	cran	FALSE
binomialtrend	81	cran	FALSE
BioMonTools	81	cran	FALSE
blockr	81	cran	FALSE
blsBandit	81	cran	FALSE
BRACE	81	cran	FALSE
BSW	81	cran	FALSE
CAGR	81	cran	FALSE
calACS	81	cran	FALSE
CanonicalFamilyExtra	81	cran	FALSE
castgen	81	cran	FALSE
Certara_VPCResults	81	cran	FALSE
cgAUC	81	cran	FALSE
CircNNTSRmult	81	cran	FALSE
clogitboost	81	cran	FALSE
cloudUtil	81	cran	FALSE
CMHNPA	81	cran	FALSE
colorify	81	cran	FALSE
CompareTests	81	cran	FALSE
confcons	81	cran	FALSE
copcor	81	cran	FALSE
CoreMicrobiomeR	81	cran	FALSE
corrDNA	81	cran	FALSE
coveR2	81	cran	FALSE
cpa	81	cran	FALSE
CPP	81	cran	FALSE
cprr	81	cran	FALSE
createLogicalPCM	81	cran	FALSE
crone	81	cran	FALSE
csci	81	cran	FALSE
DArand	81	cran	FALSE
Dark	81	cran	FALSE
dateutils	81	cran	FALSE
dbi_table	81	cran	FALSE
ddecompose	81	cran	FALSE
decorrelate	81	cran	FALSE
deliberr	81	cran	FALSE
denvax	81	cran	FALSE
descsuppR	81	cran	FALSE
DetMCD	81	cran	FALSE
dfrr	81	cran	FALSE
dhga	81	cran	FALSE
DIFshiny	81	cran	FALSE
DirectStandardisation	81	cran	FALSE
discursive	81	cran	FALSE
EBASE	81	cran	FALSE
ecic	81	cran	FALSE
ehelp	81	cran	FALSE
EloChoice	81	cran	FALSE
emcAdr	81	cran	FALSE
eodhdR2	81	cran	FALSE
epicasting	81	cran	FALSE
epiomics	81	cran	FALSE
EpiSemble	81	cran	FALSE
ergmgp	81	cran	FALSE
exams_mylearn	81	cran	FALSE
factory	81	cran	FALSE
FastCUB	81	cran	FALSE
fastMatMR	81	cran	FALSE
fcci	81	cran	FALSE
FEA	81	cran	FALSE
ferrn	81	cran	FALSE
FGLMtrunc	81	cran	FALSE
FiRE	81	cran	FALSE
fitdistcp	81	cran	FALSE
flashCard	81	cran	FALSE
FlowRegEnvCost	81	cran	FALSE
fmdu	81	cran	FALSE
foodwebr	81	cran	FALSE
ForecastCombinations	81	cran	FALSE
fPASS	81	cran	FALSE
FRCC	81	cran	FALSE
fRLR	81	cran	FALSE
GDILM_ME	81	cran	FALSE
geessbin	81	cran	FALSE
geneHummus	81	cran	FALSE
geoSAE	81	cran	FALSE
ggmix	81	cran	FALSE
gmDatabase	81	cran	FALSE
gridstackeR	81	cran	FALSE
groupcompare	81	cran	FALSE
growthTrendR	81	cran	FALSE
gsDesignNB	81	cran	FALSE
GSelection	81	cran	FALSE
gsrsb	81	cran	FALSE
hdflex	81	cran	FALSE
hetsurr	81	cran	FALSE
highd2means	81	cran	FALSE
holi	81	cran	FALSE
hospitals	81	cran	FALSE
ICED	81	cran	FALSE
igraphtosonia	81	cran	FALSE
imbibe	81	cran	FALSE
Immigrate	81	cran	FALSE
indelmiss	81	cran	FALSE
index0	81	cran	FALSE
IndGenErrors	81	cran	FALSE
InferenceSMR	81	cran	FALSE
IPMRF	81	cran	FALSE
ipwErrorY	81	cran	FALSE
ironseed	81	cran	FALSE
iSTAY	81	cran	FALSE
iterors	81	cran	FALSE
iTOP	81	cran	FALSE
jackstrap	81	cran	FALSE
jrich	81	cran	FALSE
kirby21_fmri	81	cran	FALSE
kirby21_t1	81	cran	FALSE
kisopenapi	81	cran	FALSE
knfi	81	cran	FALSE
KSPM	81	cran	FALSE
learningr	81	cran	FALSE
LIC	81	cran	FALSE
LikertEZ	81	cran	FALSE
link	81	cran	FALSE
locationgamer	81	cran	FALSE
longsurr	81	cran	FALSE
LTFGRS	81	cran	FALSE
MAIVE	81	cran	FALSE
maldipickr	81	cran	FALSE
ManyIVsNets	81	cran	FALSE
mapycusmaximus	81	cran	FALSE
marketr	81	cran	FALSE
MCPModBC	81	cran	FALSE
metabodecon	81	cran	FALSE
metaprotr	81	cran	FALSE
mildsvm	81	cran	FALSE
MixedTS	81	cran	FALSE
mKBO	81	cran	FALSE
MLBC	81	cran	FALSE
MLEce	81	cran	FALSE
MRmediation	81	cran	FALSE
mstherm	81	cran	FALSE
MTSYS	81	cran	FALSE
multiCA	81	cran	FALSE
musicMCT	81	cran	FALSE
nbconv	81	cran	FALSE
nbody	81	cran	FALSE
newsmd	81	cran	FALSE
NLPclient	81	cran	FALSE
Nmisc	81	cran	FALSE
nomisdata	81	cran	FALSE
NPHazardRate	81	cran	FALSE
NPMLEcmprsk	81	cran	FALSE
nrlR	81	cran	FALSE
onlinePCA	81	cran	FALSE
orgR	81	cran	FALSE
packMBPLSDA	81	cran	FALSE
PAS	81	cran	FALSE
pawscore	81	cran	FALSE
pbANOVA	81	cran	FALSE
PCGII	81	cran	FALSE
pdi	81	cran	FALSE
pgKDEsphere	81	cran	FALSE
phylocanvas	81	cran	FALSE
pipefittr	81	cran	FALSE
plumberDeploy	81	cran	FALSE
pop_lion	81	cran	FALSE
popgenr	81	cran	FALSE
powerbiR	81	cran	FALSE
powerCompRisk	81	cran	FALSE
predfairness	81	cran	FALSE
primefactr	81	cran	FALSE
prismadiagramR	81	cran	FALSE
PsyControl	81	cran	FALSE
pubrplot	81	cran	FALSE
QAEnsemble	81	cran	FALSE
R2Addhaz	81	cran	FALSE
R6DS	81	cran	FALSE
racir	81	cran	FALSE
rampage	81	cran	FALSE
RandPro	81	cran	FALSE
Rarity	81	cran	FALSE
rdaisi	81	cran	FALSE
reactCheckbox	81	cran	FALSE
readtextgrid	81	cran	FALSE
ream	81	cran	FALSE
reasonabletools	81	cran	FALSE
RegAssure	81	cran	FALSE
ReMFPCA	81	cran	FALSE
REMLA	81	cran	FALSE
restimizeapi	81	cran	FALSE
rgabriel	81	cran	FALSE
rgm	81	cran	FALSE
Ricrt	81	cran	FALSE
RInSp	81	cran	FALSE
rise	81	cran	FALSE
ropensecretsapi	81	cran	FALSE
rrMixture	81	cran	FALSE
RTCC	81	cran	FALSE
rtodoist	81	cran	FALSE
Rtropical	81	cran	FALSE
saeHB_panel_beta	81	cran	FALSE
saeHB_TF_beta	81	cran	FALSE
sara4r	81	cran	FALSE
satdad	81	cran	FALSE
scISR	81	cran	FALSE
sen2r	81	cran	FALSE
Seqtometry	81	bioc_fallback_rank	FALSE
SFM	81	cran	FALSE
sgmodel	81	cran	FALSE
sMTL	81	cran	FALSE
snapchatadsR	81	cran	FALSE
SoftClustering	81	cran	FALSE
som_nn	81	cran	FALSE
splinetrials	81	cran	FALSE
SPSP	81	cran	FALSE
statsearchanalyticsr	81	cran	FALSE
stima	81	cran	FALSE
Storm	81	cran	FALSE
stressr	81	cran	FALSE
stringstatic	81	cran	FALSE
sTSD	81	cran	FALSE
Sunclarco	81	cran	FALSE
synchrony	81	cran	FALSE
SynDI	81	cran	FALSE
Taba	81	cran	FALSE
TBox	81	cran	FALSE
TDCor	81	cran	FALSE
tigerhitteR	81	cran	FALSE
timedeppar	81	cran	FALSE
TimeVizPro	81	cran	FALSE
tinythemes	81	cran	FALSE
tqk	81	cran	FALSE
traktok	81	cran	FALSE
Trendtwosub	81	cran	FALSE
tscopula	81	cran	FALSE
tsissm	81	cran	FALSE
ucie	81	cran	FALSE
uncmbb	81	cran	FALSE
uni_survival_tree	81	cran	FALSE
Unico	81	cran	FALSE
usdarnass	81	cran	FALSE
vaersNDvax	81	cran	FALSE
valmetrics	81	cran	FALSE
valuemap	81	cran	FALSE
varEst	81	cran	FALSE
vctsfr	81	cran	FALSE
Wcompo	81	cran	FALSE
WgtEff	81	cran	FALSE
wsMed	81	cran	FALSE
xegaSelectGene	81	cran	FALSE
ammistability	80	cran	FALSE
aplms	80	cran	FALSE
aridagri	80	cran	FALSE
ASMbook	80	cran	FALSE
avstrat	80	cran	FALSE
blit	80	cran	FALSE
BOP2FE	80	cran	FALSE
BoundaryStats	80	cran	FALSE
bsnsing	80	cran	FALSE
BSTFA	80	cran	FALSE
cemco	80	cran	FALSE
cepp	80	cran	FALSE
ceRtainty	80	cran	FALSE
cgmquantify	80	cran	FALSE
CheckDigit	80	cran	FALSE
CHOIRBM	80	cran	FALSE
choosepc	80	cran	FALSE
clintrialx	80	cran	FALSE
clmstan	80	cran	FALSE
ComradesM	80	cran	FALSE
control	80	cran	FALSE
Convolutioner	80	cran	FALSE
corella	80	cran	FALSE
cppcheckR	80	cran	FALSE
crassmat	80	cran	FALSE
currencyapi	80	cran	FALSE
curry	80	cran	FALSE
dagHMM	80	cran	FALSE
datoramar	80	cran	FALSE
dcce	80	cran	FALSE
deepMOU	80	cran	FALSE
dformula	80	cran	FALSE
dfr	80	cran	FALSE
DiDforBigData	80	cran	FALSE
droll	80	cran	FALSE
DTDA_ni	80	cran	FALSE
dualScale	80	cran	FALSE
dynpanel	80	cran	FALSE
echos	80	cran	FALSE
ecorisk	80	cran	FALSE
effectsizescr	80	cran	FALSE
EMDSVRhybrid	80	cran	FALSE
EngrExpt	80	cran	FALSE
errum	80	cran	FALSE
eunis_habitats	80	cran	FALSE
EWS	80	cran	FALSE
exams2learnr	80	cran	FALSE
fairGATE	80	cran	FALSE
FeaLect	80	cran	FALSE
fence	80	cran	FALSE
FEprovideR	80	cran	FALSE
FinCovRegularization	80	cran	FALSE
finto	80	cran	FALSE
FishDiveR	80	cran	FALSE
fixedTimeEvents	80	cran	FALSE
flacco	80	cran	FALSE
flagr	80	cran	FALSE
focusedMDS	80	cran	FALSE
foundry	80	cran	FALSE
FPCdpca	80	cran	FALSE
freshr	80	cran	FALSE
GARCHIto	80	cran	FALSE
gds	80	cran	FALSE
genderapi	80	cran	FALSE
ggfigdone	80	cran	FALSE
gghexsize	80	cran	FALSE
gghourglass	80	cran	FALSE
ggplayfair	80	cran	FALSE
ggstudent	80	cran	FALSE
graphpcor	80	cran	FALSE
gwasforest	80	cran	FALSE
HDXBoxeR	80	cran	FALSE
heddlr	80	cran	FALSE
heims	80	cran	FALSE
hlidacr	80	cran	FALSE
homnormal	80	cran	FALSE
hset	80	cran	FALSE
hudr	80	cran	FALSE
HurreconR	80	cran	FALSE
HydroPortailStats	80	cran	FALSE
iClusterVB	80	cran	FALSE
icmm	80	cran	FALSE
ispdata	80	cran	FALSE
jmBIG	80	cran	FALSE
jmdem	80	cran	FALSE
jointCompRisk	80	cran	FALSE
jot	80	cran	FALSE
jpgrid	80	cran	FALSE
jubilee	80	cran	FALSE
karaoke	80	cran	FALSE
KNNShiny	80	cran	FALSE
l1kdeconv	80	cran	FALSE
labeleR	80	cran	FALSE
LDAcoop	80	cran	FALSE
learner	80	cran	FALSE
lenses	80	cran	FALSE
licoread	80	cran	FALSE
linERR	80	cran	FALSE
listArray	80	cran	FALSE
loopevd	80	cran	FALSE
lovecraftr	80	cran	FALSE
LPKsample	80	cran	FALSE
lss2	80	cran	FALSE
M3	80	cran	FALSE
malan	80	cran	FALSE
MASSTIMATE	80	cran	FALSE
MCPModGeneral	80	cran	FALSE
MECfda	80	cran	FALSE
mergen	80	cran	FALSE
MetaAnalyser	80	cran	FALSE
microCRAN	80	cran	FALSE
mispr	80	cran	FALSE
mixpower	80	cran	FALSE
MMINP	80	cran	FALSE
mMPA	80	cran	FALSE
mnlfa	80	cran	FALSE
ModEstM	80	cran	FALSE
moodleR	80	cran	FALSE
mountainplot	80	cran	FALSE
MRStdLCRT	80	cran	FALSE
MRTSampleSizeBinary	80	cran	FALSE
MRZero	80	cran	FALSE
multicastR	80	cran	FALSE
multiModTest	80	cran	FALSE
mvLSWimpute	80	cran	FALSE
natcpp	80	cran	FALSE
NB_MClust	80	cran	FALSE
NBDesign	80	cran	FALSE
Newdistns	80	cran	FALSE
niaidMI	80	cran	FALSE
nichevol	80	cran	FALSE
nparsurv	80	cran	FALSE
npboottprm	80	cran	FALSE
nsarfima	80	cran	FALSE
nutriNetwork	80	cran	FALSE
occupationMeasurement	80	cran	FALSE
OmicsQC	80	cran	FALSE
oosse	80	cran	FALSE
OptimalRerandExpDesigns	80	cran	FALSE
ORTSC	80	cran	FALSE
PanelCount	80	cran	FALSE
parqr	80	cran	FALSE
PepMapViz	80	cran	FALSE
pepr	80	cran	FALSE
pGPx	80	cran	FALSE
PhytoIn	80	cran	FALSE
plac	80	cran	FALSE
plumbr	80	cran	FALSE
pokemon	80	cran	FALSE
polypoly	80	cran	FALSE
popPCR	80	cran	FALSE
postcard	80	cran	FALSE
powerprior	80	cran	FALSE
priorityelasticnet	80	cran	FALSE
processmonitR	80	cran	FALSE
provGraphR	80	cran	FALSE
pubmedtk	80	cran	FALSE
purge	80	cran	FALSE
pvldcurve	80	cran	FALSE
PWIR	80	cran	FALSE
qGaussian	80	cran	FALSE
qtlc	80	cran	FALSE
QualityMeasure	80	cran	FALSE
rACMEMEEV	80	cran	FALSE
radviz3d	80	cran	FALSE
rccola	80	cran	FALSE
rema	80	cran	FALSE
reval	80	cran	FALSE
RHSDB	80	cran	FALSE
Rivivc	80	cran	FALSE
robustlm	80	cran	FALSE
rPackedBar	80	cran	FALSE
rPowerSampleSize	80	cran	FALSE
RTLknitr	80	cran	FALSE
Rtumblr	80	cran	FALSE
rupturesRcpp	80	cran	FALSE
s7contract	80	cran	FALSE
SEAGLE	80	cran	FALSE
sealasso	80	cran	FALSE
sectorgap	80	cran	FALSE
sensmediation	80	cran	FALSE
seq2R	80	cran	FALSE
shiftR	80	cran	FALSE
shinydbauth	80	cran	FALSE
shinyIRT	80	cran	FALSE
SillyPutty	80	cran	FALSE
simplevis	80	cran	FALSE
simrec	80	cran	FALSE
skylight	80	cran	FALSE
slanter	80	cran	FALSE
sleacr	80	cran	FALSE
sphereML	80	cran	FALSE
spikes	80	cran	FALSE
SpliceImpactR	80	bioc_fallback_rank	FALSE
SSRMST	80	cran	FALSE
ssrn	80	cran	FALSE
starsTileServer	80	cran	FALSE
StealLikeBayes	80	cran	FALSE
stemmatology	80	cran	FALSE
steprf	80	cran	FALSE
stocc	80	cran	FALSE
StockDistFit	80	cran	FALSE
symptomcheckR	80	cran	FALSE
testequavar	80	cran	FALSE
tetrascatt	80	cran	FALSE
TheOpenAIR	80	cran	FALSE
trajmsm	80	cran	FALSE
treedata_table	80	cran	FALSE
tsentiment	80	cran	FALSE
tsgc	80	cran	FALSE
twitteradsR	80	cran	FALSE
uisapi	80	cran	FALSE
UncDecomp	80	cran	FALSE
updateme	80	cran	FALSE
UpDown	80	cran	FALSE
valaddin	80	cran	FALSE
validata	80	cran	FALSE
vaRiskScore	80	cran	FALSE
vatcheckapi	80	cran	FALSE
VBel	80	cran	FALSE
VectorCodeR	80	cran	FALSE
VIGoR	80	cran	FALSE
washdata	80	cran	FALSE
wfindr	80	cran	FALSE
WH	80	cran	FALSE
windsoraiR	80	cran	FALSE
words	80	cran	FALSE
wordsalad	80	cran	FALSE
zendeskR	80	cran	FALSE
abasequence	79	cran	FALSE
AdsorpR	79	cran	FALSE
aftsem	79	cran	FALSE
AirExposure	79	cran	FALSE
alphaN	79	cran	FALSE
argminCS	79	cran	FALSE
bayesMRM	79	cran	FALSE
BayesVolcano	79	cran	FALSE
BcDiag	79	cran	FALSE
bispdep	79	cran	FALSE
bivariateLeaflet	79	cran	FALSE
booami	79	cran	FALSE
bridgr	79	cran	FALSE
brif	79	cran	FALSE
bsTools	79	cran	FALSE
CardioCurveR	79	cran	FALSE
catool	79	cran	FALSE
cbbinom	79	cran	FALSE
CBnetworkMA	79	cran	FALSE
cd	79	cran	FALSE
cellOrigins	79	cran	FALSE
CepalStatR	79	cran	FALSE
cforward	79	cran	FALSE
charlesschwabapi	79	cran	FALSE
CHEMIST	79	cran	FALSE
childfree	79	cran	FALSE
choicedata	79	cran	FALSE
CITMIC	79	cran	FALSE
CJIVE	79	cran	FALSE
CMMs	79	cran	FALSE
codelist	79	cran	FALSE
codez	79	cran	FALSE
CompositionalML	79	cran	FALSE
concstats	79	cran	FALSE
cope	79	cran	FALSE
criticalpath	79	cran	FALSE
DataCombine	79	cran	FALSE
dcorVS	79	cran	FALSE
defm	79	cran	FALSE
DescriptiveRepresentationCalculator	79	cran	FALSE
detectors	79	cran	FALSE
diaplt	79	cran	FALSE
difconet	79	cran	FALSE
DiSSMod	79	cran	FALSE
distfree_cr	79	cran	FALSE
documenter	79	cran	FALSE
donutsk	79	cran	FALSE
DrillR	79	cran	FALSE
DysPIAData	79	cran	FALSE
EconCausal	79	cran	FALSE
edl	79	cran	FALSE
edwards97	79	cran	FALSE
EL2Surv	79	cran	FALSE
empichar	79	cran	FALSE
EpiTest	79	cran	FALSE
ErrorTracer	79	cran	FALSE
EuclideanSD	79	cran	FALSE
evalR	79	cran	FALSE
evinf	79	cran	FALSE
fairsubset	79	cran	FALSE
fcm	79	cran	FALSE
fdp	79	cran	FALSE
fillr	79	cran	FALSE
fishRman	79	cran	FALSE
fitscape	79	cran	FALSE
flexmsm	79	cran	FALSE
fluxtools	79	cran	FALSE
FreqProf	79	cran	FALSE
frostr	79	cran	FALSE
fwtraits	79	cran	FALSE
gemma2	79	cran	FALSE
gen5helper	79	cran	FALSE
GeodRegr	79	cran	FALSE
getwiki	79	cran	FALSE
GFisher	79	cran	FALSE
Ghost	79	cran	FALSE
gnrprod	79	cran	FALSE
gregRy	79	cran	FALSE
gstar	79	cran	FALSE
HaDeX2	79	cran	FALSE
hbbr	79	cran	FALSE
hdMTD	79	cran	FALSE
hellodatascience	79	cran	FALSE
hiddenf	79	cran	FALSE
hJAM	79	cran	FALSE
hydroMOPSO	79	cran	FALSE
hypercube	79	cran	FALSE
hypothesisr	79	cran	FALSE
igrf	79	cran	FALSE
ImML	79	cran	FALSE
inDAGO	79	cran	FALSE
InjurySeverityScore	79	cran	FALSE
InterfaceqPCR	79	cran	FALSE
ipeval	79	cran	FALSE
isnullptr	79	cran	FALSE
jiebaR	79	cran	FALSE
jmSurface	79	cran	FALSE
kdist	79	cran	FALSE
legocolors	79	cran	FALSE
LFDR_MLE	79	cran	FALSE
LGRF	79	cran	FALSE
lineupjs	79	cran	FALSE
LogicForest	79	cran	FALSE
lterpalettefinder	79	cran	FALSE
MAKL	79	cran	FALSE
mappings	79	cran	FALSE
matchedcc	79	cran	FALSE
maxmatching	79	cran	FALSE
MedDietCalc	79	cran	FALSE
meteoEVT	79	cran	FALSE
mineCitrus	79	cran	FALSE
mixbox	79	cran	FALSE
MixStable	79	cran	FALSE
mlsjunkgen	79	cran	FALSE
mmconvert	79	cran	FALSE
MNARclust	79	cran	FALSE
mpitbR	79	cran	FALSE
MPS	79	cran	FALSE
msamp	79	cran	FALSE
MultiLevelOptimalBayes	79	cran	FALSE
multimedia	79	cran	FALSE
MultSurvTests	79	cran	FALSE
mutationtypes	79	cran	FALSE
mvfmr	79	cran	FALSE
mvtmeta	79	cran	FALSE
myownrobs	79	cran	FALSE
NEpiC	79	cran	FALSE
NestMRMC	79	cran	FALSE
nhsnumber	79	cran	FALSE
nnt	79	cran	FALSE
node2vec	79	cran	FALSE
nonsmooth	79	cran	FALSE
NormExpression	79	cran	FALSE
npi	79	cran	FALSE
nzffdr	79	cran	FALSE
oblicubes	79	cran	FALSE
occ	79	cran	FALSE
oceCens	79	cran	FALSE
orcamentoBR	79	cran	FALSE
OSDR	79	cran	FALSE
passt	79	cran	FALSE
pcLasso	79	cran	FALSE
pdfminer	79	cran	FALSE
PhilipsHue	79	cran	FALSE
Pijavski	79	cran	FALSE
pinochet	79	cran	FALSE
pipeliner	79	cran	FALSE
plgraphics	79	cran	FALSE
PopulationGrowthR	79	cran	FALSE
postGGIR	79	cran	FALSE
postlogic	79	cran	FALSE
ppsbm	79	cran	FALSE
presmoothedTP	79	cran	FALSE
proxirr	79	cran	FALSE
public_ctn0094extra	79	cran	FALSE
PUPMCR	79	cran	FALSE
putior	79	cran	FALSE
QAIG	79	cran	FALSE
qshap	79	cran	FALSE
quantreg_nonpar	79	cran	FALSE
r311	79	cran	FALSE
rcppmlpackexamples	79	cran	FALSE
rcrisp	79	cran	FALSE
recoder	79	cran	FALSE
redquack	79	cran	FALSE
reslife	79	cran	FALSE
resquin	79	cran	FALSE
revert	79	cran	FALSE
rgr	79	cran	FALSE
riemtan	79	cran	FALSE
Rita	79	cran	FALSE
rlcv	79	cran	FALSE
RLescalation	79	cran	FALSE
RLoptimal	79	cran	FALSE
robcat	79	cran	FALSE
roccv	79	cran	FALSE
rockr	79	cran	FALSE
RPointCloud	79	cran	FALSE
rroad	79	cran	FALSE
Rspc	79	cran	FALSE
saeHB	79	cran	FALSE
SAGMM	79	cran	FALSE
sampbias	79	cran	FALSE
SampleSizeMeans	79	cran	FALSE
SBAGM	79	cran	FALSE
SBICgraph	79	cran	FALSE
Scalelink	79	cran	FALSE
scrollrevealR	79	cran	FALSE
segen	79	cran	FALSE
segmenTier	79	cran	FALSE
sepkoski	79	cran	FALSE
SEset	79	cran	FALSE
sgee	79	cran	FALSE
shiny_blueprint	79	cran	FALSE
shinyanimate	79	cran	FALSE
shinyCox	79	cran	FALSE
simpleMH	79	cran	FALSE
SNBdata	79	cran	FALSE
SNSchart	79	cran	FALSE
socialrisk	79	cran	FALSE
SongEvo	79	cran	FALSE
spANOVA	79	cran	FALSE
sparsestep	79	cran	FALSE
SPCALDA	79	cran	FALSE
spotidy	79	cran	FALSE
SPSL	79	cran	FALSE
strat	79	cran	FALSE
stressaddition	79	cran	FALSE
SuRF_vs	79	cran	FALSE
SurvivalTests	79	cran	FALSE
Table1Heatmap	79	cran	FALSE
TauStar	79	cran	FALSE
tea	79	cran	FALSE
tetRys	79	cran	FALSE
tidydann	79	cran	FALSE
tidydfidx	79	cran	FALSE
tilting	79	cran	FALSE
timefully	79	cran	FALSE
trendyy	79	cran	FALSE
tTOlr	79	cran	FALSE
twoway	79	cran	FALSE
uncorbets	79	cran	FALSE
unifiedml	79	cran	FALSE
utilityFunctionTools	79	cran	FALSE
vov	79	cran	FALSE
vsgoftest	79	cran	FALSE
vvtermtime	79	cran	FALSE
weatherjoin	79	cran	FALSE
wig	79	cran	FALSE
wmm	79	cran	FALSE
WoodSimulatR	79	cran	FALSE
Z10	79	cran	FALSE
zendown	79	cran	FALSE
zzlite	79	cran	FALSE
AdIsMF	78	cran	FALSE
aftR2	78	cran	FALSE
align	78	cran	FALSE
alpmixBayes	78	cran	FALSE
alternativeROC	78	cran	FALSE
ARCHISSUR	78	cran	FALSE
asympTest	78	cran	FALSE
ATQ	78	cran	FALSE
AVGAS	78	cran	FALSE
BAREB	78	cran	FALSE
BayesCVI	78	cran	FALSE
bayfoxr	78	cran	FALSE
biblioverlap	78	cran	FALSE
BiocBuildReporter	78	bioc_fallback_rank	FALSE
Bioi	78	cran	FALSE
birtr	78	cran	FALSE
bsynth	78	cran	FALSE
bursa	78	cran	FALSE
CAOP_RAA_2024	78	cran	FALSE
causens	78	cran	FALSE
CC	78	cran	FALSE
ciw	78	cran	FALSE
CMHSU	78	cran	FALSE
cobiclust	78	cran	FALSE
cocotest	78	cran	FALSE
CombinePortfolio	78	cran	FALSE
confinterpret	78	cran	FALSE
ConjointChecks	78	cran	FALSE
copulareg	78	cran	FALSE
cord	78	cran	FALSE
countDM	78	cran	FALSE
countland	78	cran	FALSE
countsplit	78	cran	FALSE
crumble	78	cran	FALSE
CSMES	78	cran	FALSE
cvLM	78	cran	FALSE
cvmgof	78	cran	FALSE
cystiSim	78	cran	FALSE
dadjokeapi	78	cran	FALSE
DasGuptR	78	cran	FALSE
DataClean	78	cran	FALSE
DataSetsUni	78	cran	FALSE
DateTimeRangePicker	78	cran	FALSE
DBHC	78	cran	FALSE
DescriptiveWH	78	cran	FALSE
diffdfs	78	cran	FALSE
disclapmix2	78	cran	FALSE
DNetFinder	78	cran	FALSE
doseSens	78	cran	FALSE
DOvalidation	78	cran	FALSE
dstat2x2xk	78	cran	FALSE
Ease	78	cran	FALSE
eNchange	78	cran	FALSE
ensemblepp	78	cran	FALSE
epichains	78	cran	FALSE
equivalenceTest	78	cran	FALSE
ergm_sign	78	cran	FALSE
esback	78	cran	FALSE
etrader	78	cran	FALSE
ETRep	78	cran	FALSE
Evomorph	78	cran	FALSE
extBatchMarking	78	cran	FALSE
extRC	78	cran	FALSE
extremogram	78	cran	FALSE
EZbakR	78	cran	FALSE
factReg	78	cran	FALSE
FAS	78	cran	FALSE
fcl	78	cran	FALSE
figir	78	cran	FALSE
fisheye	78	cran	FALSE
fixerapi	78	cran	FALSE
FixSeqMTP	78	cran	FALSE
flexCountReg	78	cran	FALSE
FMAdist	78	cran	FALSE
folders	78	cran	FALSE
fpopw	78	cran	FALSE
FuncDiv	78	cran	FALSE
fuser	78	cran	FALSE
FuzzyQ	78	cran	FALSE
FWRGB	78	cran	FALSE
GAGAs	78	cran	FALSE
gamesGA	78	cran	FALSE
GAparsimony	78	cran	FALSE
gconsensus	78	cran	FALSE
gensphere	78	cran	FALSE
ginormal	78	cran	FALSE
GPGame	78	cran	FALSE
guildai	78	cran	FALSE
HDclust	78	cran	FALSE
HGMND	78	cran	FALSE
HOIFCar	78	cran	FALSE
hrcomprisk	78	cran	FALSE
hsem	78	cran	FALSE
IADT	78	cran	FALSE
ialiquor	78	cran	FALSE
ICSKAT	78	cran	FALSE
idiffomix	78	cran	FALSE
IDSL_FSA	78	cran	FALSE
IFMCDM	78	cran	FALSE
imanr	78	cran	FALSE
ImportanceIndice	78	cran	FALSE
IndiAPIs	78	cran	FALSE
indirect	78	cran	FALSE
integr	78	cran	FALSE
ipwCoxCSV	78	cran	FALSE
irrICC	78	cran	FALSE
irtawsi	78	cran	FALSE
isoboost	78	cran	FALSE
istatR	78	cran	FALSE
KCSNBShiny	78	cran	FALSE
kmBlock	78	cran	FALSE
LAD	78	cran	FALSE
LassoBacktracking	78	cran	FALSE
letsHerp	78	cran	FALSE
LifeTableFertility	78	cran	FALSE
linkedInadsR	78	cran	FALSE
lognGPD	78	cran	FALSE
longRPart2	78	cran	FALSE
LTFHPlus	78	cran	FALSE
M2SMJF	78	cran	FALSE
MARSANNhybrid	78	cran	FALSE
MARSGWR	78	cran	FALSE
MDCcure	78	cran	FALSE
mdir_logrank	78	cran	FALSE
MDSPCAShiny	78	cran	FALSE
mergenstudio	78	cran	FALSE
metapost	78	cran	FALSE
metsyn	78	cran	FALSE
mfaces	78	cran	FALSE
MHTmult	78	cran	FALSE
MIDASim	78	cran	FALSE
minimalRSD	78	cran	FALSE
MIXFIM	78	cran	FALSE
mlspatial	78	cran	FALSE
modeltuning	78	cran	FALSE
monashtipr	78	cran	FALSE
mopac	78	cran	FALSE
mort	78	cran	FALSE
mrap	78	cran	FALSE
MSGARCHelm	78	cran	FALSE
MUACz	78	cran	FALSE
multilaterals	78	cran	FALSE
multiness	78	cran	FALSE
NPCDTools	78	cran	FALSE
NU_Learning	78	cran	FALSE
oceanwaves	78	cran	FALSE
offlineChange	78	cran	FALSE
OOBCurve	78	cran	FALSE
orcidtr	78	cran	FALSE
orsifronts	78	cran	FALSE
osrmr	78	cran	FALSE
outliers_ts_oga	78	cran	FALSE
ozbabynames	78	cran	FALSE
PAGWAS	78	cran	FALSE
paintingr	78	cran	FALSE
password	78	cran	FALSE
pCalibrate	78	cran	FALSE
pell	78	cran	FALSE
perumammals	78	cran	FALSE
PheNorm	78	cran	FALSE
phyext2	78	cran	FALSE
PICBayes	78	cran	FALSE
poisDoubleSamp	78	cran	FALSE
polykde	78	cran	FALSE
powerNLSEM	78	cran	FALSE
ppgm	78	cran	FALSE
ppweibull	78	cran	FALSE
precmed	78	cran	FALSE
PressPurt	78	cran	FALSE
PropClust	78	cran	FALSE
protag	78	cran	FALSE
proton	78	cran	FALSE
ProTrackR2	78	cran	FALSE
PSinference	78	cran	FALSE
PUPMSI	78	cran	FALSE
qcQpcr	78	cran	FALSE
qualvar	78	cran	FALSE
quickOutlier	78	cran	FALSE
racademyocean	78	cran	FALSE
radlibs	78	cran	FALSE
RankResponse	78	cran	FALSE
raptools	78	cran	FALSE
RcppXts	78	cran	FALSE
readme2vignette	78	cran	FALSE
readmoRe	78	cran	FALSE
Recon	78	cran	FALSE
RegrCoeffsExplorer	78	cran	FALSE
RelDists	78	cran	FALSE
reproresearchR	78	cran	FALSE
rfieldclimate	78	cran	FALSE
rlowdb	78	cran	FALSE
ROCaggregator	78	cran	FALSE
ROpenDota	78	cran	FALSE
RPEnsemble	78	cran	FALSE
RRRR	78	cran	FALSE
rsocialwatcher	78	cran	FALSE
SAFARI	78	cran	FALSE
samplingR	78	cran	FALSE
sawnuti	78	cran	FALSE
SCINA	78	cran	FALSE
sdstudio	78	cran	FALSE
segRDA	78	cran	FALSE
sgapi	78	cran	FALSE
SGDinference	78	cran	FALSE
sherlock	78	cran	FALSE
shopifyadsR	78	cran	FALSE
SignalY	78	cran	FALSE
sigugr	78	cran	FALSE
SimCorrMix	78	cran	FALSE
sklarsomega	78	cran	FALSE
slasso	78	cran	FALSE
snpAIMeR	78	cran	FALSE
Sobol4R	78	cran	FALSE
SOR	78	cran	FALSE
SpatGC	78	cran	FALSE
spatgeom	78	cran	FALSE
SpatialPOP	78	cran	FALSE
splash	78	cran	FALSE
SpNMF	78	cran	FALSE
SRTtools	78	cran	FALSE
STICr	78	cran	FALSE
stlELM	78	cran	FALSE
stlTDNN	78	cran	FALSE
stmgui	78	cran	FALSE
SuperRanker	78	cran	FALSE
survivalPLANN	78	cran	FALSE
svyCausalGLM	78	cran	FALSE
SweepDiscovery	78	cran	FALSE
syllabifyr	78	cran	FALSE
tabbycat	78	cran	FALSE
tablecompare	78	cran	FALSE
tabledown	78	cran	FALSE
tabularMLC	78	cran	FALSE
terminaldigits	78	cran	FALSE
thorn	78	cran	FALSE
ThreeWiseMonkeys	78	cran	FALSE
timbr	78	cran	FALSE
tm_plugin_koRpus	78	cran	FALSE
TotalCopheneticIndex	78	cran	FALSE
TrafficBDE	78	cran	FALSE
transmem	78	cran	FALSE
transx	78	cran	FALSE
triact	78	cran	FALSE
tricolore	78	cran	FALSE
twl	78	cran	FALSE
UAHDataScienceUC	78	cran	FALSE
ugomquantreg	78	cran	FALSE
usdampr	78	cran	FALSE
validatesuggest	78	cran	FALSE
variantspark	78	cran	FALSE
VARtests	78	cran	FALSE
VDAP	78	cran	FALSE
visor	78	cran	FALSE
vostokR	78	cran	TRUE
wec	78	cran	FALSE
WeightedPortTest	78	cran	FALSE
wfg	78	cran	FALSE
wsprv	78	cran	FALSE
ZIDW	78	cran	FALSE
ZINAR1	78	cran	FALSE
ActiveLearning4SPM	77	cran	FALSE
AdaptiveBoxplot	77	cran	FALSE
afc	77	cran	FALSE
aloom	77	cran	FALSE
amscorer	77	cran	FALSE
apmx	77	cran	FALSE
ARHT	77	cran	FALSE
assocInd	77	cran	FALSE
AteMeVs	77	cran	FALSE
b32	77	cran	FALSE
bakerrr	77	cran	FALSE
bodycompref	77	cran	FALSE
bold	77	cran	FALSE
bossR	77	cran	FALSE
CCSRfind	77	cran	FALSE
ccss	77	cran	FALSE
cft	77	cran	FALSE
CGP	77	cran	FALSE
cipheR	77	cran	FALSE
CIpostSelect	77	cran	FALSE
ciuupi2	77	cran	FALSE
clinCompare	77	cran	FALSE
cloudfs	77	cran	FALSE
cogirt	77	cran	FALSE
combcoint	77	cran	FALSE
comorbidPGS	77	cran	FALSE
CompositeReliability	77	cran	FALSE
contextFind	77	cran	FALSE
countgmifs	77	cran	FALSE
CrcBiomeScreen	77	bioc_fallback_rank	FALSE
CRediTas	77	cran	FALSE
crrcbcv	77	cran	FALSE
cryptography	77	cran	FALSE
CustomDerivative	77	cran	FALSE
cusumcharter	77	cran	FALSE
dclust	77	cran	FALSE
decompositionLE	77	cran	FALSE
depcoeff	77	cran	FALSE
dilp	77	cran	FALSE
directadjusting	77	cran	FALSE
discharge	77	cran	FALSE
DisimForMixed	77	cran	FALSE
distTails	77	cran	FALSE
diversityArch	77	cran	FALSE
doubt	77	cran	FALSE
drape	77	cran	FALSE
dse	77	cran	FALSE
duckduckr	77	cran	FALSE
DYM	77	cran	FALSE
DyMEP	77	cran	FALSE
ECTTDNN	77	cran	FALSE
ed50	77	cran	FALSE
educineq	77	cran	FALSE
eemdARIMA	77	cran	FALSE
EEMDSVR	77	cran	FALSE
eList	77	cran	FALSE
eltr	77	cran	FALSE
EMpeaksR	77	cran	FALSE
encryptedRmd	77	cran	FALSE
epiworldRcalibrate	77	cran	FALSE
eyeTrackR	77	cran	FALSE
fasster	77	cran	FALSE
fastrep	77	cran	FALSE
fastWavelets	77	cran	FALSE
foto	77	cran	FALSE
GAGBLUP	77	cran	FALSE
gamlssbssn	77	cran	FALSE
gamlssx	77	cran	FALSE
genset	77	cran	FALSE
geoknife	77	cran	FALSE
GeomArchetypal	77	cran	FALSE
geoperu	77	cran	FALSE
gfboost	77	cran	FALSE
gfiUltra	77	cran	FALSE
ggRtsy	77	cran	FALSE
ggwidth	77	cran	FALSE
glam	77	cran	FALSE
GNSSseg	77	cran	FALSE
gontr	77	cran	FALSE
gquad	77	cran	FALSE
GreedyEPL	77	cran	FALSE
gridDebug	77	cran	FALSE
GroupBN	77	cran	FALSE
GSD	77	cran	FALSE
gseries	77	cran	FALSE
HARr	77	cran	FALSE
healthequal	77	cran	FALSE
healthiar	77	cran	FALSE
hicream	77	cran	FALSE
hightR	77	cran	FALSE
hscovar	77	cran	FALSE
hspm	77	cran	FALSE
HSPOR	77	cran	FALSE
htmlreportR	77	cran	FALSE
ICglm	77	cran	FALSE
idmc	77	cran	FALSE
INQC	77	cran	FALSE
interim	77	cran	FALSE
invivoPKfit	77	cran	FALSE
ipbase	77	cran	FALSE
ivaBSS	77	cran	FALSE
jjb	77	cran	FALSE
josaplay	77	cran	FALSE
json64	77	cran	FALSE
KEPTED	77	cran	FALSE
kin_cohort	77	cran	FALSE
KINSIMU	77	cran	FALSE
knotR	77	cran	FALSE
lablaster	77	cran	FALSE
legislatoR	77	cran	FALSE
less	77	cran	FALSE
lglasso	77	cran	FALSE
lmreg	77	cran	FALSE
localboot	77	cran	FALSE
logistic4p	77	cran	FALSE
LPsmooth	77	cran	FALSE
LSPFP	77	cran	FALSE
MAICtools	77	cran	FALSE
manifold	77	cran	FALSE
march	77	cran	FALSE
mccount	77	cran	FALSE
mcgf	77	cran	FALSE
MChtest	77	cran	FALSE
MDDC	77	cran	FALSE
mig	77	cran	FALSE
MigrationDetectR	77	cran	FALSE
MIMER	77	cran	FALSE
miniLNM	77	cran	FALSE
missCforest	77	cran	FALSE
mixRaschTools	77	cran	FALSE
modMax	77	cran	FALSE
motifr	77	cran	FALSE
MSSQL	77	cran	FALSE
mueRelativeRisk	77	cran	FALSE
mulset	77	cran	FALSE
MultiGroupSequential	77	cran	FALSE
MultipleBreakpoints	77	cran	FALSE
MultipleRegression	77	cran	FALSE
MvBinary	77	cran	FALSE
nawtilus	77	cran	FALSE
nemtr	77	cran	FALSE
nlMS	77	cran	FALSE
noncomplyR	77	cran	FALSE
NPLStoolbox	77	cran	FALSE
nsp	77	cran	FALSE
numberofalleles	77	cran	FALSE
numKM	77	cran	FALSE
ogrdbstats	77	cran	FALSE
Oncofilterfast	77	cran	FALSE
optrefine	77	cran	FALSE
orclus	77	cran	FALSE
ORCME	77	cran	FALSE
ordinalLBM	77	cran	FALSE
packageDiff	77	cran	FALSE
paramhetero	77	cran	FALSE
parcr	77	cran	FALSE
photosynthesisLRC	77	cran	FALSE
pipetime	77	cran	FALSE
pixels	77	cran	FALSE
PKconverter	77	cran	FALSE
plsmselect	77	cran	FALSE
PoissonMultinomial	77	cran	FALSE
PolyTree	77	cran	FALSE
PPMR	77	cran	FALSE
PreKnitPostHTMLRender	77	cran	FALSE
PTE	77	cran	FALSE
pwranova	77	cran	FALSE
Q2q	77	cran	FALSE
qiitr	77	cran	FALSE
qoi	77	cran	FALSE
QuantBondCurves	77	cran	FALSE
QuantileOnQuantile	77	cran	FALSE
quickregression	77	cran	FALSE
quoradsR	77	cran	FALSE
rangecondprob	77	cran	FALSE
RANKS	77	cran	FALSE
rapidphylo	77	cran	FALSE
raqs	77	cran	FALSE
rarestR	77	cran	FALSE
rationalfun	77	cran	FALSE
RBF	77	cran	FALSE
RcppFarmHash	77	cran	FALSE
rdi	77	cran	FALSE
readosense	77	cran	FALSE
resilience	77	cran	FALSE
rewie	77	cran	FALSE
RFlocalfdr	77	cran	FALSE
RGeode	77	cran	FALSE
Rigma	77	cran	FALSE
rinet	77	cran	FALSE
rintimg	77	cran	FALSE
Risk	77	cran	FALSE
riskPredictClustData	77	cran	FALSE
riskscores	77	cran	FALSE
Ritc	77	cran	FALSE
rkafkajars	77	cran	FALSE
robustGarch	77	cran	FALSE
Rparadox	77	cran	FALSE
rspacer	77	cran	FALSE
runcharter	77	cran	FALSE
rvalues	77	cran	FALSE
sanon	77	cran	FALSE
scatterbar	77	cran	FALSE
SCBiclust	77	cran	FALSE
scqe	77	cran	FALSE
scR	77	cran	FALSE
scROSHI	77	cran	FALSE
segregatr	77	cran	FALSE
seguid	77	cran	FALSE
sgr	77	cran	FALSE
shapeNA	77	cran	FALSE
shinydrive	77	cran	FALSE
siie	77	cran	FALSE
SingleCellComplexHeatMap	77	cran	FALSE
SIRthresholded	77	cran	FALSE
sisVIVE	77	cran	FALSE
SkeletalVis	77	cran	FALSE
slowraker	77	cran	FALSE
SOMEnv	77	cran	FALSE
sonify	77	cran	FALSE
spanish	77	cran	FALSE
SparseLPM	77	cran	FALSE
SPCompute	77	cran	FALSE
spnaf	77	cran	FALSE
spnn	77	cran	FALSE
ssmn	77	cran	FALSE
sspm	77	cran	FALSE
StackImpute	77	cran	FALSE
starling	77	cran	FALSE
stepdownfdp	77	cran	FALSE
StroupGLMM	77	cran	FALSE
studentlife	77	cran	FALSE
submax	77	cran	FALSE
surveygraph	77	cran	FALSE
survivalREC	77	cran	FALSE
SVN	77	cran	FALSE
SyncRNG	77	cran	FALSE
tabit	77	cran	FALSE
taipan	77	cran	FALSE
TAShiny	77	cran	FALSE
tenm	77	cran	FALSE
textTools	77	cran	FALSE
tfaddons	77	cran	FALSE
tidyextreme	77	cran	FALSE
tidyrstats	77	cran	FALSE
TIGERr	77	cran	FALSE
tower	77	cran	FALSE
TraceAssist	77	cran	FALSE
TreeDep	77	cran	FALSE
TroublemakeR	77	cran	FALSE
trustedtimestamping	77	cran	FALSE
tseffects	77	cran	FALSE
TSGS	77	cran	FALSE
TULIP	77	cran	FALSE
UBStats	77	cran	FALSE
Umoments	77	cran	FALSE
unbalhaar	77	cran	FALSE
uncertainty	77	cran	FALSE
UnitStat	77	cran	FALSE
uscoauditlog	77	cran	FALSE
valorate	77	cran	FALSE
VertexSimilarity	77	cran	FALSE
volcanoPlot	77	cran	FALSE
WA	77	cran	FALSE
WaveletETS	77	cran	FALSE
weightedScores	77	cran	FALSE
woe	77	cran	FALSE
writeAlizer	77	cran	FALSE
XKCDdata	77	cran	FALSE
YTAnalytics	77	cran	FALSE
ztype	77	cran	FALSE
actfts	76	cran	FALSE
ADSIHT	76	cran	FALSE
afmpar	76	cran	FALSE
ageg	76	cran	FALSE
ALLSPICER	76	cran	FALSE
appsheet	76	cran	FALSE
Argentum	76	cran	FALSE
armaOptions	76	cran	FALSE
auctionr	76	cran	FALSE
authoritative	76	cran	FALSE
autodb	76	cran	FALSE
AV1R	76	cran	FALSE
avilistr	76	cran	FALSE
BayesRegDTR	76	cran	FALSE
baygel	76	cran	FALSE
BCSreg	76	cran	FALSE
bdDwC	76	cran	FALSE
bexy	76	cran	FALSE
brar	76	cran	FALSE
bundesligR	76	cran	FALSE
buoyant	76	cran	FALSE
changepointsVar	76	cran	FALSE
clinicalfair	76	cran	FALSE
clustTMB	76	cran	FALSE
CMIP6VisR	76	cran	FALSE
cmmr	76	cran	FALSE
codyna	76	cran	FALSE
corpmetrics	76	cran	FALSE
covid19tunisia	76	cran	FALSE
cprobit	76	cran	FALSE
CREAM	76	cran	FALSE
cssTools	76	cran	FALSE
cvmdisc	76	cran	FALSE
dapper	76	cran	FALSE
DarkDiv	76	cran	FALSE
decompML	76	cran	FALSE
dendrometeR	76	cran	FALSE
descutils	76	cran	FALSE
devFunc	76	cran	FALSE
disttools	76	cran	FALSE
DLASSO	76	cran	FALSE
documentosbr	76	cran	FALSE
doParabar	76	cran	FALSE
DSAM	76	cran	FALSE
dstabledist	76	cran	FALSE
dTBM	76	cran	FALSE
dtComb	76	cran	FALSE
dtpcrm	76	cran	FALSE
earlygating	76	cran	FALSE
easyclimate	76	cran	FALSE
easynem	76	cran	FALSE
eCerto	76	cran	FALSE
electivity	76	cran	FALSE
endtoend	76	cran	FALSE
EpistemicGameTheory	76	cran	FALSE
esem	76	cran	FALSE
eventInterval	76	cran	FALSE
exams2sakai	76	cran	FALSE
ExNRuleEnsemble	76	cran	FALSE
expperm	76	cran	FALSE
ffbase	76	cran	FALSE
FIND	76	cran	FALSE
FiSh	76	cran	FALSE
flam	76	cran	FALSE
flood	76	cran	FALSE
FluxPoint	76	cran	FALSE
forwards	76	cran	FALSE
fractalforest	76	cran	FALSE
frailtyROC	76	cran	FALSE
FREEtree	76	cran	FALSE
frequentdirections	76	cran	FALSE
FRI	76	cran	FALSE
fsthet	76	cran	FALSE
GeneF	76	cran	FALSE
GenomicCoordinates	76	bioc_fallback_rank	FALSE
GenoPop	76	cran	FALSE
GephiForR	76	cran	FALSE
GGMselect	76	cran	FALSE
ggrecipes	76	cran	FALSE
gif	76	cran	FALSE
glmlep	76	cran	FALSE
glscalibrator	76	cran	FALSE
GMSimpute	76	cran	FALSE
googleTagManageR	76	cran	FALSE
gor	76	cran	FALSE
gqlr	76	cran	FALSE
GRAB	76	cran	FALSE
grt	76	cran	FALSE
gwid	76	cran	FALSE
GWsignif	76	cran	FALSE
h2o4gpu	76	cran	FALSE
haarfisz	76	cran	FALSE
HCPclust	76	cran	FALSE
HCR	76	cran	FALSE
HiGarrote	76	cran	FALSE
HOasso	76	cran	FALSE
HRTnomaly	76	cran	FALSE
humanFormat	76	cran	FALSE
ibb	76	cran	FALSE
icmstate	76	cran	FALSE
IDSL_SUFA	76	cran	FALSE
IgAScores	76	cran	FALSE
IIProductionUnknown	76	cran	FALSE
IPCWK	76	cran	FALSE
ircor	76	cran	FALSE
JNplots	76	cran	FALSE
jointCalib	76	cran	FALSE
jointest	76	cran	FALSE
jumps	76	cran	FALSE
kehra	76	cran	FALSE
kfino	76	cran	FALSE
kpcaIG	76	cran	FALSE
latenetwork	76	cran	FALSE
linkcomm	76	cran	FALSE
lodGWAS	76	cran	FALSE
loewesadditivity	76	cran	FALSE
longit	76	cran	FALSE
LPBkg	76	cran	FALSE
LRMF3	76	cran	FALSE
masscor	76	cran	FALSE
mbr	76	cran	FALSE
mHG	76	cran	FALSE
milorGWAS	76	cran	FALSE
MLCOPULA	76	cran	FALSE
MMD	76	cran	FALSE
modopt_matlab	76	cran	FALSE
MOLHD	76	cran	FALSE
mrct	76	cran	FALSE
MRQoL	76	cran	FALSE
MRStdCRT	76	cran	FALSE
MultiNMix	76	cran	FALSE
MultiplierDEA	76	cran	FALSE
MultOrdRS	76	cran	FALSE
mvnimpute	76	cran	FALSE
NBAloveR	76	cran	FALSE
neatRanges	76	cran	FALSE
NestedMenu	76	cran	FALSE
nifti_io	76	cran	FALSE
NMAR	76	cran	FALSE
nonparametric_bayes	76	cran	FALSE
NPIstats	76	cran	FALSE
NVAR	76	cran	FALSE
oaii	76	cran	FALSE
oglcnac	76	cran	FALSE
onnx	76	cran	FALSE
oottest	76	cran	FALSE
opImputation	76	cran	FALSE
optband	76	cran	FALSE
otrKM	76	cran	FALSE
PaLMr	76	cran	FALSE
palmtree	76	cran	FALSE
paramlink2	76	cran	FALSE
PathwayVote	76	cran	FALSE
phylometrics	76	cran	FALSE
phytoclass	76	cran	FALSE
pinterestadsR	76	cran	FALSE
pkdata	76	cran	FALSE
pkgverse	76	cran	FALSE
pluscode	76	cran	FALSE
POCRE	76	cran	FALSE
powerPLS	76	cran	FALSE
predtoolsTS	76	cran	FALSE
primate	76	cran	FALSE
promethee123	76	cran	FALSE
ProSportsDraftData	76	cran	FALSE
pwr4exp	76	cran	FALSE
QCEWAS	76	cran	FALSE
QGameTheory	76	cran	FALSE
QR	76	cran	FALSE
R2DT	76	cran	FALSE
r6methods	76	cran	FALSE
randcorr	76	cran	FALSE
randgeo	76	cran	FALSE
RapidPolygonLookup	76	cran	FALSE
rashnu	76	cran	FALSE
Rbearcat	76	cran	FALSE
rbtc	76	cran	FALSE
rcccd	76	cran	FALSE
RCT2	76	cran	FALSE
RDnp	76	cran	FALSE
redistverse	76	cran	FALSE
Rfractran	76	cran	FALSE
RHRT	76	cran	FALSE
riceware	76	cran	FALSE
ringostat	76	cran	FALSE
Rnvd3	76	cran	FALSE
ROptimus	76	cran	FALSE
rosario	76	cran	FALSE
RPANDA	76	cran	FALSE
rpgconn	76	cran	FALSE
rpls	76	cran	FALSE
rQSAR	76	cran	FALSE
Rspotify	76	cran	FALSE
RsqMed	76	cran	FALSE
RSStest	76	cran	FALSE
rusk	76	cran	FALSE
rv	76	cran	FALSE
rYoutheria	76	cran	FALSE
sansa	76	cran	FALSE
savonliquide	76	cran	FALSE
sbim	76	cran	FALSE
SEI	76	cran	FALSE
shiny_emptystate	76	cran	FALSE
shinyKnobs	76	cran	FALSE
silp	76	cran	FALSE
simfit	76	cran	FALSE
simITS	76	cran	FALSE
simpleFDR	76	cran	FALSE
simplifyNet	76	cran	FALSE
siteymlgen	76	cran	FALSE
skytrackr	76	cran	FALSE
smartsheetr	76	cran	FALSE
snem	76	cran	FALSE
snha	76	cran	FALSE
SnowData	76	cran	FALSE
specieschrom	76	cran	FALSE
spectralR	76	cran	FALSE
Spectran	76	cran	FALSE
SPPcomb	76	cran	FALSE
SPreg	76	cran	FALSE
spreval	76	cran	FALSE
sqlparseR	76	cran	FALSE
sra	76	cran	FALSE
stors	76	cran	FALSE
StructureMC	76	cran	FALSE
survAWKMT2	76	cran	FALSE
SveltePlots	76	cran	FALSE
swaprinc	76	cran	FALSE
tdaunif	76	cran	FALSE
tensorsparse	76	cran	FALSE
TestingSimilarity	76	cran	FALSE
text2emotion	76	cran	FALSE
tictactoe	76	cran	FALSE
topicmodels_etm	76	cran	FALSE
toxSummary	76	cran	FALSE
triggerstrategy	76	cran	FALSE
trps	76	cran	FALSE
tsdataleaks	76	cran	FALSE
tssim	76	cran	FALSE
ttcg	76	cran	FALSE
UPSvarApprox	76	cran	FALSE
VBphenoR	76	cran	FALSE
ViSe	76	cran	FALSE
Voss	76	cran	FALSE
VTShiny	76	cran	FALSE
WordOfMouth	76	cran	FALSE
workspace	76	cran	FALSE
xmlr	76	cran	FALSE
xplainfi	76	cran	FALSE
xxhashlite	76	cran	FALSE
YatesAlgo_FactorialExp_SR	76	cran	FALSE
ActuarialM	75	cran	FALSE
avlm	75	cran	FALSE
axisandallies	75	cran	FALSE
BayesRep	75	cran	FALSE
bcRP	75	cran	FALSE
bdlim	75	cran	FALSE
BETS	75	cran	FALSE
bfboin	75	cran	FALSE
BinarybalancedCut	75	cran	FALSE
biosampleR	75	cran	FALSE
BlueCarbon	75	cran	FALSE
bssbinom	75	cran	FALSE
Capsule	75	cran	FALSE
CARMS	75	cran	FALSE
charisma	75	cran	FALSE
CIM	75	cran	FALSE
CirclesIntersections	75	cran	FALSE
CLAST	75	cran	FALSE
clttools	75	cran	FALSE
cocoon	75	cran	FALSE
COLP	75	cran	FALSE
consibiocloudclient	75	cran	FALSE
contourforest	75	cran	FALSE
Crosstabs_Loglinear	75	cran	FALSE
cryptoverse	75	cran	FALSE
cvsem	75	cran	FALSE
DCEmgmt	75	cran	FALSE
DDESONN	75	cran	FALSE
DetLifeInsurance	75	cran	FALSE
dipw	75	cran	FALSE
docket	75	cran	FALSE
DOEM	75	cran	FALSE
dpcc	75	cran	FALSE
dscoreMSM	75	cran	FALSE
dsos	75	cran	FALSE
dynafluxr	75	cran	FALSE
ecolTest	75	cran	FALSE
ef	75	cran	FALSE
ehaGoF	75	cran	FALSE
elitism	75	cran	FALSE
emailvalidation	75	cran	FALSE
emery	75	cran	FALSE
EnergyOnlineCPM	75	cran	FALSE
EpidigiR	75	cran	FALSE
ervissexplore	75	cran	FALSE
eufmdis_adapt	75	cran	FALSE
factiv	75	cran	FALSE
fgitR	75	cran	FALSE
FitAR	75	cran	FALSE
FunctionalCalibration	75	cran	FALSE
GEInfo	75	cran	FALSE
ggisotonic	75	cran	FALSE
ggmr	75	cran	FALSE
gJLS2	75	cran	FALSE
gluvarpro	75	cran	FALSE
GrabSVG	75	cran	FALSE
groupwalk	75	cran	FALSE
growR	75	cran	FALSE
hammers	75	bioc_fallback_rank	FALSE
HEtools	75	cran	FALSE
HGraph	75	cran	FALSE
HNPclassifier	75	cran	FALSE
HUM	75	cran	FALSE
hyreg2	75	cran	FALSE
ibger	75	cran	FALSE
ibs	75	cran	FALSE
imprecise101	75	cran	FALSE
inplace	75	cran	FALSE
invctr	75	cran	FALSE
ipa	75	cran	FALSE
iso8601	75	cran	FALSE
isokernel	75	cran	FALSE
isotonic_pen	75	cran	FALSE
ivd	75	cran	FALSE
izmir	75	cran	FALSE
jenga	75	cran	FALSE
JICO	75	cran	FALSE
jollofR	75	cran	FALSE
jshintr	75	cran	FALSE
jvcoords	75	cran	FALSE
KCSKNNShiny	75	cran	FALSE
kdps	75	cran	FALSE
labsimplex	75	cran	FALSE
LARisk	75	cran	FALSE
lassopv	75	cran	FALSE
lazysql	75	cran	FALSE
llogistic	75	cran	FALSE
lmmot	75	cran	FALSE
logitFD	75	cran	FALSE
longitudinalData	75	cran	FALSE
LSTMfactors	75	cran	FALSE
lvimp	75	cran	FALSE
MandalaR	75	cran	FALSE
markovmix	75	cran	FALSE
matrans	75	cran	FALSE
mclm	75	cran	FALSE
MCMC4Extremes	75	cran	FALSE
MediaK	75	cran	FALSE
MetaHD	75	cran	FALSE
mewAvg	75	cran	FALSE
mExplorer	75	cran	FALSE
mgi_report_reader	75	cran	FALSE
mixdir	75	cran	FALSE
mltest	75	cran	FALSE
modACDC	75	cran	FALSE
MorphoRegions	75	cran	FALSE
mthapower	75	cran	FALSE
multiActionButton	75	cran	FALSE
MultivariateTrendAnalysis	75	cran	FALSE
myCRAN	75	cran	FALSE
NostalgiR	75	cran	FALSE
nTARP	75	cran	FALSE
ocf	75	cran	FALSE
oecdoda	75	cran	FALSE
onsr	75	cran	FALSE
OpenRange	75	cran	FALSE
OPL	75	cran	FALSE
PAMhm	75	cran	FALSE
panelhetero	75	cran	FALSE
PartCensReg	75	cran	FALSE
pastboon	75	cran	FALSE
pedtricks	75	cran	FALSE
persDx	75	cran	FALSE
phsopendata	75	cran	FALSE
phylolm_hp	75	cran	FALSE
PiC	75	cran	FALSE
PlatformDesign	75	cran	FALSE
pleio	75	cran	FALSE
PoolDilutionR	75	cran	FALSE
PopComm	75	cran	FALSE
powerpkg	75	cran	FALSE
pplot	75	cran	FALSE
prevtoinc	75	cran	FALSE
pricelevels	75	cran	FALSE
privacyR	75	cran	FALSE
proteomicsCV	75	cran	FALSE
PScr	75	cran	FALSE
PUPAK	75	cran	FALSE
pycno	75	cran	FALSE
Q7	75	cran	FALSE
QRank	75	cran	FALSE
quantileDA	75	cran	FALSE
quartabs	75	cran	FALSE
queryBuilder	75	cran	FALSE
quiltr	75	cran	FALSE
RadEro	75	cran	FALSE
raytracing	75	cran	FALSE
RBE3	75	cran	FALSE
RCTRecruit	75	cran	FALSE
rdav	75	cran	FALSE
readHAC	75	cran	FALSE
requireR	75	cran	FALSE
RFclust	75	cran	FALSE
RFplus	75	cran	FALSE
RGIFT	75	cran	FALSE
rIACI	75	cran	FALSE
rjqpd	75	cran	FALSE
rless	75	cran	FALSE
ROCsurf	75	cran	FALSE
RPEXE_RPEXT	75	cran	FALSE
RRMLRfMC	75	cran	FALSE
Rsearch	75	cran	FALSE
Rsgf	75	cran	FALSE
rwc	75	cran	FALSE
s3_resourcer	75	cran	FALSE
saeBest	75	cran	FALSE
saekernel	75	cran	FALSE
sAIC	75	cran	FALSE
SANvi	75	cran	FALSE
savvyGLM	75	cran	FALSE
scBSP	75	cran	FALSE
SCEnt	75	cran	FALSE
sciRmdTheme	75	cran	FALSE
ScoreEB	75	cran	FALSE
scorematchingad	75	cran	FALSE
SCORNET	75	cran	FALSE
scout	75	cran	FALSE
scPOEM	75	cran	FALSE
scraEP	75	cran	FALSE
scriptuRs	75	cran	FALSE
sdtmval	75	cran	FALSE
selcorr	75	cran	FALSE
SELF	75	cran	FALSE
selfingTree	75	cran	FALSE
semgram	75	cran	FALSE
SIGN	75	cran	FALSE
simgof	75	cran	FALSE
Simile	75	cran	FALSE
simplegraphdb	75	cran	FALSE
simpletex	75	cran	FALSE
simulateDCE	75	cran	FALSE
SINRELEF_LD	75	cran	FALSE
smetlite	75	cran	FALSE
SmithWilsonYieldCurve	75	cran	FALSE
SpatialDownscaling	75	cran	FALSE
spatialising	75	cran	FALSE
spphpr	75	cran	FALSE
statAfrikR	75	cran	FALSE
StratifiedBalancing	75	cran	FALSE
StratSel	75	cran	FALSE
strength	75	cran	FALSE
summarySCI	75	cran	FALSE
supervisedPRIM	75	cran	FALSE
SurvivalClusteringTree	75	cran	FALSE
SurvTrunc	75	cran	FALSE
sysid	75	cran	FALSE
TangledFeatures	75	cran	FALSE
tapkee	75	cran	FALSE
TaylorRussell	75	cran	FALSE
Tejapi	75	cran	FALSE
TensorClustering	75	cran	FALSE
textab	75	cran	FALSE
tidyspec	75	cran	FALSE
tintin	75	cran	FALSE
TITEgBOIN	75	cran	FALSE
TOSI	75	cran	FALSE
tsfngm	75	cran	FALSE
tsLSTMx	75	cran	FALSE
TUGLab	75	cran	FALSE
turkeyelections	75	cran	FALSE
TUvalues	75	cran	FALSE
tvmediation	75	cran	FALSE
tweetcheck	75	cran	FALSE
typed	75	cran	FALSE
ura	75	cran	FALSE
varband	75	cran	FALSE
WaveletML	75	cran	FALSE
waver	75	cran	FALSE
wbsts	75	cran	FALSE
writer	75	cran	FALSE
wsbackfit	75	cran	FALSE
xkcdcolors	75	cran	FALSE
xlsform2word	75	cran	FALSE
xmap	75	cran	FALSE
AddiVortes	74	cran	FALSE
ALSCPC	74	cran	FALSE
angstromATE	74	cran	FALSE
audit	74	cran	FALSE
bandsfdp	74	cran	FALSE
barry	74	cran	FALSE
BayesAT	74	cran	FALSE
bearishTrader	74	cran	FALSE
binfunest	74	cran	FALSE
bingadsR	74	cran	FALSE
bmabart	74	cran	FALSE
BPM	74	cran	FALSE
camsRad	74	cran	FALSE
capesData	74	cran	FALSE
causalQual	74	cran	FALSE
cencrne	74	cran	FALSE
censuspyrID	74	cran	FALSE
chem_databases	74	cran	FALSE
chess2plyrs	74	cran	FALSE
climdex_pcic	74	cran	FALSE
clusTransition	74	cran	FALSE
cnd	74	cran	FALSE
combinIT	74	cran	FALSE
CompGR	74	cran	FALSE
confidenceCurves	74	cran	FALSE
coroICA	74	cran	FALSE
CrossExpression	74	cran	FALSE
cthreshER	74	cran	FALSE
cumprinc	74	cran	FALSE
CureDepCens	74	cran	FALSE
DamiaNN	74	cran	FALSE
dbw	74	cran	FALSE
DeltaMAN	74	cran	FALSE
descsuppRplots	74	cran	FALSE
designsize	74	cran	FALSE
discFA	74	cran	FALSE
dml	74	cran	FALSE
dnet	74	cran	FALSE
dotsViolin	74	cran	FALSE
dppmix	74	cran	FALSE
DRquality	74	cran	FALSE
dstat	74	cran	FALSE
dub	74	cran	FALSE
dupree	74	cran	FALSE
Dykstra	74	cran	FALSE
dyntaper	74	cran	FALSE
easyRef	74	cran	FALSE
easyScieloPack	74	cran	FALSE
EBCHS	74	cran	FALSE
edgedata	74	cran	FALSE
EEEA	74	cran	FALSE
elasso	74	cran	FALSE
emBayes	74	cran	FALSE
eshrink	74	cran	FALSE
euroleaguer	74	cran	FALSE
exams_forge_data	74	cran	FALSE
extrememix	74	cran	FALSE
eyedata	74	cran	FALSE
ez_combat	74	cran	FALSE
featurefinder	74	cran	FALSE
flevr	74	cran	FALSE
formulops	74	cran	FALSE
fpa	74	cran	FALSE
FSSF	74	cran	FALSE
gammi	74	cran	FALSE
gchartsmap	74	cran	FALSE
genderstat	74	cran	FALSE
GeneralOaxaca	74	cran	FALSE
ggmRSCU	74	cran	FALSE
globpso	74	cran	FALSE
GMMinit	74	cran	FALSE
gmtFD	74	cran	FALSE
GoogleKnowledgeGraphR	74	cran	FALSE
GPTreeO	74	cran	FALSE
GreyModel	74	cran	FALSE
gsClusterDetect	74	cran	FALSE
GSMX	74	cran	FALSE
gTestsPair	74	cran	FALSE
haploR	74	cran	FALSE
healthcare_antitrust	74	cran	FALSE
hhmR	74	cran	FALSE
HMMextra0s	74	cran	FALSE
hmsr	74	cran	FALSE
HMTL	74	cran	FALSE
HybridDesign	74	cran	FALSE
hyperbolicDEA	74	cran	FALSE
IETD	74	cran	FALSE
igr	74	cran	FALSE
IIVpredictor	74	cran	FALSE
IndexNumber	74	cran	FALSE
inet	74	cran	FALSE
interimApp	74	cran	FALSE
intervalaverage	74	cran	FALSE
ionet	74	cran	FALSE
JamendoR	74	cran	FALSE
JCRImpactFactor	74	cran	FALSE
jstager	74	cran	FALSE
KMLtoSHAPE	74	cran	FALSE
kosis	74	cran	FALSE
KRMM	74	cran	FALSE
kvr2	74	cran	FALSE
labelmachine	74	cran	FALSE
labstats	74	cran	FALSE
landmulti	74	cran	FALSE
lcpm	74	cran	FALSE
LifeTableBuilder	74	cran	FALSE
likelihoodExplore	74	cran	FALSE
LinkedGASP	74	cran	FALSE
lnmCluster	74	cran	FALSE
LTPDvar	74	cran	FALSE
makeFlow	74	cran	FALSE
Mapinguari	74	cran	FALSE
MaxMC	74	cran	FALSE
MDPIexploreR	74	cran	FALSE
mekko	74	cran	FALSE
messy	74	cran	FALSE
MetabolSSMF	74	cran	FALSE
metaphonebr	74	cran	FALSE
metaSurvival	74	cran	FALSE
MHTrajectoryR	74	cran	FALSE
midas	74	cran	FALSE
missSOM	74	cran	FALSE
mixtree	74	cran	FALSE
mlr3superlearner	74	cran	FALSE
mmpp	74	cran	FALSE
MOFAT	74	cran	FALSE
motoRneuron	74	cran	FALSE
mtlgmm	74	cran	FALSE
multicmp	74	cran	FALSE
nametagger	74	cran	FALSE
NegBinBetaBinreg	74	cran	FALSE
nixmass	74	cran	FALSE
nlrr	74	cran	FALSE
NMTox	74	cran	FALSE
nolock	74	cran	FALSE
nos	74	cran	FALSE
obcost	74	cran	FALSE
Observation	74	cran	FALSE
ODT	74	cran	FALSE
optic	74	cran	FALSE
optimus	74	cran	FALSE
overdisp	74	cran	FALSE
OWEA	74	cran	FALSE
OxSR	74	cran	FALSE
paramsim	74	cran	FALSE
perutimber	74	cran	FALSE
pharmaversesdtmjnj	74	cran	FALSE
PIE	74	cran	FALSE
pintervals	74	cran	FALSE
pipeflow	74	cran	FALSE
piratings	74	cran	FALSE
PJCcalculator	74	cran	FALSE
poisonfrogs	74	cran	FALSE
politicsR	74	cran	FALSE
pop	74	cran	FALSE
ppgam	74	cran	FALSE
PredTest	74	cran	FALSE
prepost	74	cran	FALSE
PreProcessing	74	cran	FALSE
PRNG	74	cran	FALSE
prolific_api	74	cran	FALSE
ProteoBayes	74	cran	FALSE
ProxReg	74	cran	FALSE
PSDistr	74	cran	FALSE
psycCleaning	74	cran	FALSE
pwSEM	74	cran	FALSE
qcrlscR	74	cran	FALSE
qgarch	74	cran	FALSE
qif	74	cran	FALSE
RAMP	74	cran	FALSE
RARtrials	74	cran	FALSE
rasterKernelEstimates	74	cran	FALSE
RCCPCA	74	cran	FALSE
RcppDPR	74	cran	FALSE
rDecode	74	cran	FALSE
rdian	74	cran	FALSE
Rdice	74	cran	FALSE
readOffice	74	cran	FALSE
recurrentpseudo	74	cran	FALSE
redbookperu	74	cran	FALSE
RegDDM	74	cran	FALSE
repello	74	cran	FALSE
REPPlabShiny	74	cran	FALSE
RGreenplum	74	cran	FALSE
rlmstudio	74	cran	FALSE
RLogicalOps	74	cran	FALSE
Rmodule	74	cran	FALSE
rodd	74	cran	FALSE
roxytypes	74	cran	FALSE
Rsampling	74	cran	FALSE
rtms	74	cran	FALSE
SALTSampler	74	cran	FALSE
SampleSizeDiagnostics	74	cran	FALSE
sanzo	74	cran	FALSE
scrappy	74	cran	FALSE
scribe	74	cran	FALSE
ShiftConvolvePoibin	74	cran	FALSE
shinyfa	74	cran	FALSE
SIAtools	74	cran	FALSE
Sie2nts	74	cran	FALSE
SILM	74	cran	FALSE
SimDissolution	74	cran	FALSE
simRestore	74	cran	FALSE
SlideCNA	74	cran	FALSE
socratadata	74	cran	FALSE
spectralGraphTopology	74	cran	FALSE
SPUTNIK	74	cran	FALSE
ssimparser	74	cran	FALSE
STCCGEV	74	cran	FALSE
stratbr	74	cran	FALSE
strategicplayers	74	cran	FALSE
stringformattr	74	cran	FALSE
sudachir	74	cran	FALSE
sumer	74	cran	FALSE
swa	74	cran	FALSE
textBoxPlacement	74	cran	FALSE
tframePlus	74	cran	FALSE
threewords	74	cran	FALSE
tidysummary	74	cran	FALSE
trace	74	cran	FALSE
truncAIPW	74	cran	FALSE
TSCS	74	cran	FALSE
TVMVP	74	cran	FALSE
VarRedOpt	74	cran	FALSE
VarReg	74	cran	FALSE
versioning	74	cran	FALSE
VMDML	74	cran	FALSE
voteogram	74	cran	FALSE
vsmi	74	cran	FALSE
WAreg	74	cran	FALSE
waspr	74	cran	FALSE
WaveletGBM	74	cran	FALSE
WeibullFit	74	cran	FALSE
yll	74	cran	FALSE
youngSwimmers	74	cran	FALSE
ZIPG	74	cran	FALSE
AlteredPQR	73	cran	FALSE
amregtest	73	cran	FALSE
APTIcalc	73	cran	FALSE
assertive_base	73	cran	FALSE
AUKtest	73	cran	FALSE
bagyo	73	cran	FALSE
basepenguins	73	cran	FALSE
biostats101	73	cran	FALSE
BlythStillCasellaCI	73	cran	FALSE
BoundIRT	73	cran	FALSE
BRL	73	cran	FALSE
c2c	73	cran	FALSE
callback	73	cran	FALSE
catalytic	73	cran	FALSE
chromseq	73	cran	FALSE
ciCalibrate	73	cran	FALSE
cinaRgenesets	73	cran	FALSE
clitable	73	cran	FALSE
ClusterRankTest	73	cran	FALSE
colorr	73	cran	FALSE
combinatorics	73	cran	FALSE
CompR	73	cran	FALSE
CongressData	73	cran	FALSE
connected	73	cran	FALSE
consolechoice	73	cran	FALSE
correctedAUC	73	cran	FALSE
corrfuns	73	cran	FALSE
coxerr	73	cran	FALSE
coxphm	73	cran	FALSE
cromwellDashboard	73	cran	FALSE
ctgdist	73	cran	FALSE
CTTvis	73	cran	FALSE
cycloids	73	cran	FALSE
dChipIO	73	cran	FALSE
ddiv	73	cran	FALSE
decp	73	cran	FALSE
deltatest	73	cran	FALSE
DEmixR	73	cran	FALSE
detectXOR	73	cran	FALSE
DGEAR	73	cran	FALSE
do3PCA	73	cran	FALSE
dprop	73	cran	FALSE
ebmc	73	cran	FALSE
Elja	73	cran	FALSE
epigrowthfit	73	cran	FALSE
EquiTrends	73	cran	FALSE
evabic	73	cran	FALSE
ExpDes_pt	73	cran	FALSE
facmodTS	73	cran	FALSE
FactorCopulaModel	73	cran	FALSE
featureCorMatrix	73	cran	FALSE
fftab	73	cran	FALSE
fglsnet	73	cran	FALSE
FILEST	73	cran	FALSE
first	73	cran	FALSE
FitDynMix	73	cran	FALSE
fitmix	73	cran	FALSE
FlexVarJM	73	cran	FALSE
flipdownWidgets	73	cran	FALSE
forceplate	73	cran	FALSE
forgts	73	cran	FALSE
FracKrigingR	73	cran	FALSE
FractalParameterEstimation	73	cran	FALSE
fractD	73	cran	FALSE
fst4pg	73	cran	FALSE
gamlss_lasso	73	cran	FALSE
gfunctions	73	cran	FALSE
ggspark	73	cran	FALSE
GimmeMyPlot	73	cran	FALSE
GmooG	73	cran	FALSE
GOFShiny	73	cran	FALSE
golfastr	73	cran	FALSE
gstsm	73	cran	FALSE
handcodeR	73	cran	FALSE
HaploVar	73	cran	FALSE
helixvis	73	cran	FALSE
helloJavaWorld	73	cran	FALSE
HistoImagePlot	73	bioc_fallback_rank	FALSE
ICSS	73	cran	FALSE
IDSL_NPA	73	cran	FALSE
IMP	73	cran	FALSE
ImputeLongiCovs	73	cran	FALSE
infix	73	cran	FALSE
InsectLabelR	73	cran	FALSE
instagramadsR	73	cran	FALSE
INTRIGUE	73	cran	FALSE
iplookupapi	73	cran	FALSE
irtreliability	73	cran	FALSE
iWeigReg	73	cran	FALSE
JapanAPIs	73	cran	FALSE
just_install	73	cran	FALSE
kerDAA	73	cran	FALSE
kpodclustr	73	cran	FALSE
landform	73	cran	FALSE
LassoNet	73	cran	FALSE
LBPG	73	cran	FALSE
leiv	73	cran	FALSE
linkprediction	73	cran	FALSE
lipidmapsR	73	cran	FALSE
long2lstmarray	73	cran	FALSE
lrd	73	cran	FALSE
LSE	73	cran	FALSE
MariNET	73	cran	FALSE
MARSSVRhybrid	73	cran	FALSE
maskr	73	cran	FALSE
md4r	73	cran	FALSE
meetupr	73	cran	FALSE
mergingTools	73	cran	FALSE
mesonet	73	cran	FALSE
metaRange	73	cran	FALSE
mevr	73	cran	FALSE
Mhorseshoe	73	cran	FALSE
mimiSBM	73	cran	FALSE
minorparties	73	cran	FALSE
mixexp	73	cran	FALSE
mlmtools	73	cran	FALSE
mmmgee	73	cran	FALSE
mnda	73	cran	FALSE
Modelcharts	73	cran	FALSE
monitOS	73	cran	FALSE
mooplot	73	cran	FALSE
MPCI	73	cran	FALSE
MSIMST	73	cran	FALSE
multiColl	73	cran	FALSE
nadir	73	cran	FALSE
narfima	73	cran	FALSE
NBShiny	73	cran	FALSE
ncar	73	cran	FALSE
nemBM	73	cran	FALSE
NetExplorer	73	cran	FALSE
NGBVS	73	cran	FALSE
nlgeocoder	73	cran	FALSE
nndiagram	73	cran	FALSE
nnR	73	cran	FALSE
ocrRBBR	73	cran	FALSE
omsvg	73	cran	FALSE
oneinfl	73	cran	FALSE
paleomorph	73	cran	FALSE
panelWranglR	73	cran	FALSE
PCAPAM50	73	cran	FALSE
peopleanalytics	73	cran	FALSE
PEPBVS	73	cran	FALSE
pg	73	cran	FALSE
PHclust	73	cran	FALSE
pisaRT	73	cran	FALSE
pmxcv	73	cran	FALSE
polarisR	73	cran	FALSE
predieval	73	cran	FALSE
predReliability	73	cran	FALSE
presmTP	73	cran	FALSE
ProbYX	73	cran	FALSE
ProfileLadder	73	cran	FALSE
psBayesborrow	73	cran	FALSE
pysd2r	73	cran	FALSE
qatarcars	73	cran	FALSE
QCGWAS	73	cran	FALSE
quRan	73	cran	FALSE
rAverage	73	cran	FALSE
REDI	73	cran	FALSE
regional	73	cran	FALSE
RepoGenerator	73	cran	FALSE
ReproStat	73	cran	FALSE
rerandPower	73	cran	FALSE
RESIDE	73	cran	FALSE
RFlocalfdr_data	73	cran	FALSE
rfold	73	cran	FALSE
RKelly	73	cran	FALSE
rkvo	73	cran	FALSE
rLDCP	73	cran	FALSE
rlinkedinads	73	cran	FALSE
rmfanova	73	cran	FALSE
rnr	73	cran	FALSE
ronfig	73	cran	FALSE
rosmium	73	cran	FALSE
rprojtree	73	cran	FALSE
rsdepth	73	cran	FALSE
rSDR	73	cran	FALSE
RSizeBiased	73	cran	FALSE
sanitizers	73	cran	FALSE
ScaleSpikeSlab	73	cran	FALSE
scoringfunctions	73	cran	FALSE
sdafilter	73	cran	FALSE
sdlrm	73	cran	FALSE
SEARS	73	cran	FALSE
segmag	73	cran	FALSE
Sieve	73	cran	FALSE
simfam	73	cran	FALSE
simpleNeural	73	cran	FALSE
smarter	73	cran	FALSE
social	73	cran	FALSE
spfa	73	cran	FALSE
splineCox	73	cran	FALSE
SSGL	73	cran	FALSE
StemAnalysis	73	cran	FALSE
stockAnalyst	73	cran	FALSE
storywranglr	73	cran	FALSE
StrathE2E2	73	cran	FALSE
sumSome	73	cran	FALSE
sureLDA	73	cran	FALSE
survBootOutliers	73	cran	FALSE
SVAlignR	73	cran	FALSE
symmetry	73	cran	FALSE
syntaxr	73	cran	FALSE
tabularmaps	73	cran	FALSE
tidyrates	73	cran	FALSE
tip	73	cran	FALSE
tmpm	73	cran	FALSE
tracheideR	73	cran	FALSE
TSclust	73	cran	FALSE
TSE	73	cran	FALSE
twoStageDesignTMLE	73	cran	FALSE
tzupdater	73	cran	FALSE
vald_extractor	73	cran	FALSE
VALIDICLUST	73	cran	FALSE
vectorialcalculus	73	cran	FALSE
verdata	73	cran	FALSE
verhoeff	73	cran	FALSE
vfunc	73	cran	FALSE
waved	73	cran	FALSE
YPmodel	73	cran	FALSE
zfit	73	cran	FALSE
archipelago	72	cran	FALSE
arlclustering	72	cran	FALSE
avseqmc	72	cran	FALSE
BAQM	72	cran	FALSE
BICORN	72	cran	FALSE
bracketeer	72	cran	FALSE
BTIME	72	cran	FALSE
causalreg	72	cran	FALSE
CFM	72	cran	FALSE
chouca	72	cran	FALSE
circles	72	cran	FALSE
clustering_sc_dp	72	cran	FALSE
collett	72	cran	FALSE
colorize	72	cran	FALSE
compositeReliabilityInNestedDesigns	72	cran	FALSE
ConFluxPro	72	cran	FALSE
ConsensusClustering	72	cran	FALSE
covadap	72	cran	FALSE
CTRing	72	cran	FALSE
ctypesio	72	cran	FALSE
datareportR	72	cran	FALSE
ddc	72	cran	FALSE
DepCens	72	cran	FALSE
DPCD	72	cran	FALSE
Ecohydmod	72	cran	FALSE
EcoMetrics	72	cran	FALSE
econdatasets	72	cran	FALSE
ecotoxicology	72	cran	FALSE
ectotemp	72	cran	FALSE
eDNAfuns	72	cran	FALSE
EDNE_EQ	72	cran	FALSE
eiopaR	72	cran	FALSE
envsetup	72	cran	FALSE
epmfd	72	cran	FALSE
eponge	72	cran	FALSE
EPT	72	cran	FALSE
EquiSurv	72	cran	FALSE
ERPeq	72	cran	FALSE
esmisc	72	cran	FALSE
eummd	72	cran	FALSE
EVI	72	cran	FALSE
exif	72	cran	FALSE
ExpDE	72	cran	FALSE
fastlogitME	72	cran	FALSE
fctutils	72	cran	FALSE
FishResp	72	cran	FALSE
FjordLight	72	cran	FALSE
FlexGAM	72	cran	FALSE
foreSIGHT	72	cran	FALSE
formatBibtex	72	cran	FALSE
FormulR	72	cran	FALSE
gammaFuncModel	72	cran	FALSE
Gammareg	72	cran	FALSE
geomaroc	72	cran	FALSE
ggdmcHeaders	72	cran	FALSE
ggsced	72	cran	FALSE
glioblastomaEHRsData	72	cran	FALSE
glvmfit	72	cran	FALSE
GMPro	72	cran	FALSE
gpk	72	cran	FALSE
gtakeout	72	cran	FALSE
Hapi	72	cran	FALSE
Harvest_Tree	72	cran	FALSE
hdftsa	72	cran	FALSE
hdsvm	72	cran	FALSE
heartbeatr	72	cran	FALSE
histmdl	72	cran	FALSE
hosm	72	cran	FALSE
hydroToolkit	72	cran	FALSE
idx2r	72	cran	FALSE
IJSE	72	cran	FALSE
ImageArray	72	bioc_fallback_rank	FALSE
imt	72	cran	FALSE
independenceWeights	72	cran	FALSE
influenceAUC	72	cran	FALSE
interface	72	cran	FALSE
irtGUI	72	cran	FALSE
Isinglandr	72	cran	FALSE
isodistrreg	72	cran	FALSE
IVYplot	72	cran	FALSE
jdenticon	72	cran	FALSE
jointMeanCov	72	cran	FALSE
JSconsole	72	cran	FALSE
kldtools	72	cran	FALSE
KnapsackSampling	72	cran	FALSE
lcra	72	cran	FALSE
lenght	72	cran	FALSE
leprechaun	72	cran	FALSE
lin_eval	72	cran	FALSE
linearModel	72	cran	FALSE
lineartestr	72	cran	FALSE
LREP	72	cran	FALSE
LSVAR	72	cran	FALSE
LVGP	72	cran	FALSE
MADMMplasso	72	cran	FALSE
mandelbrot	72	cran	FALSE
manymome_table	72	cran	FALSE
marcox	72	cran	FALSE
MatrixHMM	72	cran	FALSE
mclink	72	cran	FALSE
meditations	72	cran	FALSE
Mestim	72	cran	FALSE
mfcurve	72	cran	FALSE
MHQoL	72	cran	FALSE
michelRodange	72	cran	FALSE
MICsplines	72	cran	FALSE
miLAG	72	cran	FALSE
MixedPoisson	72	cran	FALSE
MLSP	72	cran	FALSE
Mmcsd	72	cran	FALSE
MMDvariance	72	cran	FALSE
mme	72	cran	FALSE
mmeln	72	cran	FALSE
Momocs	72	cran	FALSE
moonlit	72	cran	FALSE
mpindex	72	cran	FALSE
msig	72	cran	FALSE
mSimCC	72	cran	FALSE
mvs	72	cran	FALSE
mwmapdata	72	cran	FALSE
navigation	72	cran	FALSE
networksem	72	cran	FALSE
NightDay	72	cran	FALSE
nilsier	72	cran	FALSE
nonParQuantileCausality	72	cran	FALSE
normalizeH	72	cran	FALSE
npcurePK	72	cran	FALSE
occupancy	72	cran	FALSE
oneclust	72	cran	FALSE
openbankeR	72	cran	FALSE
Opportunistic	72	cran	FALSE
OryzaProbe	72	cran	FALSE
osbng	72	cran	FALSE
palettesForR	72	cran	FALSE
path_chain	72	cran	FALSE
PBNPA	72	cran	FALSE
PCS	72	cran	FALSE
penalizedclr	72	cran	FALSE
pensynth	72	cran	FALSE
PerRegMod	72	cran	FALSE
pii	72	cran	FALSE
pkgGraphR	72	cran	FALSE
pmxNODE	72	cran	FALSE
PoSI	72	cran	FALSE
PoweREST	72	cran	FALSE
PriorGen	72	cran	FALSE
probe	72	cran	FALSE
promptr	72	cran	FALSE
promr	72	cran	FALSE
protoshiny	72	cran	FALSE
prototest	72	cran	FALSE
quiddich	72	cran	FALSE
R4CouchDB	72	cran	FALSE
rbit	72	cran	FALSE
RCNA	72	cran	FALSE
RDM	72	cran	FALSE
recombinator	72	cran	FALSE
ReDirection	72	cran	FALSE
refset	72	cran	FALSE
rmt	72	cran	FALSE
RobustLinearReg	72	cran	FALSE
rreg	72	cran	FALSE
RSDK	72	cran	FALSE
RSquaredMI	72	cran	FALSE
RWgraph	72	cran	FALSE
sae_prop	72	cran	FALSE
sboost	72	cran	FALSE
SC2API	72	cran	FALSE
scriptloc	72	cran	FALSE
SelectBoost_beta	72	cran	FALSE
semdrw	72	cran	FALSE
sewage	72	cran	FALSE
sfc	72	cran	FALSE
sFFLHD	72	cran	FALSE
shinykanban	72	cran	FALSE
simMetric	72	cran	FALSE
skilljaR	72	cran	FALSE
sleekts	72	cran	FALSE
SLPresElection	72	cran	FALSE
smartDesign	72	cran	FALSE
SmoothPLS	72	cran	FALSE
sobolnp	72	cran	FALSE
somaticflags	72	cran	FALSE
sparkhail	72	cran	FALSE
spcov	72	cran	FALSE
spect	72	cran	FALSE
spoiler	72	cran	FALSE
SSLfmm	72	cran	FALSE
ssmsn	72	cran	FALSE
STAND	72	cran	FALSE
stcpR6	72	cran	FALSE
stim	72	cran	FALSE
SyScSelection	72	cran	FALSE
TemporalGSSA	72	cran	FALSE
tetraclasse	72	cran	FALSE
thamesmix	72	cran	FALSE
ThreeGroups	72	cran	FALSE
topChef	72	cran	FALSE
tramicp	72	cran	FALSE
transformer	72	cran	FALSE
TriLLIEM	72	cran	FALSE
trustmebro	72	cran	FALSE
TSGSIS	72	cran	FALSE
tsviz	72	cran	FALSE
unityForest	72	cran	FALSE
uotm	72	cran	FALSE
upndown	72	cran	FALSE
uxr	72	cran	FALSE
vaccineff	72	cran	FALSE
vcpen	72	cran	FALSE
VisCollin	72	cran	FALSE
VLMCX	72	cran	FALSE
vmdTDNN	72	cran	FALSE
wget	72	cran	FALSE
whapi	72	cran	FALSE
WQM	72	cran	FALSE
XRSCC	72	cran	FALSE
yager	72	cran	FALSE
ZIPBayes	72	cran	FALSE
adsoRptionCMF	71	cran	FALSE
arrg	71	cran	FALSE
AST	71	cran	FALSE
auxvecLASSO	71	cran	FALSE
babyTimeR	71	cran	FALSE
BayesDesign	71	cran	FALSE
belex	71	cran	FALSE
blockmatrix	71	cran	FALSE
Bvalue	71	cran	FALSE
CDF	71	cran	FALSE
ciflyr	71	cran	FALSE
circlus	71	cran	FALSE
CKAT	71	cran	FALSE
CLSIEP15	71	cran	FALSE
clusterv	71	cran	FALSE
clustord	71	cran	FALSE
CodataGS	71	cran	FALSE
CompositionalHDDA	71	cran	FALSE
CompRandFld	71	cran	FALSE
condensr	71	cran	FALSE
conserveR	71	cran	FALSE
conversim	71	cran	FALSE
cossonet	71	cran	FALSE
cpmr	71	cran	FALSE
CPNCoverageAnalysis	71	cran	FALSE
CropBreeding	71	cran	FALSE
DamageDetective	71	cran	FALSE
DataDNA	71	cran	FALSE
DataSum	71	cran	FALSE
datasusr	71	cran	FALSE
dauR	71	cran	FALSE
debest	71	cran	FALSE
delaydiscount	71	cran	FALSE
densityratio	71	cran	FALSE
DEplotting	71	cran	FALSE
DOS	71	cran	FALSE
dsmmR	71	cran	FALSE
DSpoty	71	cran	FALSE
DTEAssurance	71	cran	FALSE
dundermifflin	71	cran	FALSE
dydea	71	cran	FALSE
DynamicGP	71	cran	FALSE
EATME	71	cran	FALSE
EFM	71	cran	FALSE
epicmodel	71	cran	FALSE
ERDbuilder	71	cran	FALSE
EvalTest	71	cran	FALSE
evitaicossa	71	cran	FALSE
exactamente	71	cran	FALSE
ExpertChoice	71	cran	FALSE
ezr	71	cran	FALSE
factoptd	71	cran	FALSE
fastAFT	71	cran	FALSE
FastBandChol	71	cran	FALSE
fastOnlineCpt	71	cran	FALSE
fitODBODRshiny	71	cran	FALSE
forensicpopdata	71	cran	FALSE
frbinom	71	cran	FALSE
FunctanSNP	71	cran	FALSE
funpca	71	cran	FALSE
FuzzyM	71	cran	FALSE
gencor	71	cran	FALSE
ggtranslate	71	cran	FALSE
giniVarCI	71	cran	FALSE
GSparO	71	cran	FALSE
gsrs	71	cran	FALSE
hcidata	71	cran	FALSE
HDBRR	71	cran	FALSE
hetsurrSurv	71	cran	FALSE
hive	71	cran	FALSE
ibmcraftr	71	cran	FALSE
icdpicr	71	cran	FALSE
imageTCGAutils	71	bioc_fallback_rank	FALSE
impactflu	71	cran	FALSE
infocausality	71	cran	FALSE
INFOSET	71	cran	FALSE
inshiny	71	cran	FALSE
intervalpsych	71	cran	FALSE
invgamstochvol	71	cran	FALSE
invitroTKdata	71	cran	FALSE
invitroTKstats	71	cran	FALSE
ip2location_io	71	cran	FALSE
ipsRdbs	71	cran	FALSE
IVDML	71	cran	FALSE
jadeLizardOptions	71	cran	FALSE
JoF	71	cran	FALSE
keyed	71	cran	FALSE
kfre	71	cran	FALSE
knnwtsim	71	cran	FALSE
kriens	71	cran	FALSE
lab2clean	71	cran	FALSE
localICE	71	cran	FALSE
LogRegEquiv	71	cran	FALSE
longitudinalANAL	71	cran	FALSE
M3JF	71	cran	FALSE
managelocalrepo	71	cran	FALSE
mateable	71	cran	FALSE
MBSGS	71	cran	FALSE
mcparallelDo	71	cran	FALSE
MetaboQC	71	cran	FALSE
mgwnbr	71	cran	FALSE
micromodal	71	cran	FALSE
MissingHandle	71	cran	FALSE
mixchar	71	cran	FALSE
mmcards	71	cran	FALSE
MplusLGM	71	cran	FALSE
MRHawkes	71	cran	FALSE
MRTSampleSize	71	cran	FALSE
multe	71	cran	FALSE
MultiResponseR	71	cran	FALSE
MultiwayRegression	71	cran	FALSE
musicNMR	71	cran	FALSE
NAPrior	71	cran	FALSE
natural	71	cran	FALSE
NBBDesigns	71	cran	FALSE
NeEDS4BigData	71	cran	FALSE
nlgm	71	cran	FALSE
nlsmsn	71	cran	FALSE
nomiShape	71	cran	FALSE
NUSS	71	cran	FALSE
ordcrm	71	cran	FALSE
ordinalRR	71	cran	FALSE
ORFID	71	cran	FALSE
parseLatex	71	cran	FALSE
pathmodelfit	71	cran	FALSE
PBtDesigns	71	cran	FALSE
PCADSC	71	cran	FALSE
peppm	71	cran	FALSE
PersomicsArray	71	cran	FALSE
phylotypr	71	cran	FALSE
Pinference	71	cran	FALSE
plattice	71	cran	FALSE
Pomic	71	cran	FALSE
preputils	71	cran	FALSE
quadVAR	71	cran	FALSE
Ramble	71	cran	FALSE
RandomFieldsUtils	71	cran	FALSE
RAPTOR	71	cran	FALSE
rbch	71	cran	FALSE
RcppArray	71	cran	FALSE
rdoxygen	71	cran	FALSE
RDStreeboot	71	cran	FALSE
realTimeloads	71	cran	FALSE
recapr	71	cran	FALSE
redcas	71	cran	FALSE
refreshr	71	cran	FALSE
regsubseq	71	cran	FALSE
repec	71	cran	FALSE
RHPCBenchmark	71	cran	FALSE
RIFS	71	cran	FALSE
RKEEL	71	cran	FALSE
rtson	71	cran	FALSE
rxSeq	71	cran	FALSE
sad	71	cran	FALSE
SAFD	71	cran	FALSE
sameplot	71	cran	FALSE
samplex	71	cran	FALSE
sanba	71	cran	FALSE
sarp_snowprofile_pyface	71	cran	FALSE
scenes	71	cran	FALSE
SCOR	71	cran	FALSE
score	71	cran	FALSE
scquantum	71	cran	FALSE
sffdr	71	cran	FALSE
shinyCLT	71	cran	FALSE
shoppingwords	71	cran	FALSE
signibox	71	cran	FALSE
SimCop	71	cran	FALSE
SIPETool	71	cran	FALSE
smlmkalman	71	cran	FALSE
SMLoutliers	71	cran	FALSE
SPADAR	71	cran	FALSE
sparsio	71	cran	FALSE
spiritR	71	cran	FALSE
SPOT	71	cran	FALSE
SurfRough	71	cran	FALSE
survout	71	cran	FALSE
T2Qv	71	cran	FALSE
TableToLongForm	71	cran	FALSE
tapnet	71	cran	FALSE
tbd	71	cran	FALSE
tempted	71	cran	FALSE
testforDEP	71	cran	FALSE
textAnnotatoR	71	cran	FALSE
tidywater	71	cran	FALSE
tmplate	71	cran	FALSE
TopicScore	71	cran	FALSE
torchopt	71	cran	FALSE
TrumpetPlots	71	cran	FALSE
tsriadditive	71	cran	FALSE
unitedR	71	cran	FALSE
urlexplorer	71	cran	FALSE
valueprhr	71	cran	FALSE
vietnamcode	71	cran	FALSE
WALS	71	cran	FALSE
WaMaSim	71	cran	FALSE
weatherindices	71	cran	FALSE
WhatsR	71	cran	FALSE
WOTPLY	71	cran	FALSE
WrensBookshelf	71	cran	FALSE
ZIBR	71	cran	FALSE
AlignLV	70	cran	FALSE
AsymmetricSORDs	70	cran	FALSE
BioProbability	70	cran	FALSE
birdcolors	70	cran	FALSE
boilerplate	70	cran	FALSE
budgetIVr	70	cran	FALSE
cbanalysis	70	cran	FALSE
CMFsurrogate	70	cran	FALSE
cmgnd	70	cran	FALSE
col2hex2col	70	cran	FALSE
cookiecutter	70	cran	FALSE
covBM	70	cran	FALSE
crsnls	70	cran	FALSE
cutpoint	70	cran	FALSE
DidacticBoost	70	cran	FALSE
didrooRFM	70	cran	FALSE
disagmethod	70	cran	FALSE
drugsens	70	cran	FALSE
DSBayes	70	cran	FALSE
ebm	70	cran	FALSE
econtools	70	cran	FALSE
eqtesting	70	cran	FALSE
EstimateBreed	70	cran	FALSE
eurlex	70	cran	FALSE
fastQR	70	cran	FALSE
fca	70	cran	FALSE
fetchSalesforceR	70	cran	FALSE
fgdiR	70	cran	FALSE
FIRM	70	cran	FALSE
FLR	70	cran	FALSE
freebird	70	cran	FALSE
GEmetrics	70	cran	FALSE
geospark	70	cran	FALSE
GFDrmst	70	cran	FALSE
gghist	70	cran	FALSE
giniCI	70	cran	FALSE
GMC	70	cran	FALSE
gofreg	70	cran	FALSE
governor	70	cran	FALSE
gpg	70	cran	FALSE
gps_track	70	cran	FALSE
GPSCDF	70	cran	FALSE
grabsampling	70	cran	FALSE
gsDesignTune	70	cran	FALSE
GTbasedIM	70	cran	FALSE
GUD	70	cran	FALSE
hans	70	cran	FALSE
HaploDiploidEquilibrium	70	cran	FALSE
Hassani_SACF	70	cran	FALSE
healthfinance	70	cran	FALSE
HhP	70	cran	FALSE
HybridMicrobiomes	70	cran	FALSE
hyper_fit	70	cran	FALSE
ig_degree_betweenness	70	cran	FALSE
importar	70	cran	FALSE
IntervalQuestionStat	70	cran	FALSE
intRvals	70	cran	FALSE
jetset	70	cran	FALSE
json2aRgs	70	cran	FALSE
kernhaz	70	cran	FALSE
LassoHiDFastGibbs	70	cran	FALSE
leptokurticMixture	70	cran	FALSE
lestat	70	cran	FALSE
Lifertable	70	cran	FALSE
lionfish	70	cran	FALSE
listWithDefaults	70	cran	FALSE
LJexm	70	cran	FALSE
lmmpar	70	cran	FALSE
longROC	70	cran	FALSE
LoopRig	70	cran	FALSE
lubrilog	70	cran	FALSE
MAFLD	70	cran	FALSE
manystates	70	cran	FALSE
mhcnuggetsr	70	cran	FALSE
micer	70	cran	FALSE
microbiomeMQC	70	cran	FALSE
MicrobiomeSurv	70	cran	FALSE
MIIVefa	70	cran	FALSE
minque	70	cran	FALSE
MixSemiRob	70	cran	FALSE
mos	70	cran	FALSE
msaeHB	70	cran	FALSE
muir	70	cran	FALSE
multbxxc	70	cran	FALSE
MultiGrey	70	cran	FALSE
multilink	70	cran	FALSE
MVNBayesian	70	cran	FALSE
mwlaxeref	70	cran	FALSE
nadaverse	70	cran	FALSE
NBShiny2	70	cran	FALSE
NetCluster	70	cran	FALSE
NoSleepR	70	cran	FALSE
OGI	70	cran	FALSE
OmopOnSpark	70	cran	FALSE
OPTS	70	cran	FALSE
panelSUR	70	cran	FALSE
PatientGenerator	70	cran	FALSE
pcds_ugraph	70	cran	FALSE
PermCor	70	cran	FALSE
phinterval	70	cran	FALSE
PoDBAY	70	cran	FALSE
PolycrossDesigns	70	cran	FALSE
PortfolioTesteR	70	cran	FALSE
ppRep	70	cran	FALSE
proPubBills	70	cran	FALSE
PurpleAirAPI	70	cran	FALSE
PWEV	70	cran	FALSE
quantregRanger	70	cran	FALSE
rappleads	70	cran	FALSE
raven_rdf	70	cran	FALSE
rBMF	70	cran	FALSE
rbscCI	70	cran	FALSE
RCaucTile	70	cran	FALSE
RChest	70	cran	FALSE
RCMsize	70	cran	FALSE
rCoinbase	70	cran	FALSE
RcppGreedySetCover	70	cran	FALSE
recorder	70	cran	FALSE
regMMD	70	cran	FALSE
reproducibleRchunks	70	cran	FALSE
RGremlinsConjoint	70	cran	FALSE
rjdworkspace	70	cran	FALSE
RKEELdata	70	cran	FALSE
rmargint	70	cran	FALSE
Rmoji	70	cran	FALSE
Rmolt	70	cran	FALSE
rmp	70	cran	FALSE
RMT4DS	70	cran	FALSE
rMultiNet	70	cran	FALSE
ROCket	70	cran	FALSE
roclab	70	cran	FALSE
ROCnGO	70	cran	FALSE
ROpenFIGI	70	cran	FALSE
RSD	70	cran	FALSE
rsofun	70	cran	FALSE
rsurvstat	70	cran	FALSE
rtiktokads	70	cran	FALSE
saeHB_twofold	70	cran	FALSE
saePseudo	70	cran	FALSE
safeframe	70	cran	FALSE
SAMUR	70	cran	FALSE
sanityTracker	70	cran	FALSE
sanketphonetictranslator	70	cran	FALSE
sbde	70	cran	FALSE
scientoText	70	cran	FALSE
SeBR	70	cran	FALSE
seismic	70	cran	FALSE
SepTest	70	cran	FALSE
serofoi	70	cran	FALSE
setariaviridis	70	cran	FALSE
sfinx	70	cran	FALSE
sg	70	cran	FALSE
SherlockHolmes	70	cran	FALSE
shuffleCI	70	cran	FALSE
slcm	70	cran	FALSE
snfa	70	cran	FALSE
socceR	70	cran	FALSE
SpatGRID	70	cran	FALSE
spongecake	70	cran	FALSE
spsurv	70	cran	FALSE
SSM	70	cran	FALSE
stepgbm	70	cran	FALSE
STOPES	70	cran	FALSE
SubTS	70	cran	FALSE
super	70	cran	FALSE
survlab	70	cran	FALSE
survNMA	70	cran	FALSE
tab2xml	70	cran	FALSE
taber	70	cran	FALSE
tauProcess	70	cran	FALSE
testtwice	70	cran	FALSE
tfer	70	cran	FALSE
TFunHDDC	70	cran	FALSE
threg	70	cran	FALSE
TideTables	70	cran	FALSE
tidyboot	70	cran	FALSE
tidygeoRSS	70	cran	FALSE
tidymodlr	70	cran	FALSE
TimeDepFrail	70	cran	FALSE
tracenma	70	cran	FALSE
TTCA	70	cran	FALSE
typstable	70	cran	FALSE
UAHDataScienceSC	70	cran	FALSE
umbridge	70	cran	FALSE
USP	70	cran	FALSE
UWHAM	70	cran	FALSE
vacuum	70	cran	FALSE
valytics	70	cran	FALSE
VDJgermlines	70	cran	FALSE
verbaliseR	70	cran	FALSE
vindecodr	70	cran	FALSE
viralx	70	cran	FALSE
vvdoctor	70	cran	FALSE
wactor	70	cran	FALSE
WEGE	70	cran	FALSE
WpProj	70	cran	FALSE
xmlwriter	70	cran	FALSE
ActiSleep	69	cran	FALSE
AsthmaNHANES	69	cran	FALSE
batchscr	69	cran	FALSE
BeQut	69	cran	FALSE
BiocMaintainerApp	69	bioc_fallback_rank	FALSE
BKT	69	cran	FALSE
burgle	69	cran	FALSE
CausalSpline	69	cran	FALSE
CBT	69	cran	FALSE
CLimd	69	cran	FALSE
coat	69	cran	FALSE
CompClassMetrics	69	cran	FALSE
correlationr	69	cran	FALSE
corTESTsrd	69	cran	FALSE
dda	69	cran	FALSE
DHBins	69	cran	FALSE
DHSr	69	cran	FALSE
distr6	69	cran	FALSE
DLMRMV	69	cran	FALSE
dnafractal	69	cran	FALSE
DNAmf	69	cran	FALSE
DNNSIM	69	cran	FALSE
DPTM	69	cran	FALSE
drglm	69	cran	FALSE
dtp	69	cran	FALSE
dupNodes	69	cran	FALSE
EcoCleanR	69	cran	FALSE
EHRmuse	69	cran	FALSE
EntropicStatistics	69	cran	FALSE
EnviroPRA2	69	cran	FALSE
epizootic	69	cran	FALSE
equalCovs	69	cran	FALSE
es_dif	69	cran	FALSE
evapoRe	69	cran	FALSE
fame	69	cran	FALSE
fastPLS	69	cran	FALSE
fibos	69	cran	FALSE
fioRa	69	cran	FALSE
friendlynumber	69	cran	FALSE
ftDK	69	cran	FALSE
fuzzr	69	cran	FALSE
GARCOM	69	cran	FALSE
gCat	69	cran	FALSE
GEint	69	cran	FALSE
GiANT	69	cran	FALSE
Gini	69	cran	FALSE
GLMMselect	69	cran	FALSE
glmxdiag	69	cran	FALSE
gnonadd	69	cran	FALSE
GPpenalty	69	cran	FALSE
graposas	69	cran	FALSE
GreedyExperimentalDesignJARs	69	cran	FALSE
haplotyper	69	cran	FALSE
HCD	69	cran	FALSE
hcruR	69	cran	FALSE
hdbma	69	cran	FALSE
hiphop	69	cran	FALSE
hybridogram	69	cran	FALSE
ider	69	cran	FALSE
imdbapi	69	cran	FALSE
IndexNumberTools	69	cran	FALSE
Indicator	69	cran	FALSE
inphr	69	cran	FALSE
InspectionPlanner	69	cran	FALSE
intrinsicKappa	69	cran	FALSE
isocountry	69	cran	FALSE
iterLap	69	cran	FALSE
jellyfisher	69	cran	FALSE
jsonNormalize	69	cran	FALSE
JuliaFormulae	69	cran	FALSE
lareshiny	69	cran	FALSE
leapgp	69	cran	FALSE
lexiconPT	69	cran	FALSE
LIM	69	cran	FALSE
lrequire	69	cran	FALSE
Massign	69	cran	FALSE
matrisk	69	cran	FALSE
metaLong	69	cran	FALSE
MethodOpt	69	cran	FALSE
mgpStreamingSDK	69	cran	FALSE
micEconDistRay	69	cran	FALSE
MINTplates	69	cran	FALSE
MixLFA	69	cran	FALSE
MKLE	69	cran	FALSE
MMLR	69	cran	FALSE
mmsample	69	cran	FALSE
mod2rm	69	cran	FALSE
mplusParallel_automation	69	cran	FALSE
multiAssetOptions	69	cran	FALSE
multIntTestFunc	69	cran	FALSE
MuViCP	69	cran	FALSE
NetworkComparr	69	cran	FALSE
nimblewomble	69	cran	FALSE
NNMoMo	69	cran	FALSE
obsSens	69	cran	FALSE
octopucs	69	cran	FALSE
odbc_resourcer	69	cran	FALSE
oenb	69	cran	FALSE
OPC	69	cran	FALSE
optistock	69	cran	FALSE
OtsuSeg	69	cran	FALSE
pacheck	69	cran	FALSE
pacta_loanbook	69	cran	FALSE
PANPRSnext	69	cran	FALSE
Paris2024Colours	69	cran	FALSE
PERSUADE	69	cran	FALSE
PLMIX	69	cran	FALSE
ppmHR	69	cran	FALSE
PPMiss	69	cran	FALSE
presentes	69	cran	FALSE
purging	69	cran	FALSE
qardlr	69	cran	FALSE
qbinplots	69	cran	FALSE
QoLMiss	69	cran	FALSE
QRAGadget	69	cran	FALSE
quadraticSD	69	cran	FALSE
rAccess	69	cran	FALSE
rai	69	cran	FALSE
rBahadur	69	cran	FALSE
Rbent	69	cran	FALSE
rcolors	69	cran	FALSE
redlist	69	cran	FALSE
regr_easy	69	cran	FALSE
relatable	69	cran	FALSE
reverseR	69	cran	FALSE
rGroovy	69	cran	FALSE
ROI_plugin_clarabel	69	cran	FALSE
rpnf	69	cran	FALSE
rportfolio	69	cran	FALSE
rrnni	69	cran	FALSE
RSBJson	69	cran	FALSE
Rsubbotools	69	cran	FALSE
rtiktoken	69	cran	FALSE
salty	69	cran	FALSE
SanFranBeachWater	69	cran	FALSE
SCOUTer	69	cran	FALSE
ScreeNOT	69	cran	FALSE
sdtm_terminology	69	cran	FALSE
SE_EQ	69	cran	FALSE
SECP	69	cran	FALSE
semaphore	69	cran	FALSE
SequentialDesign	69	cran	FALSE
shinyfilters	69	cran	FALSE
shinyhttr	69	cran	FALSE
siconvr	69	cran	FALSE
simExam	69	cran	FALSE
SIMEXBoost	69	cran	FALSE
simitation	69	cran	FALSE
SimTOST	69	cran	FALSE
sjdbc	69	cran	FALSE
SONO	69	cran	FALSE
SparseFunClust	69	cran	FALSE
SpatialInference	69	cran	FALSE
SQI	69	cran	FALSE
SSRA	69	cran	FALSE
STARTdesign	69	cran	FALSE
statprograms	69	cran	FALSE
stochcorr	69	cran	FALSE
stylest2	69	cran	FALSE
substackR	69	cran	FALSE
SumcaVer1	69	cran	FALSE
SwPcIndex	69	cran	FALSE
tabtibble	69	cran	FALSE
tauturri	69	cran	FALSE
thames	69	cran	FALSE
tickr	69	cran	FALSE
tidyedgar	69	cran	FALSE
tmapverse	69	cran	FALSE
trainsplit	69	cran	FALSE
trdist	69	cran	FALSE
tsdecomp	69	cran	FALSE
TSsmoothing	69	cran	FALSE
ukhsadatR	69	cran	FALSE
unhcrdown	69	cran	FALSE
urlparse	69	cran	FALSE
vachette	69	cran	FALSE
vayr	69	cran	FALSE
vbracket	69	cran	FALSE
VIProDesign	69	cran	FALSE
vvfiller	69	cran	FALSE
warabandi	69	cran	FALSE
whatthreewords	69	cran	FALSE
wideRhino	69	cran	FALSE
windows_pls	69	cran	FALSE
wishmom	69	cran	FALSE
withdots	69	cran	FALSE
WLreg	69	cran	FALSE
xactonomial	69	cran	FALSE
yodel	69	cran	FALSE
abwm	68	cran	FALSE
adsasi	68	cran	FALSE
bandicoot	68	cran	FALSE
BayesCPclust	68	cran	FALSE
bigtcr	68	cran	FALSE
binpackr	68	cran	FALSE
blockedFF	68	cran	FALSE
bosfr	68	cran	FALSE
bvpa	68	cran	FALSE
checkthat	68	cran	FALSE
clayringsmiletus	68	cran	FALSE
clinical	68	cran	FALSE
ClinTrialPredict	68	cran	FALSE
CompareMultipleModels	68	cran	FALSE
CompPareto	68	cran	FALSE
countprop	68	cran	FALSE
countts	68	cran	FALSE
covalchemy	68	cran	FALSE
covfefe	68	cran	FALSE
creditmodel	68	cran	FALSE
CropWaterBalance	68	cran	FALSE
CSclone	68	cran	FALSE
CUMP	68	cran	FALSE
datr	68	cran	FALSE
DDM	68	cran	FALSE
debkeepr	68	cran	FALSE
degross	68	cran	FALSE
depower	68	cran	FALSE
DIRMR	68	cran	FALSE
displease	68	cran	FALSE
distinctiveness	68	cran	FALSE
DRPT	68	cran	FALSE
dySEM	68	cran	FALSE
ebrahim_gof	68	cran	FALSE
effClust	68	cran	FALSE
ETASbootstrap	68	cran	FALSE
evenBreak	68	cran	FALSE
EwR	68	cran	FALSE
excel2eprime	68	cran	FALSE
EXRQ	68	cran	FALSE
FastHamming	68	cran	FALSE
fastliu	68	cran	FALSE
fastmit	68	cran	FALSE
fcall	68	cran	FALSE
fmi	68	cran	FALSE
fozziejoin	68	cran	FALSE
fromhere	68	cran	FALSE
GFDrmtl	68	cran	FALSE
ggdmcModel	68	cran	FALSE
ggskewboxplots	68	cran	FALSE
gilmour	68	cran	FALSE
gLRTH	68	cran	FALSE
GSEMA	68	cran	FALSE
guix_install	68	cran	FALSE
gvcAnalyzer	68	cran	FALSE
HDMAADMM	68	cran	FALSE
heatmapFit	68	cran	FALSE
higrad	68	cran	FALSE
hrf	68	cran	FALSE
impressionist_colors	68	cran	FALSE
ImVol	68	cran	FALSE
INetTool	68	cran	FALSE
iwaqr	68	cran	FALSE
javateak	68	cran	FALSE
JPEN	68	cran	FALSE
jScore	68	cran	FALSE
jvecfor	68	bioc_fallback_rank	FALSE
kanjistat	68	cran	FALSE
KFPLS	68	cran	FALSE
klustR	68	cran	FALSE
ksNN	68	cran	FALSE
L0TFinv	68	cran	FALSE
lbm	68	cran	FALSE
lme4GS	68	cran	FALSE
makeunique	68	cran	FALSE
MannWhitneyCopula	68	cran	FALSE
MaxIntTools	68	cran	FALSE
mcwr	68	cran	FALSE
memoria	68	cran	FALSE
microbats	68	cran	FALSE
midoc	68	cran	FALSE
MIGEE	68	cran	FALSE
MiRSEA	68	cran	FALSE
mixSSG	68	cran	FALSE
mldr_resampling	68	cran	FALSE
MLPUGS	68	cran	FALSE
MMOC	68	cran	FALSE
moonboot	68	cran	FALSE
mrregression	68	cran	FALSE
multiRec	68	cran	FALSE
multiselect	68	cran	FALSE
MVPBT	68	cran	FALSE
MWright	68	cran	FALSE
mycolorsTB	68	cran	FALSE
netie	68	cran	FALSE
newIMVC	68	cran	FALSE
nnetLM	68	cran	FALSE
noweb	68	cran	FALSE
npboottprmFBar	68	cran	FALSE
OncoSubtype	68	cran	FALSE
optR	68	cran	FALSE
OTE	68	cran	FALSE
pacta_multi_loanbook	68	cran	FALSE
pasadr	68	cran	FALSE
patternator	68	cran	FALSE
pbbd	68	cran	FALSE
pcdid	68	cran	FALSE
pearson7	68	cran	FALSE
pedMermaid	68	cran	FALSE
penalizedcdf	68	cran	FALSE
permutest	68	cran	FALSE
phenolocrop	68	cran	FALSE
phonetisr	68	cran	FALSE
pitchRx	68	cran	FALSE
POMaSPU	68	cran	FALSE
ppdiag	68	cran	FALSE
pRepDesigns	68	cran	FALSE
preseqR	68	cran	FALSE
provDebugR	68	cran	FALSE
pscDesign	68	cran	FALSE
psoptim	68	cran	FALSE
pwlapprox2d	68	cran	FALSE
qqvases	68	cran	FALSE
qtkit	68	cran	FALSE
quietR	68	cran	FALSE
R_AlphA_Home	68	cran	FALSE
radous	68	cran	FALSE
randomGODB	68	cran	FALSE
RCGLS	68	cran	FALSE
RcppJagger	68	cran	FALSE
rdlearn	68	cran	FALSE
RESS	68	cran	FALSE
rid	68	cran	FALSE
RMAT	68	cran	FALSE
rmdplugr	68	cran	FALSE
Rnightly	68	cran	FALSE
rob	68	cran	FALSE
RobustPrediction	68	cran	FALSE
ROCSI	68	cran	FALSE
rocTools	68	cran	FALSE
rollbar	68	cran	FALSE
roxytest	68	cran	FALSE
RRI	68	cran	FALSE
RSocrata	68	cran	FALSE
rtip	68	cran	FALSE
rtrends	68	cran	FALSE
RXshrink	68	cran	FALSE
saeeb	68	cran	FALSE
samplingin	68	cran	FALSE
santoku	68	cran	FALSE
SAP	68	cran	FALSE
SensitivityCaseControl	68	cran	FALSE
shinySearchbar	68	cran	FALSE
SIRmcmc	68	cran	FALSE
SK4FGA	68	cran	FALSE
SLOS	68	cran	FALSE
SMAHP	68	cran	FALSE
snapshot	68	cran	FALSE
SOMnmR	68	cran	FALSE
sSDR	68	cran	FALSE
STDistance	68	cran	FALSE
stenR	68	cran	FALSE
stratastats	68	cran	FALSE
sts	68	cran	FALSE
StuteTest	68	cran	FALSE
taskqueue	68	cran	FALSE
thgenetics	68	cran	FALSE
tidyDenovix	68	cran	FALSE
tidyrhrv	68	cran	FALSE
TooManyCellsR	68	cran	FALSE
Toothnroll	68	cran	FALSE
toposort	68	cran	FALSE
twoxtwo	68	cran	FALSE
UAHDataScienceO	68	cran	FALSE
UHM	68	cran	FALSE
unsum	68	cran	FALSE
UVdose	68	cran	FALSE
valdrViz	68	cran	FALSE
valentine	68	cran	FALSE
VARSELECTEXPOSURE	68	cran	FALSE
vfinputs	68	cran	FALSE
ViroReportR	68	cran	FALSE
VisualDom	68	cran	FALSE
voigt	68	cran	FALSE
wconf	68	cran	FALSE
wither	68	cran	FALSE
xtvfreg	68	cran	FALSE
ADTSA	67	cran	FALSE
BoardGames	67	cran	FALSE
boostrq	67	cran	FALSE
bootLRTpairwise	67	cran	FALSE
BootstrapTests	67	cran	FALSE
boxTest	67	cran	FALSE
ciphertext	67	cran	FALSE
conditionalProbNspades	67	cran	FALSE
copulaboost	67	cran	FALSE
corrMCT	67	cran	FALSE
cosCorr	67	cran	FALSE
CoxLikelihood	67	cran	FALSE
CPCAT	67	cran	FALSE
crisp	67	cran	FALSE
ctsmTMB	67	cran	FALSE
CWT	67	cran	FALSE
datrProfile	67	cran	FALSE
dbacf	67	cran	FALSE
ddi	67	cran	FALSE
decision	67	cran	FALSE
deep	67	cran	FALSE
discretes	67	cran	FALSE
distfreereg	67	cran	FALSE
dsmSearch	67	cran	FALSE
dualtrees	67	cran	FALSE
easySVG	67	cran	FALSE
einet	67	cran	FALSE
ElectDecomp	67	cran	FALSE
emailjsr	67	cran	FALSE
ewoc	67	cran	FALSE
ExcessMass	67	cran	FALSE
ExtMallows	67	cran	FALSE
ExtrPatt	67	cran	FALSE
FACTMLE	67	cran	FALSE
fbardl	67	cran	FALSE
FDRsamplesize2	67	cran	FALSE
fdWasserstein	67	cran	FALSE
FedIRT	67	cran	FALSE
finna	67	cran	FALSE
footballpenaltiesBL	67	cran	FALSE
FRApp	67	cran	FALSE
funique	67	cran	FALSE
gdim	67	cran	FALSE
gek	67	cran	FALSE
geoarrowWidget	67	cran	FALSE
GIMMEgVAR	67	cran	FALSE
godley	67	cran	FALSE
GomoGomonoMi	67	cran	FALSE
googleComputeEngineR	67	cran	FALSE
gpyramid	67	cran	FALSE
grnn	67	cran	FALSE
h0	67	cran	FALSE
hierSDR	67	cran	FALSE
hipecR	67	cran	FALSE
HIViz	67	cran	FALSE
holobiont	67	cran	FALSE
htsDegenerateR	67	cran	FALSE
hwig	67	cran	FALSE
i3pack	67	cran	FALSE
IATanalytics	67	cran	FALSE
icdcomorbid	67	cran	FALSE
imabc	67	cran	FALSE
insetplot	67	cran	FALSE
IssueTrackeR	67	cran	FALSE
JSparO	67	cran	FALSE
kendallRandomWalks	67	cran	FALSE
KinformR	67	cran	FALSE
kmeRtone	67	cran	FALSE
KTensorGraphs	67	cran	FALSE
LATERmodel	67	cran	FALSE
lifecourse	67	cran	FALSE
LRQVB	67	cran	FALSE
M2SMF	67	cran	FALSE
mau	67	cran	FALSE
MDSvis	67	bioc_fallback_rank	FALSE
MetaNLP	67	cran	FALSE
minb	67	cran	FALSE
Minirand	67	cran	FALSE
mirrorselect	67	cran	FALSE
MiscMath	67	cran	FALSE
mixedLSR	67	cran	FALSE
MOQA	67	cran	FALSE
msd	67	cran	FALSE
mseapca	67	cran	FALSE
mtsta	67	cran	FALSE
MultRegCMP	67	cran	FALSE
MVQuickGraphs	67	cran	FALSE
MyoScore	67	cran	FALSE
NAVAECI	67	cran	FALSE
nestedpp	67	cran	FALSE
nose	67	cran	FALSE
NoviceDeveloperResources2	67	cran	FALSE
npExact	67	cran	FALSE
OBRE	67	cran	FALSE
ofGEM	67	cran	FALSE
ONEST	67	cran	FALSE
Opt5PL	67	cran	FALSE
orthanc	67	cran	FALSE
OTBsegm	67	cran	FALSE
paletteknife	67	cran	FALSE
pbr	67	cran	FALSE
PCBN	67	cran	FALSE
PEkit	67	cran	FALSE
perplexR	67	cran	FALSE
PEtests	67	cran	FALSE
phylosignalDB	67	cran	FALSE
PhytosanitaryCalculator	67	cran	FALSE
PREPShiny	67	cran	FALSE
ProActive	67	cran	FALSE
PytrendsLongitudinalR	67	cran	FALSE
quartose	67	cran	FALSE
quickPWCR	67	cran	FALSE
RADanalysis	67	cran	FALSE
randomMachines	67	cran	FALSE
RankAggSIgFUR	67	cran	FALSE
rawKS	67	cran	FALSE
react	67	cran	FALSE
ready4	67	cran	FALSE
RegCalReliab	67	cran	FALSE
regrap	67	cran	FALSE
resampledata3	67	cran	FALSE
retel	67	cran	FALSE
retimer	67	cran	FALSE
RobustBF	67	cran	FALSE
robustmeta	67	cran	FALSE
Romeb	67	cran	FALSE
rotulador	67	cran	FALSE
rsixel	67	cran	FALSE
rtlr	67	cran	FALSE
runes	67	cran	FALSE
saeHB_unit	67	cran	FALSE
SAME	67	cran	FALSE
SampleSizeProportions	67	cran	FALSE
samplezoo	67	cran	FALSE
SECFISH	67	cran	FALSE
seeclickfixr	67	cran	FALSE
SeqMADE	67	cran	FALSE
settingsSync	67	cran	FALSE
signed_backbones	67	cran	FALSE
snreg	67	cran	FALSE
spbal	67	cran	FALSE
spell_replacer	67	cran	FALSE
Ssarkartrim	67	cran	FALSE
starm	67	cran	FALSE
statisR	67	cran	FALSE
String2AdjMatrix	67	cran	FALSE
Stype_est	67	cran	FALSE
survC	67	cran	FALSE
SurvEval	67	cran	FALSE
SurvImpute	67	cran	FALSE
svgedit	67	cran	FALSE
swaglm	67	cran	FALSE
swaRmverse	67	cran	FALSE
tailloss	67	cran	FALSE
TDPanalysis	67	cran	FALSE
testarguments	67	cran	FALSE
tidydp	67	cran	FALSE
tightClust	67	cran	FALSE
treesitter_c	67	cran	FALSE
tsSelect	67	cran	FALSE
tvmComp	67	cran	FALSE
undidR	67	cran	FALSE
uskewFactors	67	cran	FALSE
veesa	67	cran	FALSE
whatifbandit	67	cran	FALSE
xgrove	67	cran	FALSE
aclhs	66	cran	FALSE
adsoRptionCV	66	cran	FALSE
aesopR	66	cran	FALSE
AirScreen	66	cran	FALSE
AquaAnalytix	66	cran	FALSE
AutoregressionMDE	66	cran	FALSE
BERTopic	66	cran	FALSE
bethel	66	cran	FALSE
boggy	66	cran	FALSE
bwd	66	cran	FALSE
cayleyR	66	cran	FALSE
CBTF	66	cran	FALSE
chcd	66	cran	FALSE
CircNNTSRaxial	66	cran	FALSE
CLIC	66	cran	FALSE
cmtkr	66	cran	FALSE
collegeScorecard	66	cran	FALSE
costsensitive	66	cran	FALSE
cvmaPLFAM	66	cran	FALSE
datazoom_social	66	cran	FALSE
DDPM	66	cran	FALSE
deepregression	66	cran	FALSE
dentomedical	66	cran	FALSE
DRclass	66	cran	FALSE
dymo	66	cran	FALSE
elastes	66	cran	FALSE
ELmethodVar	66	cran	FALSE
emov	66	cran	FALSE
epo	66	cran	FALSE
ExactCIone	66	cran	FALSE
EzGP	66	cran	FALSE
factor256	66	cran	FALSE
FastKRR	66	cran	FALSE
FertNet	66	cran	FALSE
FinAna	66	cran	FALSE
flourishcharts	66	cran	FALSE
FRCI	66	cran	FALSE
FREQ	66	cran	FALSE
froth	66	cran	FALSE
ftaproxim	66	cran	FALSE
fucom	66	cran	FALSE
FuelDeep3D	66	cran	FALSE
GiniDecompLY	66	cran	FALSE
gldrm	66	cran	FALSE
grade	66	cran	FALSE
grmsem	66	cran	FALSE
GWASbyCluster	66	cran	FALSE
HealthCal	66	cran	FALSE
HEssRNA	66	cran	FALSE
heumilkr	66	cran	FALSE
IGST	66	cran	FALSE
il_cbs_muni	66	cran	FALSE
IndexWizard	66	cran	FALSE
IRR2FPR	66	cran	FALSE
L0cpt	66	cran	FALSE
LagSequential	66	cran	FALSE
LimnoPalettes	66	cran	FALSE
linktree	66	cran	FALSE
lmerPerm	66	cran	FALSE
lpmec	66	cran	FALSE
LTCDM	66	cran	FALSE
LZeroSpikeInference	66	cran	FALSE
mcb	66	cran	FALSE
MEDesigns	66	cran	FALSE
mixedbiastest	66	cran	FALSE
MOODE	66	cran	FALSE
MOsemiind	66	cran	FALSE
MSBStatsData	66	cran	FALSE
mvDFA	66	cran	FALSE
mvhist	66	cran	FALSE
mvMISE	66	cran	FALSE
NetGreg	66	cran	FALSE
neuroUp	66	cran	FALSE
nimbleMacros	66	cran	FALSE
nlmixr	66	cran	FALSE
NovelDistns	66	cran	FALSE
npANCOVA	66	cran	FALSE
ocd	66	cran	FALSE
oceanis	66	cran	FALSE
OLStrajr	66	cran	FALSE
optDesignSlopeInt	66	cran	FALSE
OptimalTiming	66	cran	FALSE
ordiBreadth	66	cran	FALSE
overturemapsr	66	cran	FALSE
owidapi	66	cran	FALSE
parati	66	bioc_fallback_rank	FALSE
partialised	66	cran	FALSE
parTimeROC	66	cran	FALSE
pass_lme	66	cran	FALSE
pcpr	66	cran	FALSE
PhenoSpectra	66	cran	FALSE
Phi2rho	66	cran	FALSE
pingers	66	cran	FALSE
PlotPrjNetworks	66	cran	FALSE
PolarCAP	66	cran	FALSE
POPInf	66	cran	FALSE
portn	66	cran	FALSE
PPbigdata	66	cran	FALSE
pregnancy	66	cran	FALSE
ProbSamplingI	66	cran	FALSE
ProfileGLMM	66	cran	FALSE
profrep	66	cran	FALSE
pudu	66	cran	FALSE
pwrAB	66	cran	FALSE
qwalkr	66	cran	FALSE
r4subcore	66	cran	FALSE
RandMeta	66	cran	FALSE
rbc	66	cran	FALSE
RbyExample	66	cran	FALSE
rde	66	cran	FALSE
rechaRge	66	cran	FALSE
REN	66	cran	FALSE
reportReg	66	cran	FALSE
resumiR	66	cran	FALSE
rfinterval	66	cran	FALSE
Rfuzzycoco	66	cran	FALSE
RKUM	66	cran	FALSE
rmass2	66	cran	FALSE
rollup	66	cran	FALSE
roundwork	66	cran	FALSE
roxylint	66	cran	FALSE
RSmallTelescopes	66	cran	FALSE
RWmisc	66	cran	FALSE
rzentra	66	cran	FALSE
sacRebleu	66	cran	FALSE
saebnocov	66	cran	FALSE
saeHB_ME	66	cran	FALSE
SaturnCoefficient	66	cran	FALSE
SBSDiff	66	cran	FALSE
scdensity	66	cran	FALSE
scientific	66	cran	FALSE
scorepeak	66	cran	FALSE
sdam	66	cran	FALSE
secrettext	66	cran	FALSE
seekr	66	cran	FALSE
sfhelper	66	cran	FALSE
shortcuts	66	cran	FALSE
SimBaRepro	66	cran	FALSE
SimSST	66	cran	FALSE
SKFCPD	66	cran	FALSE
slr	66	cran	FALSE
SMARTp	66	cran	FALSE
smsets	66	cran	FALSE
spdgp	66	cran	FALSE
SPIChanges	66	cran	FALSE
spinebil	66	cran	FALSE
StatsTFLValR	66	cran	FALSE
stenographer	66	cran	FALSE
sunburstShinyWidget	66	cran	FALSE
SurrogateBMA	66	cran	FALSE
SurviMChd	66	cran	FALSE
survregVB	66	cran	FALSE
T2EQ	66	cran	FALSE
TDSTNN	66	cran	FALSE
testassay	66	cran	FALSE
tfCox	66	cran	FALSE
tican	66	cran	FALSE
tidyGenR	66	cran	FALSE
tinsel	66	cran	FALSE
topdowntimeratio	66	cran	FALSE
TORDs	66	cran	FALSE
truelies	66	cran	FALSE
TrueWAP	66	cran	FALSE
TSLA	66	cran	FALSE
twitteR	66	cran	FALSE
ukc19	66	cran	FALSE
uptimeRobot	66	cran	FALSE
URooTab	66	cran	FALSE
validateIt	66	cran	FALSE
vamc	66	cran	FALSE
vcPB	66	cran	FALSE
VDSM	66	cran	FALSE
VFS	66	cran	FALSE
vmTools	66	cran	FALSE
warpMix	66	cran	FALSE
WRestimates	66	cran	FALSE
WSCdata	66	cran	FALSE
zfa	66	cran	FALSE
acoRn	65	cran	FALSE
amsSim	65	cran	FALSE
BarBorGradient	65	cran	FALSE
BNPdensity	65	cran	FALSE
bodycomp	65	cran	FALSE
bvpSolve	65	cran	FALSE
CASIdata	65	cran	FALSE
cfmortality	65	cran	FALSE
civ	65	cran	FALSE
compareCstat	65	cran	FALSE
convertBCD	65	cran	FALSE
cosmic	65	cran	FALSE
customiser	65	cran	FALSE
cvGEE	65	cran	FALSE
DEploid_utils	65	cran	FALSE
detector	65	cran	FALSE
detpack	65	cran	FALSE
disagg2	65	cran	FALSE
Dogoftest	65	cran	FALSE
dverse	65	cran	FALSE
ECTSVR	65	cran	FALSE
egnyte	65	cran	FALSE
elgbd	65	cran	FALSE
EMJMCMC	65	cran	FALSE
epilogi	65	cran	FALSE
ExpGenetic	65	cran	FALSE
files	65	cran	FALSE
firebase_auth_rest	65	cran	FALSE
FTSgof	65	cran	FALSE
fullRankMatrix	65	cran	FALSE
gcTensor	65	cran	FALSE
genstab	65	cran	FALSE
ggsegmentedtotalbar	65	cran	FALSE
glmSTARMA	65	cran	FALSE
glsm	65	cran	FALSE
golfr	65	cran	FALSE
gwbr	65	cran	FALSE
GWRLASSO	65	cran	FALSE
gwzinbr	65	cran	FALSE
hdqr	65	cran	FALSE
ibdreg	65	cran	FALSE
ImFoR	65	cran	FALSE
IndTestPP	65	cran	FALSE
ineq_2d	65	cran	FALSE
intRegGOF	65	cran	FALSE
iRepro	65	cran	FALSE
lacunr	65	cran	FALSE
LeadSense	65	cran	FALSE
leakyIV	65	cran	FALSE
lehuynh	65	cran	FALSE
LinCal	65	cran	FALSE
lingdist	65	cran	FALSE
LOCUS	65	cran	FALSE
lpc	65	cran	FALSE
MCTrend	65	cran	FALSE
meddra_read	65	cran	FALSE
MetabolicSyndrome	65	cran	FALSE
micronutr	65	cran	FALSE
MissingPlotRBD	65	cran	FALSE
misuvi	65	cran	FALSE
MixedLevelRSDs	65	cran	FALSE
mod	65	cran	FALSE
modelc	65	cran	FALSE
modelimpact	65	cran	FALSE
momentchi2	65	cran	FALSE
mssearchr	65	cran	FALSE
mstclustering	65	cran	FALSE
multiFANOVA	65	cran	FALSE
multifwf	65	cran	FALSE
multiobjectiveMDP	65	cran	FALSE
mvcor	65	cran	FALSE
nhs_predict	65	cran	FALSE
notionR	65	cran	FALSE
once	65	cran	FALSE
openFDA	65	cran	FALSE
openmpp	65	cran	FALSE
OTUtable	65	cran	FALSE
OutcomeWeights	65	cran	FALSE
pairwiseComparisons	65	cran	FALSE
ParDNAcopy	65	cran	FALSE
pcaone	65	cran	FALSE
pEPA	65	cran	FALSE
peptoolkit	65	cran	FALSE
PFLR	65	cran	FALSE
PGaovR	65	cran	FALSE
phyreg	65	cran	FALSE
portion	65	cran	FALSE
PoSIAdjRSquared	65	cran	FALSE
PosiR	65	cran	FALSE
powergrid	65	cran	FALSE
prepkit	65	cran	FALSE
PreProcessRecordLinkage	65	cran	FALSE
prinvars	65	cran	FALSE
proclhmm	65	cran	FALSE
protHMM	65	cran	FALSE
QregBB	65	cran	FALSE
quantbayes	65	cran	FALSE
r2fireworks	65	cran	FALSE
RAP	65	cran	FALSE
rconf	65	cran	FALSE
regmhmm	65	cran	FALSE
repairData	65	cran	FALSE
Rhpc	65	cran	FALSE
RMM	65	cran	FALSE
rquest	65	cran	FALSE
RSDC	65	cran	FALSE
RSiteCatalyst	65	cran	FALSE
rtkore	65	cran	FALSE
RulesTools	65	cran	FALSE
rutifier	65	cran	FALSE
SASdates	65	cran	FALSE
sbmSDP	65	cran	FALSE
scConform	65	bioc_fallback_rank	FALSE
scDECO	65	cran	FALSE
SCEPtERbinary	65	cran	FALSE
seinfitR	65	cran	FALSE
shinyaframe	65	cran	FALSE
shinyproxyLogs	65	cran	FALSE
shipunov	65	cran	FALSE
simplanonym	65	cran	FALSE
SimplicialComplex	65	cran	FALSE
sinar	65	cran	FALSE
SingleCellStat	65	cran	FALSE
smoothy	65	cran	FALSE
SNSFdatasets	65	cran	FALSE
softclassval	65	cran	FALSE
sparselink	65	cran	FALSE
sqlm	65	cran	FALSE
ssutil	65	cran	FALSE
stosim	65	cran	FALSE
sumup	65	cran	FALSE
survivalsurrogate	65	cran	FALSE
TheSFACE	65	cran	FALSE
tidyklips	65	cran	FALSE
transportr	65	cran	FALSE
trunmnt	65	cran	FALSE
TSEwgt	65	cran	FALSE
ustyc	65	cran	FALSE
variationalDCM	65	cran	FALSE
varSel	65	cran	FALSE
Virusparies	65	cran	FALSE
vvmover	65	cran	FALSE
wally	65	cran	FALSE
WAnova	65	cran	FALSE
whereport	65	cran	FALSE
wmwAUC	65	cran	FALSE
wqc	65	cran	FALSE
wtest	65	cran	FALSE
apTreeshape	64	cran	FALSE
astronomyengine	64	cran	FALSE
BinaryEMVS	64	cran	FALSE
biobricks	64	cran	FALSE
BMconcor	64	cran	FALSE
bmet	64	cran	FALSE
bolt4jr	64	cran	FALSE
broomExtra	64	cran	FALSE
bSi	64	cran	FALSE
captain	64	cran	FALSE
causaldef	64	cran	FALSE
cbass	64	cran	FALSE
CircNNTSRSymmetric	64	cran	FALSE
clinicalomicsdbR	64	cran	FALSE
codewhere	64	cran	FALSE
CPoptim	64	cran	FALSE
CREDS	64	cran	FALSE
crplyr	64	cran	FALSE
cTOST	64	cran	FALSE
DBModelSelect	64	cran	FALSE
defineOptions	64	cran	FALSE
dependentsimr	64	cran	FALSE
dfexpand	64	cran	FALSE
digitalPCR	64	cran	FALSE
dpasurv	64	cran	FALSE
drcarlate	64	cran	FALSE
elections	64	cran	FALSE
elexr	64	cran	FALSE
evidenceFactors	64	cran	FALSE
evilDice	64	cran	FALSE
extlasso	64	cran	FALSE
ezECM	64	cran	FALSE
fdarep	64	cran	FALSE
fedz1	64	cran	FALSE
findInGit	64	cran	FALSE
forestHES	64	cran	FALSE
fourinarow	64	cran	FALSE
fuel	64	cran	FALSE
fullROC	64	cran	FALSE
funcMapper	64	cran	FALSE
GEC	64	cran	FALSE
genepi	64	cran	FALSE
GeneScape	64	cran	FALSE
geoprofiler	64	cran	FALSE
gghalves	64	cran	FALSE
gIPFrm	64	cran	FALSE
GK2011	64	cran	FALSE
GLmom	64	cran	FALSE
globe	64	cran	FALSE
gmfamm	64	cran	FALSE
GTAPViz	64	cran	FALSE
hdthreshold	64	cran	FALSE
HHG	64	cran	FALSE
HYDROCAL	64	cran	FALSE
hytest	64	cran	FALSE
icdGLM	64	cran	FALSE
IDmeasurer	64	cran	FALSE
ilabelled	64	cran	FALSE
insulin_secretion	64	cran	FALSE
interpolators	64	cran	FALSE
IOHanalyzer	64	cran	FALSE
IVCor	64	cran	FALSE
kitesquare	64	cran	FALSE
kssa	64	cran	FALSE
LMPdata	64	cran	FALSE
mabacR	64	cran	FALSE
maxRgain	64	cran	FALSE
MCOE	64	cran	FALSE
MDMA	64	cran	FALSE
memify	64	cran	FALSE
methcon5	64	cran	FALSE
mexicolors	64	cran	FALSE
MicrobialGrowth	64	cran	FALSE
mineSweepR	64	cran	FALSE
minic	64	cran	FALSE
minimap	64	cran	FALSE
minsample2	64	cran	FALSE
mmints	64	cran	FALSE
morestopwords	64	cran	FALSE
mousetRajectory	64	cran	FALSE
mro	64	cran	FALSE
msgl	64	cran	FALSE
mycobacrvR	64	cran	FALSE
naptanr	64	cran	FALSE
NBDdirichlet	64	cran	FALSE
neodistr	64	cran	FALSE
NHMSAR	64	cran	FALSE
noisyCE2	64	cran	FALSE
npregderiv	64	cran	FALSE
octopusR	64	cran	FALSE
OnomasticDiversity	64	cran	FALSE
opusreader2	64	cran	FALSE
organik	64	cran	FALSE
OSCV	64	cran	FALSE
PAGE	64	cran	FALSE
partycoloR	64	cran	FALSE
pblm	64	cran	FALSE
peRiodiCS	64	cran	FALSE
pharmaverseraw	64	cran	FALSE
pkmon	64	cran	FALSE
POD	64	cran	FALSE
PoolBal	64	cran	FALSE
PRIMEplus	64	cran	FALSE
PSAWR	64	cran	FALSE
psHarmonize	64	cran	FALSE
PSIndependenceTest	64	cran	FALSE
psvd	64	cran	FALSE
qcv	64	cran	FALSE
rasterize	64	cran	FALSE
rbm25	64	cran	FALSE
RcausalEGM	64	cran	FALSE
rcoder	64	cran	FALSE
rdcor	64	cran	FALSE
rdeps	64	cran	FALSE
re	64	cran	FALSE
REFA	64	cran	FALSE
resizableSplitLayout	64	cran	FALSE
ribiosArg	64	cran	FALSE
rIsing	64	cran	FALSE
rmon	64	cran	FALSE
robqda	64	cran	FALSE
rockx	64	cran	FALSE
roxigraph	64	cran	FALSE
rrat	64	cran	FALSE
rsleep	64	cran	FALSE
rsmatch	64	cran	FALSE
RSSthemes	64	cran	FALSE
rt3	64	cran	FALSE
rtype	64	cran	FALSE
rvolleydata	64	cran	FALSE
sams	64	cran	FALSE
sapevom	64	cran	FALSE
scaleAlign	64	cran	FALSE
semicontMANOVA	64	cran	FALSE
setweaver	64	cran	FALSE
SHAKTI	64	cran	FALSE
shallot	64	cran	FALSE
simulMGF	64	cran	FALSE
soiltillr	64	cran	FALSE
spheresmooth	64	cran	FALSE
SportMiner	64	cran	FALSE
SpuriousMemory	64	cran	FALSE
sqlstrings	64	cran	FALSE
stablespec	64	cran	FALSE
svycdiff	64	cran	FALSE
sysAgNPs	64	cran	FALSE
TableContainer	64	cran	FALSE
tableMatrix	64	cran	FALSE
TestsSymmetry	64	cran	FALSE
texter	64	cran	FALSE
TFRE	64	cran	FALSE
tigers	64	cran	FALSE
tiktokadsR	64	cran	FALSE
TimeVarConcurrentModel	64	cran	FALSE
timevarcorr	64	cran	FALSE
TopicTestlet	64	cran	FALSE
tout	64	cran	FALSE
TRD	64	cran	FALSE
tree3d	64	cran	FALSE
tReeTraits	64	cran	FALSE
TrustworthyMLR	64	cran	FALSE
twitterwidget	64	cran	FALSE
veccompare	64	cran	FALSE
VIMPS	64	cran	FALSE
wand	64	cran	FALSE
warehouseTools	64	cran	FALSE
waspasR	64	cran	FALSE
ZLAvian	64	cran	FALSE
AncReg	63	cran	FALSE
bedrockbio	63	cran	FALSE
bitstreamio	63	cran	FALSE
BRPL	63	cran	FALSE
CBPE	63	cran	FALSE
cdlei	63	cran	FALSE
censoredAIDS	63	cran	FALSE
cepiweek	63	cran	FALSE
cgal4h	63	cran	FALSE
chainbinomial	63	cran	FALSE
ChessGmooG	63	cran	FALSE
creepyalien	63	cran	FALSE
dadjoke	63	cran	FALSE
datasailr	63	cran	FALSE
dcsvm	63	cran	FALSE
deduped	63	cran	FALSE
deform	63	cran	FALSE
dfmirroR	63	cran	FALSE
DirichletRF	63	cran	FALSE
doudpackage	63	cran	FALSE
dtms	63	cran	FALSE
DTwrappers2	63	cran	FALSE
DTWUMI	63	cran	FALSE
DWaveNARDL	63	cran	FALSE
ebci	63	cran	FALSE
ecode	63	cran	FALSE
eGST	63	cran	FALSE
eoR	63	cran	FALSE
epmrob	63	cran	FALSE
Epoch	63	cran	FALSE
evalHTE	63	cran	FALSE
ewp	63	cran	FALSE
ExpoRiskR	63	bioc_fallback_rank	FALSE
FABInference	63	cran	FALSE
fcp	63	cran	FALSE
findGSEP	63	cran	FALSE
FishProxCompAnalyzer	63	cran	FALSE
flexiblas	63	cran	FALSE
fluspect	63	cran	FALSE
frequentistSSDBinary	63	cran	FALSE
funbootband	63	cran	FALSE
FVDDPpkg	63	cran	FALSE
gaussratiovegind	63	cran	FALSE
GDSARM	63	cran	FALSE
geneNR	63	cran	FALSE
GeneScoreR	63	cran	FALSE
gerefer	63	cran	FALSE
googler	63	cran	FALSE
govStatJPN	63	cran	FALSE
GPCsign	63	cran	FALSE
gretel	63	cran	FALSE
GTEs	63	cran	FALSE
guescini	63	cran	FALSE
hidradenitis	63	cran	FALSE
HK80	63	cran	FALSE
iDOS	63	cran	FALSE
ILRCM	63	cran	FALSE
Inflation	63	cran	FALSE
infotest	63	cran	FALSE
InterNL	63	cran	FALSE
Jacquard	63	cran	FALSE
Jcvrisk	63	cran	FALSE
JMI	63	cran	FALSE
kappaGold	63	cran	FALSE
khisr	63	cran	FALSE
kuiper_2samp	63	cran	FALSE
kvkapiR	63	cran	FALSE
LCCkNN	63	cran	FALSE
LGCU	63	cran	FALSE
lineagefreq	63	cran	FALSE
linkeR	63	cran	FALSE
LogisticCopula	63	cran	FALSE
LSMjml	63	cran	FALSE
magree	63	cran	FALSE
MCSim	63	cran	FALSE
medparser	63	cran	FALSE
metools	63	cran	FALSE
MGPSDK	63	cran	FALSE
MIDN	63	cran	FALSE
miniGUI	63	cran	FALSE
MJMbamlss	63	cran	FALSE
MorphSim	63	cran	FALSE
MSCCT	63	cran	FALSE
mulSEM	63	cran	FALSE
multibreakeR	63	cran	FALSE
MultiClassROC	63	cran	FALSE
murphydiagram	63	cran	FALSE
NAC	63	cran	FALSE
nasa	63	cran	FALSE
NLPwavelet	63	cran	FALSE
nmfbin	63	cran	FALSE
noncompliance	63	cran	FALSE
nutrition	63	cran	FALSE
oews2020	63	cran	FALSE
Ohit	63	cran	FALSE
ORTH_Ord	63	cran	FALSE
osum	63	cran	FALSE
paneltests	63	cran	FALSE
PCpluS	63	cran	FALSE
pdt	63	cran	FALSE
pempi	63	cran	FALSE
pervasive	63	cran	FALSE
pfr	63	cran	FALSE
phyloraster	63	cran	FALSE
piiR	63	cran	FALSE
PLEXI	63	cran	FALSE
PlotNormTest	63	cran	FALSE
PooledMeanGroup	63	cran	FALSE
popsom7	63	cran	FALSE
POUMM	63	cran	FALSE
pow_int	63	cran	FALSE
ppRank	63	cran	FALSE
pretestcad	63	cran	FALSE
PRSim	63	cran	FALSE
QCApro	63	cran	FALSE
QuantRegGLasso	63	cran	FALSE
r2stl	63	cran	FALSE
r4subrisk	63	cran	FALSE
raem	63	cran	FALSE
rcaiman	63	cran	FALSE
RcppTskit	63	cran	FALSE
Rcriticor	63	cran	FALSE
readmit	63	cran	FALSE
RegEnRF	63	cran	FALSE
RegKink	63	cran	FALSE
rgsrs	63	cran	FALSE
ribiosPlot	63	cran	FALSE
rMIDAS2	63	cran	FALSE
rmstBayespara	63	cran	FALSE
robsel	63	cran	FALSE
rocsvm_path	63	cran	FALSE
RolWinWavCor	63	cran	FALSE
roundyh	63	cran	FALSE
rplec	63	cran	FALSE
rrandvec	63	cran	FALSE
rres	63	cran	FALSE
RSADBE	63	cran	FALSE
salad	63	cran	FALSE
sapo	63	cran	FALSE
seqICP	63	cran	FALSE
sgpv	63	cran	FALSE
shadowr	63	cran	FALSE
SharkDemography	63	cran	FALSE
shuffle	63	cran	FALSE
simqi	63	cran	FALSE
smdata	63	cran	FALSE
SQLFormatteR	63	cran	FALSE
statdecideR	63	cran	FALSE
staticryptR	63	cran	FALSE
statioVAR	63	cran	FALSE
stoRy	63	cran	FALSE
StReg	63	cran	FALSE
SurrogateSeq	63	cran	FALSE
SurvSparse	63	cran	FALSE
SWMPrExtension	63	cran	FALSE
tada	63	cran	FALSE
tempodisco	63	cran	FALSE
tenispolaR	63	cran	FALSE
tergo	63	cran	FALSE
TestIndVars	63	cran	FALSE
tidytitanic	63	cran	FALSE
tor	63	cran	FALSE
tuckerR_mmgg	63	cran	FALSE
UniIsoRegression	63	cran	FALSE
varbin	63	cran	FALSE
VIMean	63	cran	FALSE
visTree	63	cran	FALSE
walmartAPI	63	cran	FALSE
wikibooks	63	cran	FALSE
yfhist	63	cran	FALSE
ZEP	63	cran	FALSE
AdapDiscom	62	cran	FALSE
bfcluster	62	cran	FALSE
closeloop	62	cran	FALSE
clpAPI	62	cran	FALSE
cobenrich	62	cran	FALSE
cumulocityr	62	cran	FALSE
CustomerScoringMetrics	62	cran	FALSE
customknitrender	62	cran	FALSE
CustosAscensor	62	cran	FALSE
DiPhiSeq	62	cran	FALSE
DisasterAlert	62	cran	FALSE
DNAmotif	62	cran	FALSE
dtwSat	62	cran	FALSE
duet	62	cran	FALSE
erboost	62	cran	FALSE
ergmharris	62	cran	FALSE
EventStudy	62	cran	FALSE
ExpRep	62	cran	FALSE
fabPrediction	62	cran	FALSE
fastRanges	62	bioc_fallback_rank	FALSE
featForge	62	cran	FALSE
fizzbuzzR	62	cran	FALSE
flexIC	62	cran	FALSE
FloodFreqPlot	62	cran	FALSE
FMCensSkewReg	62	cran	FALSE
fmt	62	cran	FALSE
ForagingOrg	62	cran	FALSE
forensicolors	62	cran	FALSE
gallery	62	cran	FALSE
GANPAdata	62	cran	FALSE
geboes_score	62	cran	FALSE
ggvariant	62	cran	FALSE
GINAX	62	cran	FALSE
GIplot	62	cran	FALSE
glmmsel	62	cran	FALSE
glmpermu	62	cran	FALSE
glorenz	62	cran	FALSE
GOFclustering	62	cran	FALSE
goweragreement	62	cran	FALSE
GRCRegression	62	cran	FALSE
GRNNs	62	cran	FALSE
grouprar	62	cran	FALSE
hera	62	cran	FALSE
HGDMr	62	cran	FALSE
hotspot	62	cran	FALSE
IBFS	62	cran	FALSE
IDLFM	62	cran	FALSE
ifpd	62	cran	FALSE
iGSEA	62	cran	FALSE
implicitExpansion	62	cran	FALSE
INCVCommunityDetection	62	cran	FALSE
ISS	62	cran	FALSE
iTOS	62	cran	FALSE
jcp	62	cran	FALSE
jetty	62	cran	FALSE
jmetrik	62	cran	FALSE
joker	62	cran	FALSE
LearnSL	62	cran	FALSE
lifepack	62	cran	FALSE
LJmp3converter	62	cran	FALSE
lorec	62	cran	FALSE
markstat	62	cran	FALSE
matrixmodp	62	cran	FALSE
MaxWiK	62	cran	FALSE
MCID	62	cran	FALSE
micvar	62	cran	FALSE
MixSAL	62	cran	FALSE
MLGdata	62	cran	FALSE
MMAD	62	cran	FALSE
modernBoot	62	cran	FALSE
MSML	62	cran	FALSE
mtvc	62	cran	FALSE
MultANOVA	62	cran	FALSE
MultiCOAP	62	cran	FALSE
nortestARMA	62	cran	FALSE
okcolors	62	cran	FALSE
ollg	62	cran	FALSE
OptHedging	62	cran	FALSE
organizr	62	cran	FALSE
OSNMTF	62	cran	FALSE
OtsuFire	62	cran	FALSE
PenIC	62	cran	FALSE
PINMA	62	cran	FALSE
pk4adi	62	cran	FALSE
plinkFile	62	cran	FALSE
poldis	62	cran	FALSE
polymatching	62	cran	FALSE
poolVIM	62	cran	FALSE
propOverlap	62	cran	FALSE
pseudoCure	62	cran	FALSE
randChecks	62	cran	FALSE
rcontroll	62	cran	FALSE
RcppColMetric	62	cran	FALSE
RHC	62	cran	FALSE
RKEELjars	62	cran	FALSE
RMallow	62	cran	FALSE
roadDB	62	cran	FALSE
rrda	62	cran	FALSE
rSCA	62	cran	FALSE
rseedcalc	62	cran	FALSE
rsnell	62	cran	FALSE
rwfec	62	cran	FALSE
saeHB_spatial	62	cran	FALSE
SAGM	62	cran	FALSE
samon	62	cran	FALSE
SeqAlignR	62	cran	FALSE
SHAPBoost	62	cran	FALSE
shinystate	62	cran	FALSE
SHIP	62	cran	FALSE
sigInt	62	cran	FALSE
simFastBOIN	62	cran	FALSE
simTargetCov	62	cran	FALSE
slap	62	cran	FALSE
SMASH	62	cran	FALSE
smosr	62	cran	FALSE
SOMMD	62	cran	FALSE
SparseICA	62	cran	FALSE
spdownscale	62	cran	FALSE
speedytax	62	cran	FALSE
stabilo	62	cran	FALSE
stcov	62	cran	FALSE
stodom	62	cran	FALSE
straweib	62	cran	FALSE
survmixer	62	cran	FALSE
timechecker	62	cran	FALSE
TopKSignal	62	cran	FALSE
toscmask	62	cran	FALSE
TPACData	62	cran	FALSE
ttbbeer	62	cran	FALSE
TwoDcDAPSA	62	cran	FALSE
UdderQuarterInfectionData	62	cran	FALSE
ulex	62	cran	FALSE
unicefData	62	cran	FALSE
valh	62	cran	FALSE
VariableSelection	62	cran	FALSE
vismi	62	cran	FALSE
volrisk	62	cran	FALSE
vstdct	62	cran	FALSE
vvsculptor	62	cran	FALSE
waetr	62	cran	FALSE
wISAM	62	cran	FALSE
WtTopsis	62	cran	FALSE
xtpqardl	62	cran	FALSE
zeroEQpart	62	cran	FALSE
annmatrix	61	cran	FALSE
apor	61	cran	FALSE
BlockwiseRankTest	61	cran	FALSE
BMRBr	61	cran	FALSE
caschrono	61	cran	FALSE
CensRegSMSN	61	cran	FALSE
copernicusR	61	cran	FALSE
datacult	61	cran	FALSE
DEHOGT	61	cran	FALSE
depcache	61	cran	FALSE
distanceHD	61	cran	FALSE
ditwahLandslide	61	cran	FALSE
dpdr	61	cran	FALSE
dupiR	61	cran	FALSE
eadrm	61	cran	FALSE
EngrEcon	61	cran	FALSE
equivUMP	61	cran	FALSE
EventPredInCure	61	cran	FALSE
ExploreTheData	61	cran	FALSE
favr	61	cran	FALSE
FDRsampsize	61	cran	FALSE
featurizer	61	cran	FALSE
FESta	61	cran	FALSE
Fluidigm	61	cran	FALSE
fpsim	61	cran	FALSE
gadjid	61	cran	FALSE
gclm	61	cran	FALSE
geneHapR	61	cran	FALSE
genfrn	61	cran	FALSE
ggalt	61	cran	FALSE
glmmFEL	61	cran	FALSE
GmptzCurve	61	cran	FALSE
ham	61	cran	FALSE
Hassani_Silva	61	cran	FALSE
HDMFA	61	cran	FALSE
heiscore_data	61	cran	FALSE
HMMHSMM	61	cran	FALSE
httpRequest	61	cran	FALSE
hydroDCindex	61	cran	FALSE
IMmailgun	61	cran	FALSE
infiltrodiscR	61	cran	FALSE
irtsim	61	cran	FALSE
jage	61	cran	FALSE
jsdtools	61	cran	FALSE
latcontrol	61	cran	FALSE
lay	61	cran	FALSE
lmtestrob	61	cran	FALSE
locateip	61	cran	FALSE
longke	61	cran	FALSE
mactivate	61	cran	FALSE
MajKMeans	61	cran	FALSE
maxstablePCA	61	cran	FALSE
MCBackscattering	61	cran	FALSE
MedZIsc	61	cran	FALSE
MetaDose	61	cran	FALSE
MetaIntegrator	61	cran	FALSE
midi	61	cran	FALSE
minsample1	61	cran	FALSE
misPRIME	61	cran	FALSE
missalpha	61	cran	FALSE
mlf	61	cran	FALSE
msu	61	cran	FALSE
MultiDiscreteRNG	61	cran	FALSE
OneArmTTE	61	cran	FALSE
OptimalBinningWoE	61	cran	FALSE
ordinalTables	61	cran	FALSE
paleofire	61	cran	FALSE
Partiallyoverlapping	61	cran	FALSE
pcal	61	cran	FALSE
pcg	61	cran	FALSE
PermutationR	61	cran	FALSE
PGaGEV	61	cran	FALSE
phase12designs	61	cran	FALSE
phuassess	61	cran	FALSE
piecenorms	61	cran	FALSE
pipr	61	cran	FALSE
platowork	61	cran	FALSE
plsmmLasso	61	cran	FALSE
poisFErobust	61	cran	FALSE
PolisheR	61	cran	FALSE
PrometheeTools	61	cran	FALSE
provolleyballr	61	cran	FALSE
puff	61	cran	FALSE
QLearning	61	cran	FALSE
R2ROC	61	cran	FALSE
rchroma	61	cran	FALSE
RcppMagicEnum	61	cran	FALSE
regress3d	61	cran	FALSE
rencher	61	cran	FALSE
represent	61	cran	FALSE
Rfolding	61	cran	FALSE
RMLPCA	61	cran	FALSE
rplos	61	cran	FALSE
RProbSup	61	cran	FALSE
rprofile	61	cran	FALSE
RSSampling	61	cran	FALSE
scalablebayesm	61	cran	FALSE
sccca	61	cran	FALSE
scmSpillover	61	cran	FALSE
selectapref	61	cran	FALSE
semEffect	61	cran	FALSE
semnova	61	cran	FALSE
sequential_pops	61	cran	FALSE
shannon	61	cran	FALSE
shinyquiz	61	cran	FALSE
shutterplot	61	cran	FALSE
SigOptR	61	cran	FALSE
sistmr	61	cran	FALSE
SIT	61	cran	FALSE
SLRMss	61	cran	FALSE
soilchemistry	61	cran	FALSE
SoilConservation	61	cran	FALSE
sparvaride	61	cran	FALSE
spedecon	61	cran	FALSE
sqlHelpers	61	cran	FALSE
squeezy	61	cran	FALSE
telraamStats	61	cran	FALSE
Tex4exams	61	cran	FALSE
thankr	61	cran	FALSE
THETASVM	61	cran	FALSE
TimeTraits	61	cran	FALSE
titeIR	61	cran	FALSE
translit_uk	61	cran	FALSE
triplesmatch	61	cran	FALSE
Ts	61	cran	FALSE
TSMN	61	cran	FALSE
tvtools	61	cran	FALSE
UEI	61	cran	FALSE
varoc	61	cran	FALSE
vmsae	61	cran	FALSE
vvbitwarden	61	cran	FALSE
wcep	61	cran	FALSE
winr	61	cran	FALSE
ascentTraining	60	cran	FALSE
baskoptr	60	cran	FALSE
calba	60	cran	FALSE
ceblR	60	cran	FALSE
conformalpvalue	60	cran	FALSE
cpgfR	60	cran	FALSE
Design_parameters	60	cran	FALSE
Dtableone	60	cran	FALSE
ecpc	60	cran	FALSE
edgeCorr	60	cran	FALSE
EvaluationMeasures	60	cran	FALSE
evolution	60	cran	FALSE
fastpolicytree	60	cran	FALSE
FMP	60	cran	FALSE
fpest	60	cran	FALSE
frapplot	60	cran	FALSE
GACE	60	cran	FALSE
GAIPE	60	cran	FALSE
GPEMR	60	cran	FALSE
gsearly	60	cran	FALSE
havel	60	cran	FALSE
hclusteasy	60	cran	FALSE
HDCurves	60	cran	FALSE
heattree	60	cran	FALSE
hirisplexr	60	cran	FALSE
httpproblems	60	cran	FALSE
hystar	60	cran	FALSE
icpack	60	cran	FALSE
iperform	60	cran	FALSE
ipsfs	60	cran	FALSE
ismtchile	60	cran	FALSE
kcmeans	60	cran	FALSE
kpiwidget	60	cran	FALSE
KWELA	60	cran	FALSE
LassoGEE	60	cran	FALSE
Latamverse	60	cran	FALSE
lightsf	60	cran	FALSE
localsp	60	cran	FALSE
MCDA	60	cran	FALSE
MetaboAnnotatoR	60	bioc_fallback_rank	FALSE
mhpfilter	60	cran	FALSE
MissingPlotLSD	60	cran	FALSE
mmc	60	cran	FALSE
MVOPR	60	cran	FALSE
mycaas	60	cran	FALSE
netknitr	60	cran	FALSE
nordklimdata1	60	cran	FALSE
npdsim	60	cran	FALSE
ordering	60	cran	FALSE
pams	60	cran	FALSE
phrases	60	cran	FALSE
picClip	60	cran	FALSE
pickmax	60	cran	FALSE
PLIS	60	cran	FALSE
pmev	60	cran	FALSE
powerHE	60	cran	FALSE
PSGoft	60	cran	FALSE
PSSIM	60	cran	FALSE
PTERP	60	cran	FALSE
QCSIS	60	cran	FALSE
r4subtrace	60	cran	FALSE
rcd3	60	cran	FALSE
recmetrics	60	cran	FALSE
regRSM	60	cran	FALSE
richCluster	60	cran	FALSE
RiverBuilder	60	cran	FALSE
rmstcompsens	60	cran	FALSE
Rnaught	60	cran	FALSE
rorqual_morpho	60	cran	FALSE
rotatogram	60	cran	FALSE
RSqlParser	60	cran	FALSE
rwisp	60	cran	FALSE
SailoR	60	cran	FALSE
SBI	60	cran	FALSE
SecretsProvider	60	cran	FALSE
SeedMaker	60	cran	FALSE
SEofM	60	cran	FALSE
seqSHP	60	cran	FALSE
SetTest	60	cran	FALSE
SGPR	60	cran	FALSE
silviculture	60	cran	FALSE
SimIndep	60	cran	FALSE
SpaCOAP	60	cran	FALSE
sparktex	60	cran	FALSE
ssebiEF	60	cran	FALSE
sshicm	60	cran	FALSE
StatTools	60	cran	FALSE
stepmetrics	60	cran	FALSE
strata_MaxCombo	60	cran	FALSE
tidydelta	60	cran	FALSE
tidyna	60	cran	FALSE
tidyttmoment	60	cran	FALSE
toon	60	cran	FALSE
UniExactFunTest	60	cran	FALSE
unvs_med	60	cran	FALSE
utest	60	cran	FALSE
utf8ify	60	cran	FALSE
VBV	60	cran	FALSE
YPmodelPhreg	60	cran	FALSE
ZeroOneDists	60	cran	FALSE
ALSM	59	cran	FALSE
BEST	59	cran	FALSE
biologicalActivityIndices	59	cran	FALSE
bnpMTP	59	cran	FALSE
BTTL	59	cran	FALSE
checkarg	59	cran	FALSE
chopin	59	cran	FALSE
chronometre	59	cran	FALSE
clap	59	cran	FALSE
cocosoR	59	cran	FALSE
convertbonds	59	cran	FALSE
curvecomp	59	cran	FALSE
deTestSet	59	cran	FALSE
dhsage	59	cran	FALSE
DiscreteFWER	59	cran	FALSE
doubcens	59	cran	FALSE
DTAXG	59	cran	FALSE
dynprog	59	cran	FALSE
ecoteach	59	cran	FALSE
ehymet	59	cran	FALSE
einops	59	cran	FALSE
eiopt2	59	cran	FALSE
EncompassTest	59	cran	FALSE
extractFAERS	59	cran	FALSE
FactChar	59	cran	FALSE
fulltext	59	cran	FALSE
FunSurv	59	cran	FALSE
ggdmcPrior	59	cran	FALSE
ggedit	59	cran	FALSE
hetcorFS	59	cran	FALSE
HighestMedianRules	59	cran	FALSE
idmact	59	cran	FALSE
ig_vancouver_2014_topcolour	59	cran	FALSE
impermanentlosscalc	59	cran	FALSE
irls	59	cran	FALSE
JSUparameters	59	cran	FALSE
kaphom	59	cran	FALSE
karlen	59	cran	FALSE
KOR_addrlink	59	cran	FALSE
LightFitR	59	cran	FALSE
logrxaddin	59	cran	FALSE
madsim	59	cran	FALSE
malvinas	59	cran	FALSE
MarginalMaxTest	59	cran	FALSE
MDimNormn	59	cran	FALSE
metabom8	59	bioc_fallback_rank	FALSE
mr_pivw	59	cran	FALSE
mscp	59	cran	FALSE
mtanan	59	cran	FALSE
multiCCA	59	cran	FALSE
MultiSkew	59	cran	FALSE
mvSUSY	59	cran	FALSE
nonstat	59	cran	FALSE
onlineretail	59	cran	FALSE
OpenBARD	59	cran	FALSE
OptimalSurrogate	59	cran	FALSE
OSCARS	59	cran	FALSE
PanelSelect	59	cran	FALSE
PanelTM	59	cran	FALSE
pkpd_Release	59	cran	FALSE
plausibounds	59	cran	FALSE
plotpc	59	cran	FALSE
ProbMarg	59	cran	FALSE
profExtrema	59	cran	FALSE
psvmSDR	59	cran	FALSE
qadf	59	cran	FALSE
qcauchyreg	59	cran	FALSE
QuICSeedR	59	cran	FALSE
radar	59	cran	FALSE
rjd3bench	59	cran	FALSE
rsides	59	cran	FALSE
RWNN	59	cran	FALSE
sae2	59	cran	FALSE
SALES	59	cran	FALSE
scdtb	59	cran	FALSE
SDPrism2D	59	cran	FALSE
shinyXYpad	59	cran	FALSE
SIMle	59	cran	FALSE
SingleArmMRCT	59	cran	FALSE
skewunit	59	cran	FALSE
skiftiTools	59	cran	FALSE
snc	59	cran	FALSE
snn	59	cran	FALSE
sokoban	59	cran	FALSE
solarPos	59	cran	FALSE
SpecDetec	59	cran	FALSE
StatRec	59	cran	FALSE
stoichUtilities	59	cran	FALSE
streamsampler	59	cran	FALSE
SVG	59	cran	FALSE
sybil	59	cran	FALSE
synthACS	59	cran	FALSE
tagr	59	cran	FALSE
TaxaNorm	59	cran	FALSE
TBA	59	cran	FALSE
tcv	59	cran	FALSE
topmodel	59	cran	FALSE
toro	59	cran	FALSE
trotter	59	cran	FALSE
TwoPhaseCorR	59	cran	FALSE
UAHDataScienceSF	59	cran	FALSE
unitrootests	59	cran	FALSE
ZooID	59	cran	FALSE
attenuation	58	cran	FALSE
BiObjClass	58	cran	FALSE
bioSNR	58	cran	FALSE
bushtucker	58	cran	FALSE
coldrift	58	cran	FALSE
comphy	58	cran	FALSE
CUtools	58	cran	FALSE
cwhmisc	58	cran	FALSE
DANDELION	58	cran	FALSE
DDPNA	58	cran	FALSE
DLEGFM	58	cran	FALSE
dragon	58	cran	FALSE
dragonking	58	cran	FALSE
DSFM	58	cran	FALSE
dSTEM	58	cran	FALSE
ebGenotyping	58	cran	FALSE
EEML	58	cran	FALSE
EMSNM	58	cran	FALSE
ExpBites	58	cran	FALSE
fasttreeid	58	cran	FALSE
fergm	58	cran	FALSE
FGalgorithm	58	cran	FALSE
FLAG	58	cran	FALSE
FourScores	58	cran	FALSE
FPCA3D	58	cran	FALSE
galisats	58	cran	FALSE
GenomicSig	58	cran	FALSE
geotools	58	cran	FALSE
gglycan	58	cran	FALSE
ggResidpanel	58	cran	FALSE
GISINTEGRATION	58	cran	FALSE
gravityGE	58	cran	FALSE
GRCdesigns	58	cran	FALSE
gtrendshealth	58	cran	FALSE
GulFM	58	cran	FALSE
hcandersenr	58	cran	FALSE
horsey	58	cran	FALSE
HTSeed	58	cran	FALSE
ImNN	58	cran	FALSE
ineqJD	58	cran	FALSE
Inflongitudinal	58	cran	FALSE
inspectdf	58	cran	FALSE
KDEmcmc	58	cran	FALSE
ksrlive	58	cran	FALSE
MacroZooBenthosWaterA	58	cran	FALSE
miapack	58	cran	FALSE
min2HalfFFD	58	cran	FALSE
MinTriadic	58	cran	FALSE
Missplot	58	cran	FALSE
MLFDR	58	cran	FALSE
mmtdiff	58	cran	FALSE
mmtsne	58	cran	FALSE
modTurPoint	58	cran	FALSE
mri	58	cran	FALSE
MuFiMeshGP	58	cran	FALSE
nzpullover	58	cran	FALSE
OSsurvival	58	cran	FALSE
pattern_checks	58	cran	FALSE
pcensmix	58	cran	FALSE
pecan	58	cran	FALSE
pKSEA	58	cran	FALSE
plotlsirm	58	cran	FALSE
plusCode2	58	cran	FALSE
pPCA	58	cran	FALSE
ppks	58	cran	FALSE
PrevMap	58	cran	FALSE
PrivateLR	58	cran	FALSE
psme	58	cran	FALSE
PubMatrixR	58	cran	FALSE
PVBcorrect	58	cran	FALSE
qmj	58	cran	FALSE
Rduino	58	cran	FALSE
Rega	58	bioc_fallback_rank	FALSE
RepaymentPlan	58	cran	FALSE
ReportSubtotal	58	cran	FALSE
ReVAMP	58	cran	FALSE
RGN	58	cran	FALSE
rgph	58	cran	FALSE
ribiosIO	58	cran	FALSE
rjmcmc	58	cran	FALSE
RLeafAngle	58	cran	FALSE
rpc	58	cran	FALSE
SampleSizeCalculator	58	cran	FALSE
scidesignR	58	cran	FALSE
sdf_test	58	cran	FALSE
semidist	58	cran	FALSE
senseR	58	cran	FALSE
sessioncheck	58	cran	FALSE
SFDesign	58	cran	FALSE
shinybody	58	cran	FALSE
shinyLottie	58	cran	FALSE
shinyQueryBuilder	58	cran	FALSE
shinyservicebot	58	cran	FALSE
SIP	58	cran	FALSE
SlotLim	58	cran	FALSE
SoilFunctionality	58	cran	FALSE
sqliteutils	58	cran	FALSE
stddiff_spark	58	cran	FALSE
stt_api	58	cran	FALSE
subgroup	58	cran	FALSE
svrpath	58	cran	FALSE
tabler	58	cran	FALSE
tcxr	58	cran	FALSE
theRefdate	58	cran	FALSE
TNC	58	cran	FALSE
transformerForecasting	58	cran	FALSE
TreeOrderTests	58	cran	FALSE
TrtCombo_FactorialExp_SR	58	cran	FALSE
TSPostgreSQL	58	cran	FALSE
twopexp	58	cran	FALSE
TwoSampleTest_HD	58	cran	FALSE
UGarima	58	cran	FALSE
uk2us	58	cran	FALSE
uniLasso	58	cran	FALSE
UStatBookABSC	58	cran	FALSE
utc	58	cran	FALSE
vaccinationimpact	58	cran	FALSE
vitality	58	cran	FALSE
vws	58	cran	FALSE
websearchr	58	cran	FALSE
BANOVA	57	cran	FALSE
BioMark	57	cran	FALSE
capr	57	cran	FALSE
CGPfunctions	57	cran	FALSE
CKMRpop	57	cran	FALSE
ClamR	57	cran	FALSE
cofid	57	cran	FALSE
Connection	57	cran	FALSE
corrRF	57	cran	FALSE
countHMM	57	cran	FALSE
dam	57	cran	FALSE
datastat	57	cran	FALSE
dci	57	cran	FALSE
dcmstan	57	cran	FALSE
distplyr	57	cran	FALSE
DNAseqtest	57	cran	FALSE
edfinr	57	cran	FALSE
emreliability	57	cran	FALSE
fase	57	cran	FALSE
fee	57	cran	FALSE
FKmL	57	cran	FALSE
fsia	57	cran	FALSE
ggdmcLikelihood	57	cran	FALSE
glmfitmiss	57	cran	FALSE
glmMisrep	57	cran	FALSE
GraphRankTest	57	cran	FALSE
gStream	57	cran	FALSE
HadIBDs	57	cran	FALSE
hashmapR	57	cran	FALSE
heatindex	57	cran	FALSE
ibdsegments	57	cran	FALSE
int3ract	57	cran	FALSE
jcalendaR	57	cran	FALSE
kkmeans	57	cran	FALSE
KSA	57	cran	FALSE
lazybar	57	cran	FALSE
LinearRegressionMDE	57	cran	FALSE
LqG	57	cran	FALSE
ManyTests	57	cran	FALSE
MaxSkew	57	cran	FALSE
MCCM	57	cran	FALSE
mcstatsim	57	cran	FALSE
MGL	57	cran	FALSE
mixedfact	57	cran	FALSE
MRMCsamplesize	57	cran	FALSE
mvalpha	57	cran	FALSE
NeuDist	57	cran	FALSE
nlpembeds	57	cran	FALSE
OdysseusSurvivalModule	57	cran	FALSE
OmegaG	57	cran	FALSE
openappr	57	cran	FALSE
OPTtesting	57	cran	FALSE
oRus	57	cran	FALSE
OVL_CI	57	cran	FALSE
pegs	57	cran	FALSE
PND_heter_cluster	57	cran	FALSE
PPCDT	57	cran	FALSE
pRSR	57	cran	FALSE
QDComparison	57	cran	FALSE
QTE_RD	57	cran	FALSE
r5rgui	57	cran	FALSE
rdd	57	cran	FALSE
rdstagger	57	cran	FALSE
regplot	57	cran	FALSE
relcircle	57	cran	FALSE
ResPBIBD	57	cran	FALSE
rgrass7	57	cran	FALSE
rgTest	57	cran	FALSE
RMSD	57	cran	FALSE
RSE	57	cran	FALSE
RSSOP	57	cran	FALSE
rtemis_llm	57	cran	FALSE
rTephra	57	cran	FALSE
scECODA	57	bioc_fallback_rank	FALSE
scMetaTraj	57	cran	FALSE
SCperf	57	cran	FALSE
ScreenClean	57	cran	FALSE
SFPL	57	cran	FALSE
shinyNORRRM	57	cran	FALSE
SLIC	57	cran	FALSE
SNVLFDR	57	cran	FALSE
SorptionAnalysis	57	cran	FALSE
stCEG	57	cran	FALSE
SudokuDesigns	57	cran	FALSE
sulcimap	57	cran	FALSE
suRface_analytics	57	cran	FALSE
SVMD	57	cran	FALSE
synoptReg	57	cran	FALSE
TensorMCMC	57	cran	FALSE
thermocouple	57	cran	FALSE
tpwb	57	cran	FALSE
TPXG	57	cran	FALSE
TSMCP	57	cran	FALSE
uni_shrinkage	57	cran	FALSE
vazul	57	cran	FALSE
WeatherSentiment	57	cran	FALSE
WeightMyItems	57	cran	FALSE
whalestrike	57	cran	FALSE
woodValuationDE	57	cran	FALSE
xtdhcoint	57	cran	FALSE
AnaCoDa	56	cran	FALSE
AnnuityRIR	56	cran	FALSE
classicaltest	56	cran	FALSE
con2aqi	56	cran	FALSE
dnapath	56	cran	FALSE
dtlscores	56	cran	FALSE
edgarfundamentals	56	cran	FALSE
elixir	56	cran	FALSE
energyGOF	56	cran	FALSE
EWOC_Comb	56	cran	FALSE
facilityepimath	56	cran	FALSE
fitPlotR	56	cran	FALSE
flankr	56	cran	FALSE
foodquotient	56	cran	FALSE
freqdist	56	cran	FALSE
FuzzyStatTra	56	cran	FALSE
gclink	56	cran	FALSE
GGMnonreg	56	cran	FALSE
graphTweets	56	cran	FALSE
gyro	56	cran	FALSE
HeterFunctionalData	56	cran	FALSE
HGSL	56	cran	FALSE
hrtlFMC	56	cran	FALSE
hse	56	cran	FALSE
IASD	56	cran	FALSE
ifit	56	cran	FALSE
infoDecompuTE	56	cran	FALSE
joinless	56	cran	FALSE
KQM	56	cran	FALSE
lakefetch	56	cran	FALSE
latbias	56	cran	FALSE
lero_lero	56	cran	FALSE
LFDR_MME	56	cran	FALSE
lit	56	cran	FALSE
llmhelper	56	cran	FALSE
LongDecompHE	56	cran	FALSE
LoTTA	56	cran	FALSE
LSEbootLS	56	cran	FALSE
maplamina	56	cran	FALSE
McMiso	56	cran	FALSE
MDSS	56	cran	FALSE
MultiRFM	56	cran	FALSE
nabla	56	cran	FALSE
neutroSurvey	56	cran	FALSE
nlmixr2auto	56	cran	FALSE
npDoseResponse	56	cran	FALSE
odiffr	56	cran	FALSE
permRand	56	cran	FALSE
plantphysioR	56	cran	FALSE
postinfectious	56	cran	FALSE
PSIM	56	cran	FALSE
PSRICalcSM	56	cran	FALSE
Rato	56	cran	FALSE
raveio	56	cran	FALSE
rectpacker	56	cran	FALSE
remode	56	cran	FALSE
RenvModule	56	cran	FALSE
rgw	56	cran	FALSE
rhmc	56	cran	FALSE
rKenyaForex	56	cran	FALSE
rmonocypher	56	cran	FALSE
rqcanon	56	cran	FALSE
sbd	56	cran	FALSE
scPassport	56	bioc_fallback_rank	FALSE
SDT	56	cran	FALSE
SeasEpi	56	cran	FALSE
shadowVIMP	56	cran	FALSE
SILFS	56	cran	FALSE
simdistr	56	cran	FALSE
SMMAL	56	cran	FALSE
Snake	56	cran	FALSE
SplitWise	56	cran	FALSE
SSAforecast	56	cran	FALSE
StakeholderAnalysis	56	cran	FALSE
StateLevelForest	56	cran	FALSE
stratifiedyh	56	cran	FALSE
switchboard	56	cran	FALSE
symMCD	56	cran	FALSE
SyncMove	56	cran	FALSE
TFactSR	56	cran	FALSE
tinylens	56	cran	FALSE
ubair	56	cran	FALSE
unexcel	56	cran	FALSE
vottrans	56	cran	FALSE
wcox	56	cran	FALSE
wilcoxmed	56	cran	FALSE
wstdiff	56	cran	FALSE
aLFQ	55	cran	FALSE
assertive	55	cran	FALSE
CHAPGWAS	55	cran	FALSE
ctpm	55	cran	FALSE
deepspat	55	cran	FALSE
DiversificationR	55	cran	FALSE
EBPRS	55	cran	FALSE
EMGCR	55	cran	FALSE
FCUSUM	55	cran	FALSE
FilmsGmooG	55	cran	FALSE
fwildclusterboot	55	cran	FALSE
GenTag	55	cran	FALSE
Glarmadillo	55	cran	FALSE
gmresls	55	cran	FALSE
gsMeanFreq	55	cran	FALSE
gwsem	55	cran	FALSE
hddplot	55	cran	FALSE
hindexcalculator	55	cran	FALSE
hydReng	55	cran	FALSE
IALS	55	cran	FALSE
ImCluster	55	cran	FALSE
isotracer	55	cran	FALSE
journalR	55	cran	FALSE
kernreg	55	cran	FALSE
kNNvs	55	cran	FALSE
liureg	55	cran	FALSE
LogisticCurveFitting	55	cran	FALSE
marima	55	cran	FALSE
marinepredator	55	cran	FALSE
MARMoT	55	cran	FALSE
MDOLS	55	cran	FALSE
microsamplingDesign	55	cran	FALSE
mmr	55	cran	FALSE
MPCR	55	cran	FALSE
multigroup_vaccine	55	cran	FALSE
nbpInference	55	cran	FALSE
nifti_pbcor	55	cran	FALSE
ntsDatasets	55	cran	FALSE
occCite	55	cran	FALSE
outlying	55	cran	FALSE
partitionMetric	55	cran	FALSE
pater	55	cran	FALSE
persval	55	cran	FALSE
poissoned	55	cran	FALSE
prithulib	55	cran	FALSE
probaverse	55	cran	FALSE
profileCI	55	cran	FALSE
ptvalue	55	cran	FALSE
ptwikiwords	55	cran	FALSE
rcc	55	cran	FALSE
Rcope	55	cran	FALSE
RealSurvSim	55	cran	FALSE
regreplaceR	55	cran	FALSE
rgeolocate	55	cran	FALSE
RMFM	55	cran	FALSE
rocvb	55	cran	FALSE
rwstats	55	cran	FALSE
SAutomata	55	cran	FALSE
scTypeEval	55	bioc_fallback_rank	FALSE
SEPaLS	55	cran	FALSE
seroreconstruct	55	cran	FALSE
SimtablR	55	cran	FALSE
simuclustfactor	55	cran	FALSE
smirnov	55	cran	FALSE
snirh_lab	55	cran	FALSE
SplitSplitPlot	55	cran	FALSE
SPOUSE	55	cran	FALSE
SSRTcalc	55	cran	FALSE
StrainRanking	55	cran	FALSE
StressStrength	55	cran	FALSE
strs	55	cran	FALSE
suddengains	55	cran	FALSE
surveysearch	55	cran	FALSE
SUSENAS	55	cran	FALSE
syntheticdata	55	cran	FALSE
TDMR	55	cran	FALSE
tightenBlock	55	cran	FALSE
tissot	55	cran	FALSE
transGFM	55	cran	FALSE
tsforecast	55	cran	FALSE
tttplot	55	cran	FALSE
TukeyRegion	55	cran	FALSE
VectrixDB	55	cran	FALSE
vse4ts	55	cran	FALSE
walkscore	55	cran	FALSE
yasp	55	cran	FALSE
Blaunet	54	cran	FALSE
bnspatial	54	cran	FALSE
BonEV	54	cran	FALSE
chebpol	54	cran	FALSE
codexcopd	54	cran	FALSE
cora	54	cran	FALSE
corlink	54	cran	FALSE
CovCorTest	54	cran	FALSE
crookR	54	cran	FALSE
dfCompare	54	cran	FALSE
didec	54	cran	FALSE
easyAHP	54	cran	FALSE
echo	54	cran	FALSE
EpiSimR	54	cran	FALSE
eve	54	cran	FALSE
expands	54	cran	FALSE
FactorsR	54	cran	FALSE
fastclime	54	cran	FALSE
fastgeojson	54	cran	FALSE
fortniteR	54	cran	FALSE
freewall	54	cran	FALSE
garray	54	cran	FALSE
geopsych	54	cran	FALSE
GJRM_data	54	cran	FALSE
hann	54	cran	FALSE
HiCocietyExample	54	cran	FALSE
HMP	54	cran	FALSE
Homeric	54	cran	FALSE
intervcomp	54	cran	FALSE
IPAG	54	cran	FALSE
ipr	54	cran	FALSE
landmix	54	cran	FALSE
lfebd3	54	cran	FALSE
marradistrees	54	cran	FALSE
MDMAPR	54	cran	FALSE
MED	54	cran	FALSE
miebl	54	cran	FALSE
MLpreemption	54	cran	FALSE
muckrock	54	cran	FALSE
multideploy	54	cran	FALSE
oews2021	54	cran	FALSE
OmicsPrepR	54	cran	FALSE
orderstats	54	cran	FALSE
ort	54	cran	FALSE
oshka	54	cran	FALSE
paramDemo	54	cran	FALSE
PTwins	54	cran	FALSE
rapidxmlr	54	cran	FALSE
rareflow	54	cran	FALSE
recor	54	cran	FALSE
remulate	54	cran	FALSE
ResIndex	54	cran	FALSE
RGenData	54	cran	FALSE
RkMetrics	54	cran	FALSE
rmda	54	cran	FALSE
RobPC	54	cran	FALSE
rtist	54	cran	FALSE
Rtnmin	54	cran	FALSE
SAKERNAS	54	cran	FALSE
SCFMonitor	54	cran	FALSE
SCORPIUS	54	cran	FALSE
seeker	54	cran	FALSE
shortuuid	54	cran	FALSE
sicure	54	cran	FALSE
SIMPLICA	54	cran	FALSE
SoilFDA	54	cran	FALSE
sonar	54	cran	FALSE
spectralAnomaly	54	cran	FALSE
sped	54	cran	FALSE
spexvb	54	cran	FALSE
spuriouscorrelations	54	cran	FALSE
SscSrs	54	cran	FALSE
staninside	54	cran	FALSE
stminsights	54	cran	FALSE
switchcase	54	cran	FALSE
taxnames	54	cran	FALSE
Taxonstand	54	cran	FALSE
testthatdocs	54	cran	FALSE
TPES	54	cran	FALSE
TREDesigns	54	cran	FALSE
uniset	54	cran	FALSE
ussherR	54	cran	FALSE
vectorbitops	54	cran	FALSE
wdiEF	54	cran	FALSE
WikidataR	54	cran	FALSE
wmwm	54	cran	FALSE
YangHuiMagic	54	cran	FALSE
zipangu	54	cran	FALSE
BasketTrial	53	cran	FALSE
bigGP	53	cran	FALSE
blscrapeR	53	cran	FALSE
cancerscreening	53	cran	FALSE
capm	53	cran	FALSE
conogive	53	cran	FALSE
csmbuilder	53	cran	FALSE
dexterMST	53	cran	FALSE
dwlm	53	cran	FALSE
eLNNpairedCov	53	cran	FALSE
EVchargcost	53	cran	FALSE
evesim	53	cran	FALSE
fejiv	53	cran	FALSE
FSM	53	cran	FALSE
gofgamma	53	cran	FALSE
greta	53	cran	FALSE
handyplots	53	cran	FALSE
HSEtest	53	cran	FALSE
kernopt	53	cran	FALSE
md	53	cran	FALSE
MDEI	53	cran	FALSE
MixFrac	53	cran	FALSE
moreparty	53	cran	FALSE
MOSS	53	cran	FALSE
MultiJoin	53	cran	FALSE
openholidaysR	53	cran	FALSE
optsize	53	cran	FALSE
OscillatorGenerator	53	cran	FALSE
paperplanes	53	cran	FALSE
PDM	53	cran	FALSE
PopulateR	53	cran	FALSE
pref	53	cran	FALSE
prinsurf	53	cran	FALSE
r4subscore	53	cran	FALSE
radarchart	53	cran	FALSE
Records	53	cran	FALSE
restaurant	53	cran	FALSE
rhnerm	53	cran	FALSE
ribiosGraph	53	cran	FALSE
RImpact	53	cran	FALSE
safedata	53	cran	FALSE
SampleSizeSingleArmSurvival	53	cran	FALSE
SemiparMF	53	cran	FALSE
SEMsensitivity	53	cran	FALSE
shinyNextUI	53	cran	FALSE
sievetest	53	cran	FALSE
smashr	53	cran	FALSE
spinyReg	53	cran	FALSE
springpheno	53	cran	FALSE
stIHC	53	cran	FALSE
SurveyStat	53	cran	FALSE
tidyUSDA	53	cran	FALSE
triangulation	53	cran	FALSE
TrioSGL	53	cran	FALSE
TSeriesMMA	53	cran	FALSE
vcfheader	53	cran	FALSE
VISTA	53	bioc_fallback_rank	FALSE
walkscoreAPI	53	cran	FALSE
wpp2008	53	cran	FALSE
censo2017	52	cran	FALSE
CGR	52	cran	FALSE
dispersionIndicators	52	cran	FALSE
doofa	52	cran	FALSE
epitweetr	52	cran	FALSE
EQUALencrypt	52	cran	FALSE
equiBSPD	52	cran	FALSE
etsi	52	cran	FALSE
falcon	52	cran	FALSE
fam_recrisk	52	cran	FALSE
firmmatchr	52	cran	FALSE
FSInteract	52	cran	FALSE
GLMBasedRaschEstimation	52	cran	FALSE
houba	52	cran	FALSE
IMPACT	52	cran	FALSE
indonesiaFootballScoutR	52	cran	FALSE
italy	52	cran	FALSE
keyclust	52	cran	FALSE
KoulMde	52	cran	FALSE
KSIC	52	cran	FALSE
KWCChangepoint	52	cran	FALSE
LDheatmap	52	cran	FALSE
LePage	52	cran	FALSE
lhmixr	52	cran	FALSE
lncDIFF	52	cran	FALSE
lobsteR	52	cran	FALSE
logStirling2	52	cran	FALSE
mangoTraining	52	cran	FALSE
mcODE	52	cran	FALSE
MixAll	52	cran	FALSE
MKendall	52	cran	FALSE
mlelod	52	cran	FALSE
moose	52	cran	FALSE
muiTreeView	52	cran	FALSE
nCal	52	cran	FALSE
neatStats	52	cran	FALSE
nonLinearDotPlot	52	cran	FALSE
Orangutan	52	cran	FALSE
PCL	52	cran	FALSE
PhysioIndexR	52	cran	FALSE
PlayerChart	52	cran	FALSE
PMEvapotranspiration	52	cran	FALSE
powdR	52	cran	FALSE
PRMethods	52	cran	FALSE
proccalibrad	52	cran	FALSE
quickReg	52	cran	FALSE
rafsi	52	cran	FALSE
robustSFA	52	cran	FALSE
Rtauchen	52	cran	FALSE
Rwbo	52	cran	FALSE
shinytesters	52	cran	FALSE
SortedEffects	52	cran	FALSE
StablePopulation	52	cran	FALSE
StatCharrms	52	cran	FALSE
statlingua	52	cran	FALSE
SurveyDefense	52	cran	FALSE
tastyR	52	cran	FALSE
tldrDocs	52	cran	FALSE
tok	52	cran	FALSE
TPAC	52	cran	FALSE
TSdist	52	cran	FALSE
VBMS	52	cran	FALSE
vcov	52	cran	FALSE
wrappr	52	cran	FALSE
AFM	51	cran	FALSE
apsrtable	51	cran	FALSE
backShift	51	cran	FALSE
BVSNLP	51	cran	FALSE
CDVI	51	cran	FALSE
CoFM	51	cran	FALSE
CoxMK	51	cran	FALSE
ddModel	51	cran	FALSE
DPQBootstrap	51	cran	FALSE
dtaudit	51	cran	FALSE
ExtendedABSurvTDC	51	cran	FALSE
fugue	51	cran	FALSE
gaussfacts	51	cran	FALSE
gcor	51	cran	FALSE
ggasym	51	cran	FALSE
HDGLM	51	cran	FALSE
heatex	51	cran	FALSE
hivdata	51	cran	FALSE
icrf	51	cran	FALSE
Inquilab	51	cran	FALSE
iteratoR	51	cran	FALSE
jdx	51	cran	FALSE
jointNmix	51	cran	FALSE
LiftTest	51	cran	FALSE
localFDA	51	cran	FALSE
LRMiss	51	cran	FALSE
mlbstats	51	cran	FALSE
mod09nrt	51	cran	FALSE
moranajp	51	cran	FALSE
MSMU	51	cran	FALSE
multfisher	51	cran	FALSE
mupet	51	cran	FALSE
mustashe	51	cran	FALSE
NPBBBDAefficiency	51	cran	FALSE
pandemics	51	cran	FALSE
pECV	51	cran	FALSE
PNC	51	cran	FALSE
qdm	51	cran	FALSE
RBBR	51	cran	FALSE
renpow	51	cran	FALSE
resLIK	51	cran	FALSE
rocNIT	51	cran	FALSE
sakura	51	cran	FALSE
shinycroneditor	51	cran	FALSE
shinyRatings	51	cran	FALSE
SplitSoftening	51	cran	FALSE
SPOTMisc	51	cran	FALSE
stanza	51	cran	FALSE
tabbitR	51	cran	FALSE
tost_suite	51	cran	FALSE
TSdbi	51	cran	FALSE
valottery	51	cran	FALSE
vegetablesSriLanka	51	cran	FALSE
vudc	51	cran	FALSE
waterYearType	51	cran	FALSE
WOAkMedoids	51	cran	FALSE
zmctp	51	cran	FALSE
apc	50	cran	FALSE
assertive_properties	50	cran	FALSE
crownsegmentr	50	cran	FALSE
CspStandSegmentation	50	cran	FALSE
dbrobust	50	cran	FALSE
Domean	50	cran	FALSE
drone	50	cran	FALSE
EBrank	50	cran	FALSE
EcoIndR	50	cran	FALSE
EigenR	50	cran	FALSE
extraterrestrial	50	cran	FALSE
FactEff	50	cran	FALSE
g_ridge	50	cran	FALSE
g3viz	50	cran	FALSE
gamlss_spatial	50	cran	FALSE
GroupTest	50	cran	FALSE
inTrees	50	cran	FALSE
jacpop	50	cran	FALSE
KOFM	50	cran	FALSE
markowitz	50	cran	FALSE
MATES	50	cran	FALSE
miscIC	50	cran	FALSE
MOM	50	cran	FALSE
MonetDB_R	50	cran	FALSE
multimolang	50	cran	FALSE
ntranova	50	cran	FALSE
PCICt	50	cran	FALSE
PPtreeExt	50	cran	FALSE
pql	50	cran	FALSE
pretest	50	cran	FALSE
pro	50	cran	FALSE
QQreflimits	50	cran	FALSE
r4subdata	50	cran	FALSE
rabi	50	cran	FALSE
rbridge	50	cran	FALSE
rsamplr	50	cran	FALSE
rtmsEcho	50	cran	FALSE
rwlifetable	50	cran	FALSE
rxode2parse	50	cran	FALSE
seliNDRIx	50	cran	FALSE
shinyTimer	50	cran	FALSE
simIC	50	cran	FALSE
slimrec	50	cran	FALSE
smoother	50	cran	FALSE
snQTL	50	cran	FALSE
spacemodR	50	cran	FALSE
sparseMatEst	50	cran	FALSE
SphereOptimize	50	cran	FALSE
SPYvsSPY	50	cran	FALSE
StepGWR	50	cran	FALSE
timeEL	50	cran	FALSE
transformmos	50	cran	FALSE
TransP	50	cran	FALSE
twoCoprimary	50	cran	FALSE
types	50	cran	FALSE
VDSPCalibration	50	cran	FALSE
VectorForgeML	50	cran	FALSE
vegIndexCalc	50	cran	FALSE
vfprogression	50	cran	FALSE
voronoifortune	50	cran	FALSE
ZIM4rv	50	cran	FALSE
zoomgrid	50	cran	FALSE
beginr	49	cran	FALSE
evidenceratio	49	cran	FALSE
favnums	49	cran	FALSE
FourgameteP	49	cran	FALSE
geouy	49	cran	FALSE
gghinton	49	cran	FALSE
hemat	49	cran	FALSE
hettest	49	cran	FALSE
HypergeoMat	49	cran	FALSE
ICV	49	cran	FALSE
L2hdchange	49	cran	FALSE
lassoshooting	49	cran	FALSE
nonparTrendR	49	cran	FALSE
numspellR	49	cran	FALSE
ORIClust	49	cran	FALSE
parlitools	49	cran	FALSE
partitionBEFsp	49	cran	FALSE
PhenotypeSimulator	49	cran	FALSE
RGenetics	49	cran	FALSE
RSGHB	49	cran	FALSE
semPLS	49	cran	FALSE
smbdata	49	cran	FALSE
smoothedIPW	49	cran	FALSE
stacomiR	49	cran	FALSE
StatPerMeCo	49	cran	FALSE
stopmotion	49	cran	FALSE
tatest	49	cran	FALSE
TreatmentSelection	49	cran	FALSE
Tri_Hierarchical_IBDs	49	cran	FALSE
tripsAndDipR	49	cran	FALSE
VegSpecIndex	49	cran	FALSE
WarnEpi	49	cran	FALSE
WeibullModiAMR	49	cran	FALSE
wildpoker	49	cran	FALSE
wlsd	49	cran	FALSE
Corbi	48	cran	FALSE
fishkirkko2015	48	cran	FALSE
flexBCF	48	cran	FALSE
FuzzySpec	48	cran	FALSE
GACFF	48	cran	FALSE
ggmosaic	48	cran	FALSE
ggsector	48	cran	FALSE
GPCERF	48	cran	FALSE
hclustTeach	48	cran	FALSE
image_textlinedetector	48	cran	FALSE
MADtests	48	cran	FALSE
mapping	48	cran	FALSE
MeLSI	48	bioc_fallback_rank	FALSE
meshed	48	cran	FALSE
multinomRob	48	cran	FALSE
newTestSurvRec	48	cran	FALSE
NMVANOVA	48	cran	FALSE
nna	48	cran	FALSE
npmlda	48	cran	FALSE
onlineCOV	48	cran	FALSE
optifunset	48	cran	FALSE
parade	48	cran	FALSE
PartialTL	48	cran	FALSE
pbdBASE	48	cran	FALSE
PSRICalc	48	cran	FALSE
PTSDdiag	48	cran	FALSE
QHOT	48	cran	FALSE
rego	48	cran	FALSE
RJcluster	48	cran	FALSE
robeth	48	cran	FALSE
RPscoring	48	cran	FALSE
seawaveQ	48	cran	FALSE
SFHNV	48	cran	FALSE
simCAT	48	cran	FALSE
spatialfusion	48	cran	FALSE
SPINA	48	cran	FALSE
SSN	48	cran	FALSE
SVDMx	48	cran	FALSE
TESS	48	cran	FALSE
tropAlgebra	48	cran	FALSE
TSfame	48	cran	FALSE
tulpaMesh	48	cran	FALSE
unifyR	48	cran	FALSE
UnitCircle	48	cran	FALSE
CAMAN	47	cran	FALSE
crosstalkr	47	cran	FALSE
DepMod	47	cran	FALSE
diagcounts	47	cran	FALSE
jlview	47	cran	FALSE
mra	47	cran	FALSE
optical	47	cran	FALSE
painter	47	cran	FALSE
PWFSLSmoke	47	cran	FALSE
QFRM	47	cran	FALSE
RankMap	47	bioc_fallback_rank	FALSE
Rcgmin	47	cran	FALSE
repsim	47	cran	FALSE
RMCLab	47	cran	FALSE
rminizinc	47	cran	FALSE
rmytarget	47	cran	FALSE
RobustMetrics	47	cran	FALSE
rosetta	47	cran	FALSE
screenshotbase	47	cran	FALSE
seqtest	47	cran	FALSE
shinyShortcut	47	cran	FALSE
skynet	47	cran	FALSE
SPEV	47	cran	FALSE
tnl_Test	47	cran	FALSE
tryr	47	cran	FALSE
typeR	47	cran	FALSE
UCR_ColumnNames	47	cran	FALSE
activegp	46	cran	FALSE
archivist_github	46	cran	FALSE
AssetCorr	46	cran	FALSE
BioMedR	46	bioc_fallback_rank,cran	FALSE
bRacatus	46	cran	FALSE
briskaR	46	cran	FALSE
cape	46	cran	FALSE
dfpk	46	cran	FALSE
FAMT	46	cran	FALSE
fanovaGraph	46	cran	FALSE
GOxploreR	46	cran	FALSE
gwrpvr	46	cran	FALSE
IsotopeR	46	cran	FALSE
llmflow	46	cran	FALSE
mlmts	46	cran	FALSE
mlxR	46	cran	FALSE
mnlogit	46	cran	FALSE
NORMAgene	46	cran	FALSE
params	46	cran	FALSE
PEGroupTesting	46	cran	FALSE
PolyMigR	46	cran	FALSE
r4subprofile	46	cran	FALSE
ragt2ridges	46	cran	FALSE
sensitivityIxJ	46	cran	FALSE
shinypayload	46	cran	FALSE
simpleSetup	46	cran	FALSE
SportsTour	46	cran	FALSE
svenssonm	46	cran	FALSE
XRJulia	46	cran	FALSE
acs	45	cran	FALSE
ahMLE	45	cran	FALSE
assertive_reflection	45	cran	FALSE
assertive_types	45	cran	FALSE
BayesGOF	45	cran	FALSE
bdvis	45	cran	FALSE
captr	45	cran	FALSE
cmcR	45	cran	FALSE
coursekata	45	cran	FALSE
EcoHydRology	45	cran	FALSE
exteriorMatch	45	cran	FALSE
games	45	cran	FALSE
HTSeedGLM	45	cran	FALSE
ISCAM	45	cran	FALSE
lmmprobe	45	cran	FALSE
MatchGATE	45	cran	FALSE
medicalrisk	45	cran	FALSE
mimdo	45	cran	FALSE
planets	45	cran	FALSE
RAMClustR	45	cran	FALSE
RGA	45	cran	FALSE
rLifting	45	cran	FALSE
SCVA	45	cran	FALSE
setwidth	45	cran	FALSE
sglOptim	45	cran	FALSE
specmine	45	cran	FALSE
taxotools	45	cran	FALSE
tcftt	45	cran	FALSE
trimetStops	45	cran	FALSE
WeibullR_learnr	45	cran	FALSE
aws_comprehend	44	cran	FALSE
BiBitR	44	cran	FALSE
BTYDplus	44	cran	FALSE
captioner	44	cran	FALSE
cgdsr	44	cran	FALSE
Fstability	44	cran	FALSE
gadget2	44	cran	FALSE
GRANBase	44	cran	FALSE
ICAMS	44	cran	FALSE
ImpShrinkage	44	cran	FALSE
jack	44	cran	FALSE
miscset	44	cran	FALSE
ParallelDSM	44	cran	FALSE
pbiparams	44	cran	FALSE
PlinkMatrix	44	bioc_fallback_rank	FALSE
PortfolioEffectHFT	44	cran	FALSE
propr	44	cran	FALSE
psData	44	cran	FALSE
qspray	44	cran	FALSE
rgho	44	cran	FALSE
robustETM	44	cran	FALSE
safetyGraphics	44	cran	FALSE
sarp_snowprofile_alignment	44	cran	FALSE
sasquatch	44	cran	FALSE
TPDDev	44	cran	FALSE
TwoDiRef	44	cran	FALSE
vdg	44	cran	FALSE
wrictools	44	cran	FALSE
bgmm	43	cran	FALSE
BHTSpack	43	cran	FALSE
BisqueRNA	43	cran	FALSE
cmrutils	43	cran	FALSE
cwbtools	43	cran	FALSE
digitalDLSorteR	43	cran	FALSE
EESPCA	43	cran	FALSE
fastrc	43	cran	FALSE
ggpol	43	cran	FALSE
growfunctions	43	cran	FALSE
hddtools	43	cran	FALSE
kazaam	43	cran	FALSE
Kifidi	43	cran	FALSE
MAc	43	cran	FALSE
Mega2R	43	cran	FALSE
mixedClust	43	cran	FALSE
nFunNN	43	cran	FALSE
NSR	43	cran	FALSE
ORIONZ_G	43	cran	FALSE
Platypus	43	cran	FALSE
rCMA	43	cran	FALSE
rtweet	43	cran	FALSE
SADEG	43	cran	FALSE
SASxport	43	cran	FALSE
splicelogic	43	bioc_fallback_rank	FALSE
tRophicPosition	43	cran	FALSE
Weighted_Desc_Stat	43	cran	FALSE
abbyyR	42	cran	FALSE
assertive_datetimes	42	cran	FALSE
BacArena	42	cran	FALSE
baseflow	42	cran	FALSE
bcrm	42	cran	FALSE
BMTME	42	cran	FALSE
CAMML	42	cran	FALSE
CoOL	42	cran	FALSE
CrownScorchTLS	42	cran	FALSE
CVR	42	cran	FALSE
DisHet	42	cran	FALSE
disprose	42	cran	FALSE
docreview	42	cran	FALSE
docxtools	42	cran	FALSE
econetwork	42	cran	FALSE
elementR	42	cran	FALSE
epoc	42	cran	FALSE
exactLoglinTest	42	cran	FALSE
futile_paradigm	42	cran	FALSE
greenSD	42	cran	FALSE
HMMmlselect	42	cran	FALSE
imguR	42	cran	FALSE
lctools	42	cran	FALSE
metapack	42	cran	FALSE
mixreg	42	cran	FALSE
ordPens	42	cran	FALSE
pendensity	42	cran	FALSE
reutils	42	cran	FALSE
SDGLM	42	cran	FALSE
Spillover	42	cran	FALSE
survivalAnalysis	42	cran	FALSE
xROI	42	cran	FALSE
atacInferCnv	41	bioc_fallback_rank	FALSE
CCTpack	41	cran	FALSE
CDNmoney	41	cran	FALSE
CruzPlot	41	cran	FALSE
decon	41	cran	FALSE
diveRsity	41	cran	FALSE
DLSSM	41	cran	FALSE
dynamicGraph	41	cran	FALSE
genpwr	41	cran	FALSE
hansard	41	cran	FALSE
moc	41	cran	FALSE
mosaicModel	41	cran	FALSE
moveVis	41	cran	FALSE
mudata2	41	cran	FALSE
ncdf4_helpers	41	cran	FALSE
packer	41	cran	FALSE
Planesmuestra	41	cran	FALSE
PSS_Health	41	cran	FALSE
QuACN	41	cran	FALSE
RcppGetconf	41	cran	FALSE
rela	41	cran	FALSE
rfigshare	41	cran	FALSE
rpdo	41	cran	FALSE
rtsplot	41	cran	FALSE
secure	41	cran	FALSE
subformula	41	cran	FALSE
TICM	41	cran	FALSE
treeplyr	41	cran	FALSE
ALTopt	40	cran	FALSE
bookdownplus	40	cran	FALSE
BrailleR	40	cran	FALSE
breakpoint	40	cran	FALSE
CADStat	40	cran	FALSE
citmre	40	cran	FALSE
clusterCons	40	cran	FALSE
diverse	40	cran	FALSE
DiversityOccupancy	40	cran	FALSE
FarmTest	40	cran	FALSE
GofKmt	40	cran	FALSE
gpuR	40	cran	FALSE
gwavr	40	cran	FALSE
hydroPSO	40	cran	FALSE
mssm	40	cran	FALSE
njtr1	40	cran	FALSE
NNbenchmark	40	cran	FALSE
PLSiMCpp	40	cran	FALSE
prettifyAddins	40	cran	FALSE
ribiosMath	40	cran	FALSE
seg	40	cran	FALSE
SigTree	40	cran	FALSE
spaero	40	cran	FALSE
stationery	40	cran	FALSE
suppdata	40	cran	FALSE
WikidataQueryServiceR	40	cran	FALSE
amanida	39	cran	FALSE
animalEKF	39	cran	FALSE
babsim_hospital	39	cran	FALSE
BayesRGMM	39	cran	FALSE
Biostatistics	39	cran	FALSE
BLCOP	39	cran	FALSE
bucky	39	cran	FALSE
ConConPiWiFun	39	cran	FALSE
dataCompareR	39	cran	FALSE
datastepr	39	cran	FALSE
eider	39	cran	FALSE
epiRomics	39	bioc_fallback_rank	FALSE
flux	39	cran	FALSE
GenomicTools	39	cran	FALSE
helminthR	39	cran	FALSE
heuristicsmineR	39	cran	FALSE
iBATCGH	39	cran	FALSE
IBDsim	39	cran	FALSE
IFAA	39	cran	TRUE
IGoRRR	39	cran	FALSE
imfr	39	cran	FALSE
IP	39	cran	FALSE
LibOPF	39	cran	FALSE
mapsFinland	39	cran	FALSE
MEGENA	39	cran	FALSE
mlmm_gwas	39	cran	FALSE
modelgrid	39	cran	FALSE
OjaNP	39	cran	FALSE
paco	39	cran	FALSE
ProFit	39	cran	FALSE
RclusTool	39	cran	FALSE
RcmdrPlugin_BiclustGUI	39	cran	FALSE
rkeops	39	cran	FALSE
rubias	39	cran	FALSE
saeMSPE	39	cran	FALSE
SLBDD	39	cran	FALSE
spacejamr	39	cran	FALSE
spBFA	39	cran	FALSE
summclust	39	cran	FALSE
taxonbridge	39	cran	FALSE
TRMF	39	cran	FALSE
AF	38	cran	FALSE
aliases2entrez	38	cran	FALSE
AnomalyScore	38	cran	FALSE
ARpLMEC	38	cran	FALSE
ARTP2	38	cran	FALSE
BayesianFROC	38	cran	FALSE
BHH2	38	cran	FALSE
biclustermd	38	cran	FALSE
caRpools	38	cran	FALSE
concurve	38	cran	FALSE
ConR	38	cran	FALSE
cxhull	38	cran	FALSE
DrDimont	38	cran	FALSE
eiCompare	38	cran	FALSE
ggjoy	38	cran	FALSE
GOaGO	38	bioc_fallback_rank	FALSE
HCT	38	cran	FALSE
HostSwitch	38	cran	FALSE
HydeNet	38	cran	FALSE
IFP	38	cran	FALSE
IPCAPS	38	cran	FALSE
kdtools	38	cran	FALSE
lazyWeave	38	cran	FALSE
listdown	38	cran	FALSE
MM2S	38	cran	FALSE
naturaList	38	cran	FALSE
pkr	38	cran	FALSE
repo	38	cran	FALSE
RFreak	38	cran	FALSE
Rfssa	38	cran	FALSE
SCRT	38	cran	FALSE
SDMPlay	38	cran	FALSE
SimSurvNMarker	38	cran	FALSE
sirus	38	cran	FALSE
SMITIDvisu	38	cran	FALSE
sparseHessianFD	38	cran	FALSE
SpatialKWD	38	cran	FALSE
tfplot	38	cran	FALSE
toonlite	38	cran	FALSE
vegtable	38	cran	FALSE
xtensor	38	cran	FALSE
yhatr	38	cran	FALSE
benchr	37	cran	FALSE
bestridge	37	cran	FALSE
CausalGAM	37	cran	FALSE
cgraph	37	cran	FALSE
chilemapas	37	cran	FALSE
chorrrds	37	cran	FALSE
CIDER	37	cran	FALSE
colorpatch	37	cran	FALSE
depmix	37	cran	FALSE
DOBAD	37	cran	FALSE
DriftBurstHypothesis	37	cran	FALSE
FLLat	37	cran	FALSE
fourPNO	37	cran	FALSE
groupTesting	37	cran	FALSE
hdmed	37	cran	FALSE
ipmisc	37	cran	FALSE
leabRa	37	cran	FALSE
MCMCtreeR	37	cran	FALSE
mregions	37	cran	FALSE
multigroup	37	cran	FALSE
musica	37	cran	FALSE
nice	37	cran	FALSE
opera	37	cran	FALSE
Phase123	37	cran	FALSE
pltesim	37	cran	FALSE
PODES	37	cran	FALSE
PUPAIM	37	cran	FALSE
rhosp	37	cran	FALSE
ropendata	37	cran	FALSE
safetyCharts	37	cran	FALSE
SFSI	37	cran	FALSE
SSLR	37	cran	FALSE
SteinerNet	37	cran	FALSE
subtee	37	cran	FALSE
synlik	37	cran	FALSE
timeseriesdb	37	cran	FALSE
ahpsurvey	36	cran	FALSE
assertive_models	36	cran	FALSE
AssocTests	36	cran	FALSE
bigReg	36	cran	FALSE
ccar3	36	cran	FALSE
CrossVA	36	cran	FALSE
diffudist	36	cran	FALSE
DPWeibull	36	cran	FALSE
DUBStepR	36	cran	FALSE
evreg	36	cran	FALSE
ExpImage	36	cran	FALSE
fuzzyreg	36	cran	FALSE
gma	36	cran	FALSE
GraphExperiment	36	bioc_fallback_rank	FALSE
HIBAG	36	cran	TRUE
inegiR	36	cran	FALSE
MDplot	36	cran	FALSE
MiMIR	36	cran	FALSE
MVLM	36	cran	FALSE
Nozzle_R1	36	cran	FALSE
oncoPredict	36	cran	FALSE
packDAMipd	36	cran	FALSE
ParBayesianOptimization	36	cran	FALSE
phm	36	cran	FALSE
processanimateR	36	cran	FALSE
RcmdrPlugin_GWRM	36	cran	FALSE
ROI_plugin_cplex	36	cran	FALSE
rpivotTable	36	cran	FALSE
RsimMosaic	36	cran	FALSE
Rwtss	36	cran	FALSE
searchConsoleR	36	cran	FALSE
SOPIE	36	cran	FALSE
squashinformr	36	cran	FALSE
SubTite	36	cran	FALSE
sumFREGAT	36	cran	FALSE
supc	36	cran	FALSE
treenomial	36	cran	FALSE
VicmapR	36	cran	FALSE
wiqid	36	cran	FALSE
AdaptiveSparsity	35	cran	FALSE
bigQueryR	35	cran	FALSE
bingat	35	cran	FALSE
binGroup2	35	cran	FALSE
cdcfluview	35	cran	FALSE
classyfireR	35	cran	FALSE
crfsuite	35	cran	FALSE
distreg_vis	35	cran	FALSE
dynamAedes	35	cran	FALSE
EmiStatR	35	cran	FALSE
fastcmprsk	35	cran	FALSE
ffsimulator	35	cran	FALSE
fpp	35	cran	FALSE
gfpop	35	cran	FALSE
ICEinfer	35	cran	FALSE
idem	35	cran	FALSE
imageFeatureTCGA	35	bioc_fallback_rank	FALSE
ISOpureR	35	cran	FALSE
liger	35	cran	FALSE
match2C	35	cran	FALSE
mlr3proba	35	cran	FALSE
MNLpred	35	cran	FALSE
neotoma	35	cran	FALSE
Phase12Compare	35	cran	FALSE
planar	35	cran	FALSE
plothelper	35	cran	FALSE
QuantumOps	35	cran	FALSE
rabhit	35	cran	FALSE
rbison	35	cran	FALSE
RstoxData	35	cran	FALSE
simpr	35	cran	FALSE
spectre	35	cran	FALSE
tessellation	35	cran	FALSE
tidymv	35	cran	FALSE
tidytidbits	35	cran	FALSE
UNF	35	cran	FALSE
waterquality	35	cran	FALSE
weathercan	35	cran	FALSE
agtboost	34	cran	FALSE
appler	34	cran	FALSE
ari	34	cran	FALSE
assertive_code	34	cran	FALSE
assertive_data_uk	34	cran	FALSE
autoMrP	34	cran	FALSE
aws_alexa	34	cran	FALSE
bayesAB	34	cran	FALSE
BayesReversePLLH	34	cran	FALSE
bmscstan	34	cran	FALSE
brlrmr	34	cran	FALSE
CoFRA	34	cran	FALSE
flowr	34	cran	FALSE
fscaret	34	cran	FALSE
ggcorset	34	cran	FALSE
giacR	34	cran	FALSE
gpx	34	cran	FALSE
grr	34	cran	FALSE
IntegratedMRF	34	cran	FALSE
lncRna	34	bioc_fallback_rank	FALSE
lpme	34	cran	FALSE
Matrix_utils	34	cran	FALSE
NFCP	34	cran	FALSE
nowcasting	34	cran	FALSE
orcutt	34	cran	FALSE
osmplotr	34	cran	FALSE
qqboxplot	34	cran	FALSE
qut	34	cran	FALSE
RcppStreams	34	cran	FALSE
rlc	34	cran	FALSE
rrecsys	34	cran	FALSE
RTOMO	34	cran	FALSE
SamplerCompare	34	cran	FALSE
steps	34	cran	FALSE
stratifyR	34	cran	FALSE
tensorEVD	34	cran	FALSE
textile	34	cran	FALSE
tosr	34	cran	FALSE
wearables	34	cran	FALSE
acp	33	cran	FALSE
AMORE	33	cran	FALSE
assertive_data	33	cran	FALSE
assertive_data_us	33	cran	FALSE
assertive_files	33	cran	FALSE
async	33	cran	FALSE
beanz	33	cran	FALSE
BiSEp	33	cran	FALSE
BNSL	33	cran	FALSE
cancerTiming	33	cran	FALSE
censusr	33	cran	FALSE
COCONUT	33	cran	FALSE
comparer	33	cran	FALSE
copulaedas	33	cran	FALSE
CornerstoneR	33	cran	FALSE
crunchy	33	cran	FALSE
elections_dtree	33	cran	FALSE
evclust	33	cran	FALSE
ExomeDepth	33	cran	FALSE
fExoticOptions	33	cran	FALSE
FuncMap	33	cran	FALSE
funLBM	33	cran	FALSE
gains	33	cran	FALSE
gfilmm	33	cran	FALSE
ggparallel	33	cran	FALSE
graphkernels	33	cran	FALSE
gWidgets2RGtk2	33	cran	FALSE
HRM	33	cran	FALSE
htmldf	33	cran	FALSE
ICDS	33	cran	FALSE
itsdm	33	cran	FALSE
karel	33	cran	FALSE
lazy	33	cran	FALSE
leafR	33	cran	FALSE
LogisticDx	33	cran	FALSE
luca	33	cran	FALSE
MARVEL	33	cran	FALSE
muHVT	33	cran	FALSE
MultinomialCI	33	cran	FALSE
oncomsm	33	cran	FALSE
OpenLand	33	cran	FALSE
pagoo	33	cran	FALSE
Rdiagnosislist	33	cran	FALSE
readxlsb	33	cran	FALSE
Ryacas0	33	cran	FALSE
set6	33	cran	FALSE
shinySIR	33	cran	FALSE
sparsebnUtils	33	cran	FALSE
sparsereg	33	cran	FALSE
sqlscore	33	cran	FALSE
SwarmSVM	33	cran	FALSE
torchaudio	33	cran	FALSE
TreePar	33	cran	FALSE
tvthemes	33	cran	FALSE
wavFeatExt	33	bioc_fallback_rank	FALSE
wordpredictor	33	cran	FALSE
abmR	32	cran	FALSE
ANOM	32	cran	FALSE
AntMAN	32	cran	FALSE
bamboo	32	cran	FALSE
BioCircos	32	cran	FALSE
bmabasket	32	cran	FALSE
dataframes2xls	32	cran	FALSE
DescrTab2	32	cran	FALSE
dictionar6	32	cran	FALSE
diseq	32	cran	FALSE
ech	32	cran	FALSE
eclust	32	cran	FALSE
EnsemblePCReg	32	cran	FALSE
essentials	32	cran	FALSE
FeedbackTS	32	cran	FALSE
fflr	32	cran	FALSE
flobr	32	cran	FALSE
fts	32	cran	FALSE
gamlss_foreach	32	cran	FALSE
gpclib	32	cran	FALSE
HTSSIP	32	cran	FALSE
microclass	32	cran	FALSE
mirai_promises	32	cran	FALSE
nomisr	32	cran	FALSE
PST	32	cran	FALSE
quantoptr	32	cran	FALSE
RcmdrPlugin_EACSPIR	32	cran	FALSE
rdrop2	32	cran	FALSE
rlme	32	cran	FALSE
RobLoxBioC	32	cran	FALSE
Rodam	32	cran	FALSE
rollmatch	32	cran	FALSE
rprev	32	cran	FALSE
ruimtehol	32	cran	FALSE
sahpm	32	cran	FALSE
sesem	32	cran	FALSE
snvecR	32	cran	FALSE
stochprofML	32	cran	FALSE
tukeyGH	32	cran	FALSE
vesselr	32	cran	FALSE
wiseR	32	cran	FALSE
wux	32	cran	FALSE
xQTLbiolinks	32	cran	FALSE
assertive_numbers	31	cran	FALSE
assertive_strings	31	cran	FALSE
AssetAllocation	31	cran	FALSE
ast2ast	31	cran	FALSE
BayesBEKK	31	cran	FALSE
bayess	31	cran	FALSE
bggAnalytics	31	cran	FALSE
bgsmtr	31	cran	FALSE
blindreview	31	cran	FALSE
Calculator_LR_FNs	31	cran	FALSE
CANSIM2R	31	cran	FALSE
condusco	31	cran	FALSE
covidregionaldata	31	cran	FALSE
databraryr	31	cran	FALSE
dbcsp	31	cran	FALSE
edbuildmapr	31	cran	FALSE
elbird	31	cran	FALSE
eurocordexr	31	cran	FALSE
EventDetectR	31	cran	FALSE
fastdigest	31	cran	FALSE
FastHCS	31	cran	FALSE
fbar	31	cran	FALSE
fwsim	31	cran	FALSE
healthcareai	31	cran	FALSE
highSCREEN	31	cran	FALSE
i2extras	31	cran	FALSE
inldata	31	cran	FALSE
IPDFileCheck	31	cran	FALSE
IsoGene	31	cran	FALSE
leafletZH	31	cran	FALSE
LRDE	31	bioc_fallback_rank	FALSE
mapr	31	cran	FALSE
MSQC	31	cran	FALSE
mwaved	31	cran	FALSE
param6	31	cran	FALSE
paropt	31	cran	FALSE
ph2bye	31	cran	FALSE
pipe_design	31	cran	FALSE
psycModel	31	cran	FALSE
QuantTools	31	cran	FALSE
Rcrawler	31	cran	FALSE
Relatedness	31	cran	FALSE
sim1000G	31	cran	FALSE
siqr	31	cran	FALSE
sparsebn	31	cran	FALSE
SpatialML	31	cran	FALSE
sumR	31	cran	FALSE
adaHuber	30	cran	FALSE
ADPclust	30	cran	FALSE
APtools	30	cran	FALSE
ar_matrix	30	cran	FALSE
cds	30	cran	FALSE
circularEV	30	cran	FALSE
clogitLasso	30	cran	FALSE
confSAM	30	cran	FALSE
cplexAPI	30	cran	FALSE
DAMisc	30	cran	FALSE
danstat	30	cran	FALSE
DBEST	30	cran	FALSE
diffee	30	cran	FALSE
ergm_userterms	30	cran	FALSE
gamreg	30	cran	FALSE
geophys	30	cran	FALSE
ggvoronoi	30	cran	FALSE
gitgadget	30	cran	FALSE
greta_gp	30	cran	FALSE
GUIDE	30	cran	FALSE
highmean	30	cran	FALSE
hoa	30	cran	FALSE
horseshoenlm	30	cran	FALSE
iCARH	30	cran	FALSE
ieeeround	30	cran	FALSE
ivsacim	30	cran	FALSE
JGL	30	cran	FALSE
kerastuneR	30	cran	FALSE
lmSupport	30	cran	FALSE
mccmeiv	30	cran	FALSE
msBP	30	cran	FALSE
PGEE	30	cran	FALSE
PhageCocktail	30	cran	FALSE
phyloclim	30	cran	FALSE
PlaneGeometry	30	cran	FALSE
prettyglm	30	cran	FALSE
quadtree	30	cran	FALSE
Rlda	30	cran	FALSE
rlmDataDriven	30	cran	FALSE
RonFHIR	30	cran	FALSE
rtsdata	30	cran	FALSE
sampSurf	30	cran	FALSE
schtools	30	cran	FALSE
sdmApp	30	cran	FALSE
sigQC	30	cran	FALSE
SPARQL	30	cran	FALSE
TextForecast	30	cran	FALSE
TPMplt	30	cran	FALSE
trackr	30	cran	FALSE
viralmodels	30	cran	FALSE
vrmlgen	30	cran	FALSE
ZeBook	30	cran	FALSE
ACA	29	cran	FALSE
assertive_matrices	29	cran	FALSE
assertive_sets	29	cran	FALSE
astrodatR	29	cran	FALSE
bayesbr	29	cran	FALSE
BayesDLMfMRI	29	cran	FALSE
bbsBayes	29	cran	FALSE
bmrm	29	cran	FALSE
cate	29	cran	FALSE
ChoR	29	cran	FALSE
cloudos	29	cran	FALSE
corrcoverage	29	cran	FALSE
coxmeg	29	cran	FALSE
coxrt	29	cran	FALSE
cregg	29	cran	FALSE
CRF	29	cran	FALSE
CVEK	29	cran	FALSE
dbflobr	29	cran	FALSE
dirmcmc	29	cran	FALSE
dynplot	29	cran	FALSE
ezmmek	29	cran	FALSE
FeatureHashing	29	cran	FALSE
finreportr	29	cran	FALSE
fsMTS	29	cran	FALSE
FunCluster	29	cran	FALSE
gfcanalysis	29	cran	FALSE
ggpie	29	cran	FALSE
GreyZones	29	cran	FALSE
gripp	29	cran	FALSE
heavy	29	cran	FALSE
ICRanks	29	cran	FALSE
immLynx	29	bioc_fallback_rank	FALSE
InDisc	29	cran	FALSE
KnockoffScreen	29	cran	FALSE
ldatuning	29	cran	FALSE
LDLcalc	29	cran	FALSE
MetFns	29	cran	FALSE
mnis	29	cran	FALSE
MRS	29	cran	FALSE
multiMarker	29	cran	FALSE
ntdr	29	cran	FALSE
ontologics	29	cran	FALSE
openSTARS	29	cran	FALSE
outsider_base	29	cran	FALSE
pedmod	29	cran	FALSE
PhViD	29	cran	FALSE
pinbasic	29	cran	FALSE
pmmlTransformations	29	cran	FALSE
PRISMAstatement	29	cran	FALSE
PRSPGx	29	cran	FALSE
qpmadr	29	cran	FALSE
rGEDI	29	cran	FALSE
rgexf	29	cran	FALSE
rmonad	29	cran	FALSE
robcbi	29	cran	FALSE
sapa	29	cran	FALSE
sbo	29	cran	FALSE
SCMA	29	cran	FALSE
sdef	29	cran	FALSE
seAMLess	29	cran	FALSE
SemiPar	29	cran	FALSE
sfo	29	cran	FALSE
SMME	29	cran	FALSE
stockfish	29	cran	FALSE
support	29	cran	FALSE
ukbtools	29	cran	FALSE
aibd	28	cran	FALSE
andurinha	28	cran	FALSE
AROC	28	cran	FALSE
autoRasch	28	cran	FALSE
BayesSPsurv	28	cran	FALSE
BCSub	28	cran	FALSE
BrownDog	28	cran	FALSE
Canopy	28	cran	FALSE
catmap	28	cran	FALSE
CauchyCP	28	cran	FALSE
cusum	28	cran	FALSE
D2MCS	28	cran	FALSE
DataFakeR	28	cran	FALSE
dmdScheme	28	cran	FALSE
doseminer	28	cran	FALSE
doublIn	28	cran	FALSE
DSsim	28	cran	FALSE
ecd	28	cran	FALSE
EstMix	28	cran	FALSE
factorMerger	28	cran	FALSE
febr	28	cran	FALSE
forestdata	28	cran	FALSE
gapfill	28	cran	FALSE
gemlog	28	cran	FALSE
gesso	28	cran	FALSE
ggsn	28	cran	FALSE
GPM	28	cran	FALSE
healthyverse	28	cran	FALSE
howmany	28	cran	FALSE
iemiscdata	28	cran	FALSE
iqLearn	28	cran	FALSE
jsonStrings	28	cran	FALSE
LinkageMapView	28	cran	FALSE
mapfit	28	cran	FALSE
memochange	28	cran	FALSE
mistat	28	cran	FALSE
mstrio	28	cran	FALSE
MtreeRing	28	cran	FALSE
NetFACS	28	cran	FALSE
NHMM	28	cran	FALSE
OCA	28	cran	FALSE
ODB	28	cran	FALSE
optiRum	28	cran	FALSE
optpart	28	cran	FALSE
pamctdp	28	cran	FALSE
PandemicLP	28	cran	FALSE
PerMallows	28	cran	FALSE
qat	28	cran	FALSE
QCAtools	28	cran	FALSE
QuasiSeq	28	cran	FALSE
rbhl	28	cran	FALSE
RCPmod	28	cran	FALSE
readwritesqlite	28	cran	FALSE
shinydlplot	28	cran	FALSE
sleeperapi	28	cran	FALSE
snpEnrichment	28	cran	FALSE
SPARSEMODr	28	cran	FALSE
superml	28	cran	FALSE
SymbolicDeterminants	28	cran	FALSE
textreadr	28	cran	FALSE
tpAUC	28	cran	FALSE
uchardet	28	cran	FALSE
waffle	28	cran	FALSE
wildviz	28	cran	FALSE
ypssc	28	cran	FALSE
zic	28	cran	FALSE
AICcPermanova	27	cran	FALSE
aides	27	cran	FALSE
ALEPlot	27	cran	FALSE
AncestryMapper	27	cran	FALSE
animaltracker	27	cran	FALSE
APfun	27	cran	FALSE
bettermc	27	cran	FALSE
binomSamSize	27	cran	FALSE
biosurvey	27	cran	FALSE
blender	27	cran	FALSE
bwsTools	27	cran	FALSE
carbonate	27	cran	FALSE
cat_dt	27	cran	FALSE
catspec	27	cran	FALSE
CENFA	27	cran	FALSE
clespr	27	cran	FALSE
CorBin	27	cran	FALSE
corregp	27	cran	FALSE
DGCA	27	cran	FALSE
DMwR2	27	cran	FALSE
emme2	27	cran	FALSE
equaltestMI	27	cran	FALSE
fmbasics	27	cran	FALSE
forecastML	27	cran	FALSE
gghilbertstrings	27	cran	FALSE
ggTimeSeries	27	cran	FALSE
gradientPickerD3	27	cran	FALSE
graphhopper	27	cran	FALSE
IGCities	27	cran	FALSE
implicitMeasures	27	cran	FALSE
InfoTrad	27	cran	FALSE
jeek	27	cran	FALSE
KaradaColor	27	cran	FALSE
lavaan_survey	27	cran	FALSE
leaflet_esri	27	cran	FALSE
LPRelevance	27	cran	FALSE
MAPITR	27	cran	FALSE
mdhglm	27	cran	FALSE
MetaComp	27	cran	FALSE
MGMS2	27	cran	FALSE
miWQS	27	cran	FALSE
MVNtestchar	27	cran	FALSE
norgeo	27	cran	FALSE
nprcgenekeepr	27	cran	FALSE
NSAE	27	cran	FALSE
onc_api	27	cran	FALSE
ooplah	27	cran	FALSE
opitools	27	cran	FALSE
owmr	27	cran	FALSE
pcr	27	cran	FALSE
qrandom	27	cran	FALSE
RChronoModel	27	cran	FALSE
Rgb	27	cran	FALSE
simexaft	27	cran	FALSE
SMITIDstruct	27	cran	FALSE
spm12r	27	cran	FALSE
srp	27	cran	FALSE
sse	27	cran	FALSE
text2speech	27	cran	FALSE
tgver	27	cran	FALSE
toppgene	27	bioc_fallback_rank	FALSE
treasuryTR	27	cran	FALSE
vader	27	cran	FALSE
wikipediatrend	27	cran	FALSE
activityGCMM	26	cran	FALSE
additiveDEA	26	cran	FALSE
AFheritability	26	cran	FALSE
AnimalHabitatNetwork	26	cran	FALSE
AR	26	cran	FALSE
aRchi	26	cran	FALSE
BayesARIMAX	26	cran	FALSE
BBcor	26	cran	FALSE
bibs	26	cran	FALSE
biClassify	26	cran	FALSE
brpop	26	cran	FALSE
bulletr	26	cran	FALSE
chemmodlab	26	cran	FALSE
ClickClustCont	26	cran	FALSE
ClonalSim	26	bioc_fallback_rank	FALSE
CondIndTests	26	cran	FALSE
cpss	26	cran	FALSE
cta	26	cran	FALSE
datagovsgR	26	cran	FALSE
deepredeff	26	cran	FALSE
dhis2r	26	cran	FALSE
discretecdAlgorithm	26	cran	FALSE
discreteRV	26	cran	FALSE
duke	26	cran	FALSE
easycsv	26	cran	FALSE
EBglmnet	26	cran	FALSE
epwshiftr	26	cran	FALSE
evian	26	cran	FALSE
fgdr	26	cran	FALSE
forecastSNSTS	26	cran	FALSE
ggheatmap	26	cran	FALSE
glottospace	26	cran	FALSE
gptk	26	cran	FALSE
HeritSeq	26	cran	FALSE
iptools	26	cran	FALSE
jocre	26	cran	FALSE
jstor	26	cran	FALSE
matrixpls	26	cran	FALSE
mfe	26	cran	FALSE
mirtsvd	26	cran	FALSE
MLVSBM	26	cran	FALSE
mmcif	26	cran	FALSE
namedCapture	26	cran	FALSE
netregR	26	cran	FALSE
nopp	26	cran	FALSE
npIntFactRep	26	cran	FALSE
passport	26	cran	FALSE
PortfolioEffectEstim	26	cran	FALSE
prioGene	26	cran	FALSE
ProFound	26	cran	FALSE
qfasar	26	cran	FALSE
RcppFaddeeva	26	cran	FALSE
regfilter	26	cran	FALSE
rgdax	26	cran	FALSE
rkafka	26	cran	FALSE
rmdl	26	cran	FALSE
rMR	26	cran	FALSE
rstatscn	26	cran	FALSE
RSurveillance	26	cran	FALSE
rtape	26	cran	FALSE
rWind	26	cran	FALSE
RxCEcolInf	26	cran	FALSE
RXMCDA	26	cran	FALSE
rxode2et	26	cran	FALSE
scoringTools	26	cran	FALSE
SeerMapper2010East	26	cran	FALSE
shiny_reglog	26	cran	FALSE
SMMA	26	cran	FALSE
SRCS	26	cran	FALSE
survival666	26	cran	FALSE
trelloR	26	cran	FALSE
TSSQLite	26	cran	FALSE
UncertainInterval	26	cran	FALSE
VARSEDIG	26	cran	FALSE
waterData	26	cran	FALSE
word_alignment	26	cran	FALSE
WSGeometry	26	cran	FALSE
XBRL	26	cran	FALSE
xgobi	26	cran	FALSE
zoon	26	cran	FALSE
ABCp2	25	cran	FALSE
ADMMsigma	25	cran	FALSE
ADMUR	25	cran	FALSE
AHM	25	cran	FALSE
asypow	25	cran	FALSE
BE	25	cran	FALSE
boomer	25	cran	FALSE
BPEC	25	cran	FALSE
brranching	25	cran	FALSE
bspmma	25	cran	FALSE
bulkAnalyseR	25	cran	FALSE
CDVineCopulaConditional	25	cran	FALSE
cecs	25	cran	FALSE
ch	25	cran	FALSE
chunkR	25	cran	FALSE
clusterPower	25	cran	FALSE
coil	25	cran	FALSE
dams	25	cran	FALSE
depigner	25	cran	FALSE
dGAselID	25	cran	FALSE
diproperm	25	cran	FALSE
disparityfilter	25	cran	FALSE
dmlalg	25	cran	FALSE
DramaAnalysis	25	cran	FALSE
eechidna	25	cran	FALSE
ELCIC	25	cran	FALSE
elec	25	cran	FALSE
emba	25	cran	FALSE
EnsembleBase	25	cran	FALSE
EPP	25	cran	FALSE
esaBcv	25	cran	FALSE
event	25	cran	FALSE
ezEDA	25	cran	FALSE
fssemR	25	cran	FALSE
galigor	25	cran	FALSE
gamlss_ggplots	25	cran	FALSE
GDILM_SEIRS	25	cran	FALSE
geoFourierFDA	25	cran	FALSE
ggseas	25	cran	FALSE
glamlasso	25	cran	FALSE
GMKMcharlie	25	cran	FALSE
greta_dynamics	25	cran	FALSE
gvcm_cat	25	cran	FALSE
hydroscoper	25	cran	FALSE
I14Y	25	cran	FALSE
icRSF	25	cran	FALSE
informedSen	25	cran	FALSE
intcensROC	25	cran	FALSE
JOUSBoost	25	cran	FALSE
klexdatr	25	cran	FALSE
Knoema	25	cran	FALSE
landscapetools	25	cran	FALSE
LARF	25	cran	FALSE
lira	25	cran	FALSE
LowWAFOMSobol	25	cran	FALSE
lsbclust	25	cran	FALSE
maanova	25	cran	TRUE
meltr	25	cran	FALSE
misreport	25	cran	FALSE
mixsep	25	cran	FALSE
mobr	25	cran	FALSE
MullerPlot	25	cran	FALSE
NLMR	25	cran	FALSE
nonlinearICP	25	cran	FALSE
nseval	25	cran	FALSE
pcoxtime	25	cran	FALSE
peermodels	25	cran	FALSE
performanceEstimation	25	cran	FALSE
rbefdata	25	cran	FALSE
rbooster	25	cran	FALSE
RcextTools	25	cran	FALSE
rcldf	25	cran	FALSE
Rcolombos	25	cran	FALSE
revulyticsR	25	cran	FALSE
rfUtilities	25	cran	FALSE
rgeoprofile	25	cran	FALSE
riverplot	25	cran	FALSE
rngSetSeed	25	cran	FALSE
rsnps	25	cran	FALSE
Rvmmin	25	cran	FALSE
saotd	25	cran	FALSE
scaleboot	25	cran	FALSE
scAnnotate	25	cran	FALSE
scLink	25	cran	FALSE
SeqNet	25	cran	FALSE
slp	25	cran	FALSE
sovereign	25	cran	FALSE
sparkwarc	25	cran	FALSE
statcanR	25	cran	FALSE
SWIM	25	cran	FALSE
teachingApps	25	cran	FALSE
telefit	25	cran	FALSE
TensorComplete	25	cran	FALSE
treecm	25	cran	FALSE
triangulr	25	cran	FALSE
VAJointSurv	25	cran	FALSE
VARDetect	25	cran	FALSE
VecStatGraphs2D	25	cran	FALSE
viraldomain	25	cran	FALSE
visR	25	cran	FALSE
anapuce	24	cran	FALSE
Barycenter	24	cran	FALSE
BayesDA	24	cran	FALSE
bayesGAM	24	cran	FALSE
BCT	24	cran	FALSE
bender	24	cran	FALSE
BENMMI	24	cran	FALSE
BisRNA	24	cran	FALSE
BOSSreg	24	cran	FALSE
bridger	24	cran	FALSE
BSBT	24	cran	FALSE
ciccr	24	cran	FALSE
CIMPLE	24	cran	FALSE
clockSim	24	cran	FALSE
CollapseLevels	24	cran	FALSE
contact	24	cran	FALSE
CopulaDTA	24	cran	FALSE
coxed	24	cran	FALSE
deconstructSigs	24	cran	FALSE
deeptrafo	24	cran	FALSE
DeLorean	24	cran	FALSE
DGM	24	cran	FALSE
DNH4	24	cran	FALSE
DOT	24	cran	FALSE
dummies	24	cran	FALSE
dynamic	24	cran	FALSE
ECctmc	24	cran	FALSE
EIAdata	24	cran	FALSE
enc	24	cran	FALSE
EnsemblePenReg	24	cran	FALSE
estudy2	24	cran	FALSE
evaluator	24	cran	FALSE
evobiR	24	cran	FALSE
freqdom_fda	24	cran	FALSE
fwi_fbp	24	cran	FALSE
gaiah	24	cran	FALSE
gesttools	24	cran	FALSE
ggQC	24	cran	FALSE
ggrasp	24	cran	FALSE
googleCloudRunner	24	cran	FALSE
HeteroGGM	24	cran	FALSE
hglasso	24	cran	FALSE
hier_part	24	cran	FALSE
hIRT	24	cran	FALSE
image_dlib	24	cran	FALSE
imola	24	cran	FALSE
INSPIRE	24	cran	FALSE
lvec	24	cran	FALSE
mazeGen	24	cran	FALSE
MIICD	24	cran	FALSE
mimi	24	cran	FALSE
miRetrieve	24	cran	FALSE
MixviR	24	cran	FALSE
ms_sev	24	cran	FALSE
msaeDB	24	cran	FALSE
nCov2019	24	cran	FALSE
nets	24	cran	FALSE
neural	24	cran	FALSE
norm2	24	cran	FALSE
PAMA	24	cran	FALSE
PepSAVIms	24	cran	FALSE
peRspective	24	cran	FALSE
plaqr	24	cran	FALSE
PQLseq	24	cran	FALSE
ptspotter	24	cran	FALSE
rapbase	24	cran	FALSE
rasclass	24	cran	FALSE
Rdroolsjars	24	cran	FALSE
REGENT	24	cran	FALSE
revengc	24	cran	FALSE
RFGeneRank	24	bioc_fallback_rank	FALSE
RMBC	24	cran	FALSE
rsetse	24	cran	FALSE
sac	24	cran	FALSE
scalpel	24	cran	FALSE
seagull	24	cran	FALSE
SeerMapper2010West	24	cran	FALSE
sequenza	24	cran	FALSE
skyscapeR	24	cran	FALSE
slickR	24	cran	FALSE
SoDA	24	cran	FALSE
soundcorrs	24	cran	FALSE
SourceSet	24	cran	FALSE
spsann	24	cran	FALSE
spt	24	cran	FALSE
survival_svb	24	cran	FALSE
traitdataform	24	cran	FALSE
ushr	24	cran	FALSE
vines	24	cran	FALSE
wiesbaden	24	cran	FALSE
wowa	24	cran	FALSE
addScales	23	cran	FALSE
adwordsR	23	cran	FALSE
akmedoids	23	cran	FALSE
amberr	23	cran	FALSE
ANOVAreplication	23	cran	FALSE
APML0	23	cran	FALSE
arse	23	cran	FALSE
autoMFA	23	cran	FALSE
bardr	23	cran	FALSE
bayesCT	23	cran	FALSE
BayesSpec	23	cran	FALSE
bazar	23	cran	FALSE
bbemkr	23	cran	FALSE
bigMap	23	cran	FALSE
BMTAR	23	cran	FALSE
BOSO	23	cran	FALSE
caMST	23	cran	FALSE
casabourse	23	cran	FALSE
ccda	23	cran	FALSE
clusterHD	23	cran	FALSE
CohensdpLibrary	23	cran	FALSE
cometExactTest	23	cran	FALSE
concreg	23	cran	FALSE
conflr	23	cran	FALSE
cooccur	23	cran	FALSE
cort	23	cran	FALSE
CSGo	23	cran	FALSE
datelife	23	cran	FALSE
deepboost	23	cran	FALSE
doremi	23	cran	FALSE
effectFusion	23	cran	FALSE
EFS	23	cran	FALSE
egcm	23	cran	FALSE
evidence	23	cran	FALSE
fdakma	23	cran	FALSE
FlexDotPlot	23	cran	FALSE
gafit	23	cran	FALSE
GHap	23	cran	FALSE
hacksig	23	cran	FALSE
haplo_ccs	23	cran	FALSE
hasseDiagram	23	cran	FALSE
hdlm	23	cran	FALSE
HI	23	cran	FALSE
hilbert	23	cran	FALSE
hindex	23	cran	FALSE
hyperbrick	23	cran	FALSE
idmodelr	23	cran	FALSE
in2extRemes	23	cran	FALSE
insol	23	cran	FALSE
landmap	23	cran	FALSE
LocalControlStrategy	23	cran	FALSE
lodi	23	cran	FALSE
LRQMM	23	cran	FALSE
mar1s	23	cran	FALSE
metamicrobiomeR	23	cran	FALSE
microservices	23	cran	FALSE
mmpf	23	cran	FALSE
molnet	23	cran	FALSE
msap	23	cran	FALSE
mshap	23	cran	FALSE
NADIA	23	cran	FALSE
neighbr	23	cran	FALSE
nesRdata	23	cran	FALSE
noaastormevents	23	cran	FALSE
normalr	23	cran	FALSE
nVennR	23	cran	FALSE
papci	23	cran	FALSE
pcIRT	23	cran	FALSE
perfectphyloR	23	cran	FALSE
PieceExpIntensity	23	cran	FALSE
qris	23	cran	FALSE
rbokeh	23	cran	FALSE
RCDT	23	cran	FALSE
read_dbc	23	cran	FALSE
rem	23	cran	FALSE
restorepoint	23	cran	FALSE
RFpredInterval	23	cran	FALSE
rgudhi	23	cran	FALSE
rosetteApi	23	cran	FALSE
RVA	23	cran	FALSE
seleniumPipes	23	cran	FALSE
shiny_pwa	23	cran	FALSE
SimilaR	23	cran	FALSE
SimRVPedigree	23	cran	FALSE
simule	23	cran	FALSE
SLDAssay	23	cran	FALSE
smapr	23	cran	FALSE
SNPknock	23	cran	FALSE
spaceNet	23	cran	FALSE
StrucDiv	23	cran	FALSE
surbayes	23	cran	FALSE
tiger	23	cran	FALSE
TSdata	23	cran	FALSE
welchADF	23	cran	FALSE
AcousticNDLCodeR	22	cran	FALSE
AirSensor	22	cran	FALSE
AutoPipe	22	cran	FALSE
BALCONY	22	cran	FALSE
bayescopulareg	22	cran	FALSE
bayeslincom	22	cran	FALSE
bbricks	22	cran	FALSE
BClustLonG	22	cran	FALSE
BDP2	22	cran	FALSE
bisectr	22	cran	FALSE
bltm	22	cran	FALSE
BMRSr	22	cran	FALSE
CEDARS	22	cran	FALSE
changepoint_mv	22	cran	FALSE
checkr	22	cran	FALSE
ClustMMDD	22	cran	FALSE
cofeatureR	22	cran	FALSE
CohortPathways	22	cran	FALSE
combinationpvalues	22	cran	FALSE
compHclust	22	cran	FALSE
corrgrapher	22	cran	FALSE
covTestR	22	cran	FALSE
crestr	22	cran	FALSE
CRWRM	22	cran	FALSE
dalmatian	22	cran	FALSE
Demerelate	22	cran	FALSE
dmri_tracking	22	cran	FALSE
DriveML	22	cran	FALSE
earlywarnings	22	cran	FALSE
evtclass	22	cran	FALSE
ezpickr	22	cran	FALSE
FamilyRank	22	cran	FALSE
FCSlib	22	cran	FALSE
FIT	22	cran	FALSE
forestPSD	22	cran	FALSE
gamlss_demo	22	cran	FALSE
gb	22	cran	FALSE
GENEAsphere	22	cran	FALSE
geoFKF	22	cran	FALSE
geometr	22	cran	FALSE
gfilogisreg	22	cran	FALSE
ggfan	22	cran	FALSE
githubinstall	22	cran	FALSE
googlesheets	22	cran	FALSE
hhi	22	cran	FALSE
hybridEnsemble	22	cran	FALSE
JMcmprsk	22	cran	FALSE
kmeRs	22	cran	FALSE
l1ball	22	cran	FALSE
LavaCvxr	22	cran	FALSE
leafletCN	22	cran	FALSE
leanpubr	22	cran	FALSE
lmvar	22	cran	FALSE
LongituRF	22	cran	FALSE
MAAPER	22	cran	FALSE
mboxr	22	cran	FALSE
mc_heterogeneity	22	cran	FALSE
mccf1	22	cran	FALSE
mccr	22	cran	FALSE
mcmcOutput	22	cran	FALSE
meteorits	22	cran	FALSE
mined	22	cran	FALSE
minimaxdesign	22	cran	FALSE
mixIndependR	22	cran	FALSE
MSEADbi	22	bioc_fallback_rank	FALSE
msSurv	22	cran	FALSE
nbfar	22	cran	FALSE
netcmc	22	cran	FALSE
NicheBarcoding	22	cran	FALSE
nntrf	22	cran	FALSE
numGen	22	cran	FALSE
odeintr	22	cran	FALSE
omics	22	cran	FALSE
osmar	22	cran	FALSE
ox	22	cran	FALSE
pathwayTMB	22	cran	FALSE
permGS	22	cran	FALSE
PMAPscore	22	cran	FALSE
PowerUpR	22	cran	FALSE
prclust	22	cran	FALSE
qtlmt	22	cran	FALSE
QuantNorm	22	cran	FALSE
RationalMatrix	22	cran	FALSE
Rbitcoin	22	cran	FALSE
RBMRB	22	cran	FALSE
RcmdrPlugin_IPSUR	22	cran	FALSE
Rcpp11	22	cran	FALSE
RcppClock	22	cran	FALSE
rcube	22	cran	FALSE
RegularizedSCA	22	cran	FALSE
rich	22	cran	FALSE
RKHSMetaMod	22	cran	FALSE
RNAsmc	22	cran	FALSE
rpsychi	22	cran	FALSE
rredis	22	cran	FALSE
rRofex	22	cran	FALSE
RSCABS	22	cran	FALSE
rWCVP	22	cran	FALSE
scCAN	22	cran	FALSE
SCCI	22	cran	FALSE
SeerMapper2010Regs	22	cran	FALSE
SeerMapperEast	22	cran	FALSE
semTable	22	cran	FALSE
SFS	22	cran	FALSE
shinysurveys	22	cran	FALSE
SlaPMEG	22	cran	FALSE
smnet	22	cran	FALSE
SpatialDDLS	22	cran	FALSE
SPCAvRP	22	cran	FALSE
Statsomat	22	cran	FALSE
Strategy	22	cran	FALSE
strider	22	cran	FALSE
superbiclust	22	cran	FALSE
survivalMPLdc	22	cran	FALSE
swfscAirDAS	22	cran	FALSE
tidyndr	22	cran	FALSE
timeSeq	22	cran	FALSE
tm_plugin_webmining	22	cran	FALSE
tremendousr	22	cran	FALSE
tutorial	22	cran	FALSE
TwoPhaseInd	22	cran	FALSE
uklr	22	cran	FALSE
whSample	22	cran	FALSE
AcrossTic	21	cran	FALSE
AdaptFitOS	21	cran	FALSE
ADMMnet	21	cran	FALSE
ART	21	cran	FALSE
autoplotly	21	cran	FALSE
BACCT	21	cran	FALSE
BARIS	21	cran	FALSE
BayesMassBal	21	cran	FALSE
BCDating	21	cran	FALSE
BCE	21	cran	FALSE
bigchess	21	cran	FALSE
bmotif	21	cran	FALSE
bsplinePsd	21	cran	FALSE
CASMAP	21	cran	FALSE
censusxy	21	cran	FALSE
cesR	21	cran	FALSE
cgrcusum	21	cran	FALSE
citbcmst	21	cran	FALSE
CohortAlgebra	21	cran	FALSE
colf	21	cran	FALSE
compdb	21	cran	FALSE
complexplus	21	cran	FALSE
CovRegRF	21	cran	FALSE
cumSeg	21	cran	FALSE
CureAuxSP	21	cran	FALSE
cvwrapr	21	cran	FALSE
dataclass	21	cran	FALSE
deepdive	21	cran	FALSE
dfdr	21	cran	FALSE
distillML	21	cran	FALSE
DISTRIB	21	cran	FALSE
DPtree	21	cran	FALSE
DRDRtest	21	cran	FALSE
EMAtools	21	cran	FALSE
exoplanets	21	cran	FALSE
fasjem	21	cran	FALSE
fixtuRes	21	cran	FALSE
fmf	21	cran	FALSE
FreeSortR	21	cran	FALSE
gamboostMSM	21	cran	FALSE
geojsonlint	21	cran	FALSE
ggstream	21	cran	FALSE
glycanr	21	cran	FALSE
graphframes	21	cran	FALSE
GRS_test	21	cran	FALSE
HCTR	21	cran	FALSE
htmltab	21	cran	FALSE
influxdbclient	21	cran	FALSE
Inventorymodel	21	cran	FALSE
IOHexperimenter	21	cran	FALSE
LncPath	21	cran	FALSE
localsolver	21	cran	FALSE
logisticRR	21	cran	FALSE
matahari	21	cran	FALSE
mfbvar	21	cran	FALSE
mnreadR	21	cran	FALSE
modgetxl	21	cran	FALSE
MODIS	21	cran	FALSE
mosqcontrol	21	cran	FALSE
mr_raps	21	cran	FALSE
nomesbr	21	cran	FALSE
nppbib	21	cran	FALSE
odpc	21	cran	FALSE
PAsso	21	cran	FALSE
petrinetR	21	cran	FALSE
pipeGS	21	cran	FALSE
popsom	21	cran	FALSE
PredCRG	21	cran	FALSE
qtlpoly	21	cran	FALSE
queeems	21	bioc_fallback_rank	FALSE
RankAggregator	21	cran	FALSE
rcanvec	21	cran	FALSE
RefFreeEWAS	21	cran	FALSE
ResearchAssociate	21	cran	FALSE
rfishnet2	21	cran	FALSE
RmarineHeatWaves	21	cran	FALSE
RNHANES	21	cran	FALSE
RobRex	21	cran	FALSE
Routliers	21	cran	FALSE
rpredictit	21	cran	FALSE
rsat	21	cran	FALSE
Rtapas	21	cran	FALSE
rvmethod	21	cran	FALSE
s4vd	21	cran	FALSE
sift	21	cran	FALSE
SIPmg	21	cran	FALSE
SmoothTensor	21	cran	FALSE
soc_ca	21	cran	FALSE
somspace	21	cran	FALSE
sptm	21	cran	FALSE
STAR	21	cran	FALSE
superMICE	21	cran	FALSE
telemac	21	cran	FALSE
TraitStats	21	cran	FALSE
TransPhylo	21	cran	FALSE
TT	21	cran	FALSE
uCAREChemSuiteCLI	21	cran	FALSE
AGSDest	20	cran	FALSE
alphaci	20	cran	FALSE
ariExtra	20	cran	FALSE
artfima	20	cran	FALSE
BayesianGLasso	20	cran	FALSE
binomialRF	20	cran	FALSE
BlackCarbon	20	cran	FALSE
Bmix	20	cran	FALSE
CACIMAR	20	cran	FALSE
canadacovid	20	cran	FALSE
cellpypes	20	cran	FALSE
cfma	20	cran	FALSE
clikcorr	20	cran	FALSE
commentr	20	cran	FALSE
contextual	20	cran	FALSE
covsep	20	cran	FALSE
cRegulome	20	cran	FALSE
dafishr	20	cran	FALSE
DCSmooth	20	cran	FALSE
deformula	20	cran	FALSE
dgumbel	20	cran	FALSE
dirttee	20	cran	FALSE
div	20	cran	FALSE
drugprepr	20	cran	FALSE
dSVA	20	cran	FALSE
DTK	20	cran	FALSE
ebreg	20	cran	FALSE
endogenous	20	cran	FALSE
enRich	20	cran	FALSE
EpiILMCT	20	cran	FALSE
expandFunctions	20	cran	FALSE
ExplainPrediction	20	cran	FALSE
factset_protobuf_stachextensions	20	cran	FALSE
fasterElasticNet	20	cran	FALSE
fastlogranktest	20	cran	FALSE
firebehavioR	20	cran	FALSE
fmdates	20	cran	FALSE
Fuzzy_p_value	20	cran	FALSE
GADMTools	20	cran	FALSE
GLIDE	20	cran	FALSE
glmglrt	20	cran	FALSE
GmAMisc	20	cran	FALSE
GrassmannOptim	20	cran	FALSE
hadron	20	cran	FALSE
HiCfeat	20	cran	FALSE
hockeyR	20	cran	FALSE
InformationValue	20	cran	FALSE
Interpol_T	20	cran	FALSE
iosmooth	20	cran	FALSE
JQL	20	cran	FALSE
leaflet_multiopacity	20	cran	FALSE
LinearDetect	20	cran	FALSE
LPower	20	cran	FALSE
manet	20	cran	FALSE
MEPDF	20	cran	FALSE
MetaboList	20	cran	FALSE
metajam	20	cran	FALSE
MetChem	20	cran	FALSE
mosmafs	20	cran	FALSE
MPTmultiverse	20	cran	FALSE
MSmix	20	cran	FALSE
NestedCategBayesImpute	20	cran	FALSE
neuronorm	20	cran	FALSE
NFP	20	cran	FALSE
NNTbiomarker	20	cran	FALSE
nse2r	20	cran	FALSE
nzelect	20	cran	FALSE
OpasnetUtils	20	cran	FALSE
openaistream	20	cran	FALSE
ores	20	cran	FALSE
pbixr	20	cran	FALSE
PetfindeR	20	cran	FALSE
plotDK	20	cran	FALSE
postGIStools	20	cran	FALSE
PVplr	20	cran	FALSE
QTOCen	20	cran	FALSE
R_SamBada	20	cran	FALSE
RAM	20	cran	FALSE
rankUncertainty	20	cran	FALSE
RcppMLPACK	20	cran	FALSE
RCreliability	20	cran	FALSE
rCRM	20	cran	FALSE
regweight	20	cran	FALSE
robustcov	20	cran	FALSE
rollRegres	20	cran	FALSE
rsahmi	20	cran	FALSE
rTorch	20	cran	FALSE
RTTWebClient	20	cran	FALSE
samplingDataCRT	20	cran	FALSE
SBSA	20	cran	FALSE
SC_MEB	20	cran	FALSE
sclr	20	cran	FALSE
scRNAtools	20	cran	FALSE
SCRSELECT	20	cran	FALSE
Semblance	20	cran	FALSE
SenTinMixt	20	cran	FALSE
SeqDetect	20	cran	FALSE
sharpr2	20	cran	FALSE
siar	20	cran	FALSE
SiteAdapt	20	cran	FALSE
SpaDES_addins	20	cran	FALSE
sparseBC	20	cran	FALSE
StructFDR	20	cran	FALSE
subspace	20	cran	FALSE
tcsinvest	20	cran	FALSE
TE	20	cran	FALSE
thaipdf	20	cran	FALSE
tntpr	20	cran	FALSE
TP_idm	20	cran	FALSE
track	20	cran	FALSE
trafo	20	cran	FALSE
TrustVDJ	20	cran	FALSE
Twitmo	20	cran	FALSE
TwoArmSurvSim	20	cran	FALSE
u5mr	20	cran	FALSE
understandBPMN	20	cran	FALSE
usfertilizer	20	cran	FALSE
utr_annotation	20	cran	FALSE
varian	20	cran	FALSE
Vdgraph	20	cran	FALSE
vlad	20	cran	FALSE
whitechapelR	20	cran	FALSE
wordbankr	20	cran	FALSE
xxIRT	20	cran	FALSE
adaptMT	19	cran	FALSE
arealDB	19	cran	FALSE
ASIP	19	cran	FALSE
autoencoder	19	cran	FALSE
bartBMA	19	cran	FALSE
biclique	19	cran	FALSE
Biolinv	19	cran	FALSE
bisque	19	cran	FALSE
blendedLink	19	cran	FALSE
bndesr	19	cran	FALSE
BRVM	19	cran	FALSE
casino	19	cran	FALSE
ccml	19	cran	FALSE
cglm	19	cran	FALSE
changeRangeR	19	cran	FALSE
CHCN	19	cran	FALSE
cmenet	19	cran	FALSE
Conake	19	cran	FALSE
contoureR	19	cran	FALSE
covid19brazil	19	cran	FALSE
CoxR2	19	cran	FALSE
Cprob	19	cran	FALSE
dataMeta	19	cran	FALSE
dave	19	cran	FALSE
DCGL	19	cran	FALSE
diffusr	19	cran	FALSE
DMTL	19	cran	FALSE
DtD	19	cran	FALSE
dynpred	19	cran	FALSE
EDMeasure	19	cran	FALSE
effectR	19	cran	FALSE
EScvtmle	19	cran	FALSE
eventstudies	19	cran	FALSE
filteRjsats	19	cran	FALSE
fipp	19	cran	FALSE
fishmove	19	cran	FALSE
ForecastComb	19	cran	FALSE
FuzzyStatTraEOO	19	cran	FALSE
G1DBN	19	cran	FALSE
GDELTtools	19	cran	FALSE
ggbump	19	cran	FALSE
ggnuplot	19	cran	FALSE
GhostKnockoff	19	cran	FALSE
glmtree	19	cran	FALSE
gofastr	19	cran	FALSE
GPrank	19	cran	FALSE
HDCI	19	cran	FALSE
histry	19	cran	FALSE
HMPTrees	19	cran	FALSE
hpoPlot	19	cran	FALSE
htmcglm	19	cran	FALSE
immcp	19	cran	FALSE
iopsych	19	cran	FALSE
KSD	19	cran	FALSE
liayson	19	cran	FALSE
locpolExpectile	19	cran	FALSE
lolliplot	19	cran	FALSE
MABOUST	19	cran	FALSE
mads	19	cran	FALSE
maic	19	cran	FALSE
mapboxer	19	cran	FALSE
mcmcplots	19	cran	FALSE
mcunit	19	cran	FALSE
MetaculR	19	cran	FALSE
mgss	19	cran	FALSE
microcontax	19	cran	FALSE
minval	19	cran	FALSE
mirtjml	19	cran	FALSE
MOCHA	19	cran	FALSE
multilateral	19	cran	FALSE
MultiVarMI	19	cran	FALSE
multiversion	19	cran	FALSE
netgen	19	cran	FALSE
nsrr	19	cran	FALSE
oncrawlR	19	cran	FALSE
opensensmapr	19	cran	FALSE
OptiSembleForecasting	19	cran	FALSE
OpVaR	19	cran	FALSE
otsad	19	cran	FALSE
pageviews	19	cran	FALSE
PakNAcc	19	cran	FALSE
PEACH	19	cran	FALSE
phylotools	19	cran	FALSE
pinyin	19	cran	FALSE
pspline_inference	19	cran	FALSE
RcmdrPlugin_coin	19	cran	FALSE
ReCiPa	19	cran	FALSE
RepertoiR	19	cran	FALSE
rLiDAR	19	cran	FALSE
Rmagic	19	cran	FALSE
ROptRegTS	19	cran	FALSE
Rpoet	19	cran	FALSE
rtematres	19	cran	FALSE
rusquant	19	cran	FALSE
sasfunclust	19	cran	FALSE
SCEM	19	cran	FALSE
seedreg	19	cran	FALSE
SeerMapper	19	cran	FALSE
semmcmc	19	cran	FALSE
sensitivityCalibration	19	cran	FALSE
simpleMLP	19	cran	FALSE
skm	19	cran	FALSE
sourceR	19	cran	FALSE
spdplyr	19	cran	FALSE
SRTsim	19	cran	FALSE
STAT2	19	cran	FALSE
stratvns	19	cran	FALSE
SurrogateRsq	19	cran	FALSE
TableHC	19	cran	FALSE
TBSSurvival	19	cran	FALSE
texteffect	19	cran	FALSE
TFM	19	cran	FALSE
TimeSeries_OBeu	19	cran	FALSE
TrajDataMining	19	cran	FALSE
trampoline	19	cran	FALSE
uHMM	19	cran	FALSE
utiml	19	cran	FALSE
vagam	19	cran	FALSE
variosig	19	cran	FALSE
viafr	19	cran	FALSE
wkutils	19	cran	FALSE
x_ent	19	cran	FALSE
ziphsmm	19	cran	FALSE
allometric	18	cran	FALSE
anchors	18	cran	FALSE
AugmenterR	18	cran	FALSE
autocart	18	cran	FALSE
basicTrendline	18	cran	FALSE
BLRPM	18	cran	FALSE
bpmnR	18	cran	FALSE
bupaverse	18	cran	FALSE
CARlasso	18	cran	FALSE
catchr	18	cran	FALSE
catenary	18	cran	FALSE
CHsharp	18	cran	FALSE
ClusVis	18	cran	FALSE
communication	18	cran	FALSE
coppeCosenzaR	18	cran	FALSE
CopSens	18	cran	FALSE
COSINE	18	cran	FALSE
crso	18	cran	FALSE
CTAShiny	18	cran	FALSE
CTP	18	cran	FALSE
curstatCI	18	cran	FALSE
DBpower	18	cran	FALSE
Diderot	18	cran	FALSE
digitize	18	cran	FALSE
disto	18	cran	FALSE
docuSignr	18	cran	FALSE
Dodge	18	cran	FALSE
dsfa	18	cran	FALSE
DYNATE	18	cran	FALSE
ecap	18	cran	FALSE
edmcr	18	cran	FALSE
ELMSO	18	cran	FALSE
em	18	cran	FALSE
EM_Fuzzy	18	cran	FALSE
expp	18	cran	FALSE
eyeRead	18	cran	FALSE
factorial2x2	18	cran	FALSE
FASeg	18	cran	FALSE
fastcmh	18	cran	FALSE
FinancialInstrument	18	cran	FALSE
forestRK	18	cran	FALSE
foster	18	cran	FALSE
ftnonpar	18	cran	FALSE
FuzzyLP	18	cran	FALSE
FuzzyStatProb	18	cran	FALSE
gainML	18	cran	FALSE
GCalcium	18	cran	FALSE
gdns	18	cran	FALSE
geneSLOPE	18	cran	FALSE
geoviz	18	cran	FALSE
ggmotif	18	cran	FALSE
GLMaSPU	18	cran	FALSE
gmeta	18	cran	FALSE
GRAPE	18	cran	FALSE
GRCdata	18	cran	FALSE
hacksaw	18	cran	FALSE
HierDpart	18	cran	FALSE
hmeasure	18	cran	FALSE
HMMEsolver	18	cran	FALSE
ICE	18	cran	FALSE
igate	18	cran	FALSE
ILSE	18	cran	FALSE
infinitefactor	18	cran	FALSE
Irescale	18	cran	FALSE
ISAT	18	cran	FALSE
jaod	18	cran	FALSE
jiebaRD	18	cran	FALSE
KenSyn	18	cran	FALSE
lavDiag	18	cran	FALSE
liGP	18	cran	FALSE
LOGANTree	18	cran	FALSE
MakeYourPalette	18	cran	FALSE
MANCIE	18	cran	FALSE
manhattanly	18	cran	FALSE
matrixLaplacian	18	cran	FALSE
MetaLonDA	18	cran	FALSE
mhtboot	18	cran	FALSE
microhaplot	18	cran	FALSE
MLModelSelection	18	cran	FALSE
MoLE	18	cran	FALSE
MRH	18	cran	FALSE
MTDrh	18	cran	FALSE
multicross	18	cran	FALSE
MultIS	18	cran	FALSE
ncdump	18	cran	FALSE
nhlapi	18	cran	FALSE
nmadb	18	cran	FALSE
NMADiagT	18	cran	FALSE
NMI	18	cran	FALSE
NMproject	18	cran	FALSE
ODEsensitivity	18	cran	FALSE
ohtadstats	18	cran	FALSE
OOI	18	cran	FALSE
pafr	18	cran	FALSE
palmid	18	cran	FALSE
panelaggregation	18	cran	FALSE
pbdPROF	18	cran	FALSE
pca3d	18	cran	FALSE
PhitestR	18	cran	FALSE
physiology	18	cran	FALSE
pleiotest	18	cran	FALSE
PPLasso	18	cran	FALSE
PRA	18	cran	FALSE
prewas	18	cran	FALSE
PublicWorksFinanceIT	18	cran	FALSE
qrmix	18	cran	FALSE
quotedargs	18	cran	FALSE
Raquifer	18	cran	FALSE
ravedash	18	cran	FALSE
rbitcoinchartsapi	18	cran	FALSE
RcensusPkg	18	cran	FALSE
RcmdrPlugin_lfstat	18	cran	FALSE
rdfp	18	cran	FALSE
Rexperigen	18	cran	FALSE
rglwidget	18	cran	FALSE
rngwell19937	18	cran	FALSE
RpeakChrom	18	cran	FALSE
RRedshiftSQL	18	cran	FALSE
ruta	18	cran	FALSE
RVenn	18	cran	FALSE
sambia	18	cran	FALSE
SAMM	18	cran	FALSE
SDEFSR	18	cran	FALSE
SeerMapperRegs	18	cran	FALSE
SemiEstimate	18	cran	FALSE
sgmcmc	18	cran	FALSE
shinybootstrap2	18	cran	FALSE
ShinyTester	18	cran	FALSE
sideChannelAttack	18	cran	FALSE
simplextree	18	cran	FALSE
SLTCA	18	cran	FALSE
SMARTAR	18	cran	FALSE
snpReady	18	cran	FALSE
SPAS	18	cran	FALSE
spectralAnalysis	18	cran	FALSE
spflow	18	cran	FALSE
SPmlficmcm	18	cran	FALSE
statVisual	18	cran	FALSE
superheat	18	cran	FALSE
swissdd	18	cran	FALSE
teda	18	cran	FALSE
textfeatures	18	cran	FALSE
tidytags	18	cran	FALSE
TimeVTree	18	cran	FALSE
tlemix	18	cran	FALSE
TSMSN	18	cran	FALSE
TSodbc	18	cran	FALSE
UBL	18	cran	FALSE
UMR	18	cran	FALSE
varsExplore	18	cran	FALSE
visaOTR	18	cran	FALSE
ViSiElse	18	cran	FALSE
xsp	18	cran	FALSE
ZillowR	18	cran	FALSE
abnormality	17	cran	FALSE
AlphaHull3D	17	cran	FALSE
AnalysisLin	17	cran	FALSE
asymLD	17	cran	FALSE
AWR_KMS	17	cran	FALSE
bayesbio	17	cran	FALSE
bayesdistreg	17	cran	FALSE
BayesianFactorZoo	17	cran	FALSE
BayesOrdDesign	17	cran	FALSE
BayesPiecewiseICAR	17	cran	FALSE
beadarrayFilter	17	cran	FALSE
binaryLogic	17	cran	FALSE
BoolFilter	17	cran	FALSE
bor	17	cran	FALSE
ccmm	17	cran	FALSE
censCov	17	cran	FALSE
chkptstanr	17	cran	FALSE
colmozzie	17	cran	FALSE
convexjlr	17	cran	FALSE
covid19swiss	17	cran	FALSE
CTM	17	cran	FALSE
cvam	17	cran	FALSE
cvq2	17	cran	FALSE
DACF	17	cran	FALSE
datapackage_r	17	cran	FALSE
datastructures	17	cran	FALSE
DCA	17	cran	FALSE
dcGOR	17	cran	FALSE
DeducerPlugInExample	17	cran	FALSE
DesignCTPB	17	cran	FALSE
dlbayes	17	cran	FALSE
dna	17	cran	FALSE
doblin	17	cran	FALSE
EconDemand	17	cran	FALSE
erfe	17	cran	FALSE
err	17	cran	FALSE
EurosarcBayes	17	cran	FALSE
EvalEst	17	cran	FALSE
fastLaplace	17	cran	FALSE
fc	17	cran	FALSE
fedregs	17	cran	FALSE
fieldRS	17	cran	FALSE
FinePop2	17	cran	FALSE
flamingos	17	cran	FALSE
futureheatwaves	17	cran	FALSE
gamlss_nl	17	cran	FALSE
geofd	17	cran	FALSE
gfiExtremes	17	cran	FALSE
glmdm	17	cran	FALSE
glmmsr	17	cran	FALSE
GoogleImage2Array	17	cran	FALSE
grainchanger	17	cran	FALSE
gromovlab	17	cran	FALSE
groupICA	17	cran	FALSE
halk	17	cran	FALSE
HDPenReg	17	cran	FALSE
hit	17	cran	FALSE
hoardeR	17	cran	FALSE
humanize	17	cran	FALSE
IAT	17	cran	FALSE
iRafNet	17	cran	FALSE
jackknifeKME	17	cran	FALSE
JRF	17	cran	FALSE
kernplus	17	cran	FALSE
largeList	17	cran	FALSE
latentgraph	17	cran	FALSE
LifeTables	17	cran	FALSE
lvm4net	17	cran	FALSE
lwqs	17	cran	FALSE
mclcar	17	cran	FALSE
merlin	17	cran	FALSE
MFT	17	cran	FALSE
mknapsack	17	cran	FALSE
mobilityIndexR	17	cran	FALSE
moexer	17	cran	FALSE
moko	17	cran	FALSE
MonteCarlo	17	cran	FALSE
MSiP	17	cran	FALSE
mskcc_oncotree	17	cran	FALSE
multicon	17	cran	FALSE
MultiHorizonSPA	17	cran	FALSE
MultiVarSel	17	cran	FALSE
NasdaqDataLink	17	cran	FALSE
njgeo	17	cran	FALSE
nlmeODE	17	cran	FALSE
nodeHarvest	17	cran	FALSE
npordtests	17	cran	FALSE
ODEnetwork	17	cran	FALSE
ondisc	17	cran	FALSE
ONETr	17	cran	FALSE
penPHcure	17	cran	FALSE
peptider	17	cran	FALSE
pgsc	17	cran	FALSE
pirouette	17	cran	FALSE
pmhtutorial	17	cran	FALSE
pooling	17	cran	FALSE
powerplus	17	cran	FALSE
PredictiveRegression	17	cran	FALSE
progenyClust	17	cran	FALSE
ptf	17	cran	FALSE
QuAnTeTrack	17	cran	FALSE
raincin	17	cran	FALSE
rbrsa	17	cran	FALSE
RcmdrPlugin_MA	17	cran	FALSE
RcmdrPlugin_steepness	17	cran	FALSE
RDocumentation	17	cran	FALSE
Redmonder	17	cran	FALSE
redR	17	cran	FALSE
rfishdraw	17	cran	FALSE
rGhanaCensus	17	cran	FALSE
rjpdmp	17	cran	FALSE
RMPSH	17	cran	FALSE
rocTree	17	cran	FALSE
RTIGER	17	cran	FALSE
rTLsDeep	17	cran	FALSE
RtutoR	17	cran	FALSE
RUVIIIC	17	cran	FALSE
saasCNV	17	cran	FALSE
samurais	17	cran	FALSE
sandwichr	17	cran	FALSE
saves	17	cran	FALSE
sdpt3r	17	cran	FALSE
SeqExpMatch	17	cran	FALSE
simba	17	cran	FALSE
SimEvolEnzCons	17	cran	FALSE
simLife	17	cran	FALSE
simPATHy	17	cran	FALSE
SizeEstimation	17	cran	FALSE
spamtree	17	cran	FALSE
SpectralMap	17	cran	FALSE
spFW	17	cran	FALSE
SPODT	17	cran	FALSE
stackoverflow	17	cran	FALSE
stat_extend	17	cran	FALSE
stmCorrViz	17	cran	FALSE
stsm	17	cran	FALSE
SubgrPlots	17	cran	FALSE
subgxe	17	cran	FALSE
sybilcycleFreeFlux	17	cran	FALSE
sybilDynFBA	17	cran	FALSE
tableExtra	17	cran	FALSE
tableschema_r	17	cran	FALSE
tabulate	17	cran	FALSE
takos	17	cran	FALSE
Tendril	17	cran	FALSE
ThreeArmedTrials	17	cran	FALSE
tinyProject	17	cran	FALSE
Tlasso	17	cran	FALSE
trimmer	17	cran	FALSE
twiddler	17	cran	FALSE
varjmcm	17	cran	FALSE
VertexSort	17	cran	FALSE
VorteksExport	17	cran	FALSE
washex	17	cran	FALSE
water	17	cran	FALSE
WeibullR_plotly	17	cran	FALSE
weightedZdiff	17	cran	FALSE
zonator	17	cran	FALSE
abcdeFBA	16	cran	FALSE
AmericanCallOpt	16	cran	FALSE
amerifluxr	16	cran	FALSE
arnie	16	cran	FALSE
AssocAFC	16	cran	FALSE
AutoSEARCH	16	cran	FALSE
AutoWeatherIndices	16	cran	FALSE
Boov	16	cran	FALSE
Brundle	16	cran	FALSE
BT	16	cran	FALSE
buffeRs	16	cran	FALSE
changepointsHD	16	cran	FALSE
clusteredinterference	16	cran	FALSE
collUtils	16	cran	FALSE
colorhex	16	cran	FALSE
cpk	16	cran	FALSE
cryst	16	cran	FALSE
CSCDRNA	16	cran	FALSE
CTTinShiny	16	cran	FALSE
DatAssim	16	cran	FALSE
DemografixeR	16	cran	FALSE
dfmeta	16	cran	FALSE
DIconvex	16	cran	FALSE
directotree	16	cran	FALSE
DoEstRare	16	cran	FALSE
DoLa	16	cran	FALSE
DTR	16	cran	FALSE
E4tools	16	cran	FALSE
EcoVirtual	16	cran	FALSE
eesim	16	cran	FALSE
EnvExpInd	16	cran	FALSE
EnviroPRA	16	cran	FALSE
eqtl	16	cran	FALSE
extRatum	16	cran	FALSE
fastSOM	16	cran	FALSE
FBCRM	16	cran	FALSE
FertBoot	16	cran	FALSE
fingraph	16	cran	FALSE
fixedincome	16	cran	FALSE
flightplot	16	cran	FALSE
GenKern	16	cran	FALSE
giedata	16	cran	FALSE
gitlink	16	cran	FALSE
gmat	16	cran	FALSE
GPIC	16	cran	FALSE
gppm	16	cran	FALSE
grand	16	cran	FALSE
grPipe	16	cran	FALSE
gwer	16	cran	FALSE
halfcircle	16	cran	FALSE
helda	16	cran	FALSE
hierarchicalDS	16	cran	FALSE
HS	16	cran	FALSE
IBDhaploRtools	16	cran	FALSE
IceCast	16	cran	FALSE
IDConverter	16	cran	FALSE
InteRD	16	cran	FALSE
IPWpn	16	cran	FALSE
jlsm	16	cran	FALSE
kpmt	16	cran	FALSE
lactcurves	16	cran	FALSE
LaplaceDeconv	16	cran	FALSE
LCA	16	cran	FALSE
ldat	16	cran	FALSE
longCatEDA	16	cran	FALSE
lorenz	16	cran	FALSE
lsbs	16	cran	FALSE
LTRCforests	16	cran	FALSE
madr	16	cran	FALSE
marp	16	cran	FALSE
mason	16	cran	FALSE
mbrglm	16	cran	FALSE
mcmcabn	16	cran	FALSE
MHadaptive	16	cran	FALSE
miceMNAR	16	cran	FALSE
MiSPU	16	cran	FALSE
mleur	16	cran	FALSE
mogavs	16	cran	FALSE
mstR	16	cran	FALSE
multiPIM	16	cran	FALSE
multiROC	16	cran	FALSE
nightmares	16	cran	FALSE
noaaoceans	16	cran	FALSE
nontarget	16	cran	FALSE
NormalBetaPrime	16	cran	FALSE
OpenTreeChronograms	16	cran	FALSE
optigrab	16	cran	FALSE
OptimalGoldstandardDesigns	16	cran	FALSE
osc	16	cran	FALSE
OSTE	16	cran	FALSE
outerbase	16	cran	FALSE
PAmeasures	16	cran	FALSE
pcdpca	16	cran	FALSE
phaseR	16	cran	FALSE
pipenostics	16	cran	FALSE
pmdplyr	16	cran	FALSE
pocketapi	16	cran	FALSE
polyglot	16	cran	FALSE
polyPK	16	cran	FALSE
portfolio_optimization	16	cran	FALSE
povmap	16	cran	FALSE
precintcon	16	cran	FALSE
ProbReco	16	cran	FALSE
pstest	16	cran	FALSE
qgtools	16	cran	FALSE
r_blip	16	cran	FALSE
RamanMP	16	cran	FALSE
randquotes	16	cran	FALSE
rbace	16	cran	FALSE
reclin	16	cran	FALSE
relgam	16	cran	FALSE
REPTILE	16	cran	FALSE
Rmst	16	cran	FALSE
robustBLME	16	cran	FALSE
roistats	16	cran	FALSE
ROptEstOld	16	cran	FALSE
rpart_utils	16	cran	FALSE
Rrdrand	16	cran	FALSE
rxode2random	16	cran	FALSE
RZabbix	16	cran	FALSE
sbgr	16	bioc_fallback_rank	FALSE
scUtils	16	cran	FALSE
SecDim	16	cran	FALSE
sensitivityPStrat	16	cran	FALSE
SensusR	16	cran	FALSE
seqCBS	16	cran	FALSE
seqest	16	cran	FALSE
servosphereR	16	cran	FALSE
ShinyLink	16	cran	FALSE
shinyMolBio	16	cran	FALSE
Sim_PLFN	16	cran	FALSE
SIN	16	cran	FALSE
SOFIA	16	cran	FALSE
specklestar	16	cran	FALSE
STAT	16	cran	FALSE
StepSignalMargiLike	16	cran	FALSE
survJamda_data	16	cran	FALSE
switchrGist	16	cran	FALSE
TempCont	16	cran	FALSE
tidyformula	16	cran	FALSE
tidyqwi	16	cran	FALSE
time_slots	16	cran	FALSE
timeR	16	cran	FALSE
timma	16	cran	FALSE
TransTGGM	16	cran	FALSE
treetop	16	cran	FALSE
ts2net	16	cran	FALSE
tvgeom	16	cran	FALSE
twangRDC	16	cran	FALSE
twostageTE	16	cran	FALSE
UScensus2010	16	cran	FALSE
validann	16	cran	FALSE
vampyr	16	cran	FALSE
VecStatGraphs3D	16	cran	FALSE
vICC	16	cran	FALSE
vortexRdata	16	cran	FALSE
voxel	16	cran	FALSE
VSdecomp	16	cran	FALSE
aCRM	15	cran	FALSE
AGread	15	cran	FALSE
aidar	15	cran	FALSE
AntWeb	15	cran	FALSE
BartMixVs	15	cran	FALSE
bayesassurance	15	cran	FALSE
BayesSummaryStatLM	15	cran	FALSE
bbefkr	15	cran	FALSE
BiocAzul	15	bioc_fallback_rank	FALSE
bioPN	15	cran	FALSE
BRDT	15	cran	FALSE
brickr	15	cran	FALSE
bssn	15	cran	FALSE
CausalKinetiX	15	cran	FALSE
ChIPtest	15	cran	FALSE
COBRA	15	cran	FALSE
colocr	15	cran	FALSE
concatenate	15	cran	FALSE
conformalClassification	15	cran	FALSE
corrarray	15	cran	FALSE
countToFPKM	15	cran	FALSE
countTransformers	15	cran	FALSE
cPCG	15	cran	FALSE
crossword_r	15	cran	FALSE
crsra	15	cran	FALSE
cspec	15	cran	FALSE
dashPivottable	15	cran	FALSE
datagovindia	15	cran	FALSE
dbEmpLikeGOF	15	cran	FALSE
Dominance	15	cran	FALSE
DRAYL	15	cran	FALSE
dsmisc	15	cran	FALSE
dtlcor	15	cran	FALSE
DynComm	15	cran	FALSE
dyncomp	15	cran	FALSE
ECLRMC	15	cran	FALSE
EDFtest	15	cran	FALSE
edfun	15	cran	FALSE
edgeRun	15	cran	FALSE
efreadr	15	cran	FALSE
emend	15	cran	FALSE
eMLEloglin	15	cran	FALSE
EnsembleCV	15	cran	FALSE
ensurer	15	cran	FALSE
eodhd	15	cran	FALSE
errint	15	cran	FALSE
ESTER	15	cran	FALSE
excelstrippr	15	cran	FALSE
exDE	15	cran	FALSE
FairMclus	15	cran	FALSE
fbRanks	15	cran	FALSE
fcr	15	cran	FALSE
fctbases	15	cran	FALSE
fgm	15	cran	FALSE
finbipartite	15	cran	FALSE
fpcb	15	cran	FALSE
FPV	15	cran	FALSE
FRESHD	15	cran	FALSE
FunCC	15	cran	FALSE
gbp	15	cran	FALSE
gDefrag	15	cran	FALSE
GeneralisedCovarianceMeasure	15	cran	FALSE
genogeographer	15	cran	FALSE
geodl	15	cran	FALSE
ggparliament	15	cran	FALSE
GIFTr	15	cran	FALSE
GiniWegNeg	15	cran	FALSE
gsmoothr	15	cran	FALSE
hdbm	15	cran	FALSE
hierbase	15	cran	FALSE
higlasso	15	cran	FALSE
HMB	15	cran	FALSE
HPLB	15	cran	FALSE
htdp	15	cran	FALSE
hyperSMURF	15	cran	FALSE
ic50	15	cran	FALSE
iconr	15	cran	FALSE
individual	15	cran	FALSE
iSDM	15	cran	FALSE
iteRates	15	cran	FALSE
jSonarR	15	cran	FALSE
JumpeR	15	cran	FALSE
kibior	15	cran	FALSE
lazyarray	15	cran	FALSE
LDABiplots	15	cran	FALSE
leafletR	15	cran	FALSE
liminal	15	cran	FALSE
LIStest	15	cran	FALSE
llbayesireg	15	cran	FALSE
LowWAFOMNX	15	cran	FALSE
m5	15	cran	FALSE
matric	15	cran	FALSE
MatSkew	15	cran	FALSE
MEDITS	15	cran	FALSE
meetupapi	15	cran	FALSE
mergeTrees	15	cran	FALSE
metricsgraphics	15	cran	FALSE
MicroSEC	15	cran	FALSE
mixComp	15	cran	FALSE
MixtureRegLTIC	15	cran	FALSE
mle_tools	15	cran	FALSE
mlmmm	15	cran	FALSE
ModelGood	15	cran	FALSE
modeltime_h2o	15	cran	FALSE
modelwordcloud	15	cran	FALSE
MSCA	15	cran	FALSE
Multiaovbay	15	cran	FALSE
mvc	15	cran	FALSE
nanop	15	cran	FALSE
ncpen	15	cran	FALSE
netchain	15	cran	FALSE
netcontrol	15	cran	FALSE
nlaR	15	cran	FALSE
nlpred	15	cran	FALSE
OnboardClient	15	cran	FALSE
ormBigData	15	cran	FALSE
PALMO	15	cran	FALSE
pampe	15	cran	FALSE
PanCanVarSel	15	cran	FALSE
ParallelPC	15	cran	FALSE
pathdiagram	15	cran	FALSE
PhyloMeasures	15	cran	FALSE
planningML	15	cran	FALSE
Plasmidprofiler	15	cran	FALSE
play	15	cran	FALSE
PLordprob	15	cran	FALSE
plotRCS	15	cran	FALSE
psda	15	cran	FALSE
pse	15	cran	FALSE
pwr2	15	cran	FALSE
QuantileGradeR	15	cran	FALSE
r6extended	15	cran	FALSE
Rchemcpp	15	cran	TRUE
RcmdrPlugin_SCDA	15	cran	FALSE
reinsureR	15	cran	FALSE
renderthis	15	cran	FALSE
revgeo	15	cran	FALSE
rifle	15	cran	FALSE
rma_exact	15	cran	FALSE
roots	15	cran	FALSE
rorutadis	15	cran	FALSE
Rosenbrock	15	cran	FALSE
rSHAPE	15	cran	FALSE
rstoat	15	cran	FALSE
RStripe	15	cran	FALSE
rwebstat	15	cran	FALSE
SAEforest	15	cran	FALSE
SAVE	15	cran	FALSE
scStability	15	cran	FALSE
SDraw	15	cran	FALSE
sequences	15	cran	FALSE
shiny_benchmark	15	cran	FALSE
simplexreg	15	cran	FALSE
SimplifyStats	15	cran	FALSE
SimRAD	15	cran	FALSE
simtimer	15	cran	FALSE
smallarea	15	cran	FALSE
snht	15	cran	FALSE
spathial	15	cran	FALSE
ssrm_logmer	15	cran	FALSE
stUPscales	15	cran	FALSE
stylest	15	cran	FALSE
thewitcher	15	cran	FALSE
tidycode	15	cran	FALSE
trackter	15	cran	FALSE
TransGraph	15	cran	FALSE
treeman	15	cran	FALSE
triversity	15	cran	FALSE
unfoldr	15	cran	FALSE
VarfromPDB	15	cran	FALSE
vfcp	15	cran	FALSE
waterfall	15	cran	FALSE
WaverR	15	cran	FALSE
webmorphR	15	cran	FALSE
windfarmGA	15	cran	FALSE
workboots	15	cran	FALSE
WWR	15	cran	FALSE
Xmisc	15	cran	FALSE
acrt	14	cran	FALSE
AlgebraicHaploPackage	14	cran	FALSE
ambhasGW	14	cran	FALSE
analysisPipelines	14	cran	FALSE
APML	14	cran	FALSE
auctestr	14	cran	FALSE
aziztest	14	cran	FALSE
bayesloglin	14	cran	FALSE
BBSSL	14	cran	FALSE
BCA	14	cran	FALSE
bcgam	14	cran	FALSE
BiProbitPartial	14	cran	FALSE
CallEshotgun	14	cran	FALSE
cap	14	cran	FALSE
cattonum	14	cran	FALSE
ccrs	14	cran	FALSE
cec2013	14	cran	FALSE
cluscov	14	cran	FALSE
clusterhap	14	cran	FALSE
CohortExplorer	14	cran	FALSE
conting	14	cran	FALSE
CorporaCoCo	14	cran	FALSE
covdepGE	14	cran	FALSE
covidmx	14	cran	FALSE
CRM	14	cran	FALSE
dccvalidator	14	cran	FALSE
DEGRE	14	cran	FALSE
demoGraphic	14	cran	FALSE
dequer	14	cran	FALSE
DetR	14	cran	FALSE
dfped	14	cran	FALSE
DiscriMiner	14	cran	FALSE
DPBBM	14	cran	FALSE
dplbnDE	14	cran	FALSE
dplyr_teradata	14	cran	FALSE
dsdp	14	cran	FALSE
durmod	14	cran	FALSE
DynaRankR	14	cran	FALSE
EAinference	14	cran	FALSE
edcc	14	cran	FALSE
edci	14	cran	FALSE
efflog	14	cran	FALSE
eivtools	14	cran	FALSE
EMVS	14	cran	FALSE
EncDNA	14	cran	FALSE
epiCleanr	14	cran	FALSE
ether	14	cran	FALSE
FCMapper	14	cran	FALSE
ffstream	14	cran	FALSE
flexmixNL	14	cran	FALSE
foieGras	14	cran	FALSE
foolbox	14	cran	FALSE
forImage	14	cran	FALSE
fractalRegression	14	cran	FALSE
FuncNN	14	cran	FALSE
galvanizer	14	cran	FALSE
gbs2ploidy	14	cran	FALSE
GenomeAdapt	14	cran	FALSE
GenomicMating	14	cran	FALSE
GExMap	14	cran	FALSE
ggdark	14	cran	FALSE
ggDCA	14	cran	FALSE
GHS	14	cran	FALSE
giftwrap	14	cran	FALSE
gomms	14	cran	FALSE
GraphPCA	14	cran	FALSE
graphx	14	cran	FALSE
groupsubsetselection	14	cran	FALSE
GSAQ	14	cran	FALSE
gSEM	14	cran	FALSE
habCluster	14	cran	FALSE
handyFunctions	14	cran	FALSE
hapsim	14	cran	FALSE
hettreatreg	14	cran	FALSE
HiCseg	14	cran	FALSE
hsmm	14	cran	FALSE
hurdlr	14	cran	FALSE
i2dash	14	cran	FALSE
iCluster	14	cran	FALSE
idmTPreg	14	cran	FALSE
IDSA	14	cran	FALSE
ifa	14	cran	FALSE
immuneSIM	14	cran	FALSE
IntegrateBs	14	cran	FALSE
interfr	14	cran	FALSE
introgress	14	cran	FALSE
ivitr	14	cran	FALSE
james_analysis	14	cran	FALSE
jgcricolors	14	cran	FALSE
jlctree	14	cran	FALSE
kaps	14	cran	FALSE
kpcalg	14	cran	FALSE
L1mstate	14	cran	FALSE
laercio	14	cran	FALSE
laketemps	14	cran	FALSE
Lambda4	14	cran	FALSE
lamme	14	cran	FALSE
ldsr	14	cran	FALSE
listdtr	14	cran	FALSE
loadflux	14	cran	FALSE
loadr	14	cran	FALSE
Lock5withR	14	cran	FALSE
loe	14	cran	FALSE
LPWC	14	cran	FALSE
ltsspca	14	cran	FALSE
MapeBay	14	cran	FALSE
matrixStrucTest	14	cran	FALSE
MCMChybridGP	14	cran	FALSE
mediacloudr	14	cran	FALSE
microdemic	14	cran	FALSE
MixMAP	14	cran	FALSE
mortyr	14	cran	FALSE
MuFiCokriging	14	cran	FALSE
multicolor	14	cran	FALSE
NCSampling	14	cran	FALSE
needmining	14	cran	FALSE
NetSwan	14	cran	FALSE
nJira	14	cran	FALSE
nonet	14	cran	FALSE
oglmx	14	cran	FALSE
OOmisc	14	cran	FALSE
OrdinalLogisticBiplot	14	cran	FALSE
overture	14	cran	FALSE
PASenseWear	14	cran	FALSE
pdmod	14	cran	FALSE
PdPDB	14	cran	FALSE
penalizedLDA	14	cran	FALSE
pencopulaCond	14	cran	FALSE
pfa	14	cran	FALSE
POFIBGE	14	cran	FALSE
poio	14	cran	FALSE
PolygonSoup	14	cran	FALSE
PortRisk	14	cran	FALSE
prevederer	14	cran	FALSE
qacBase	14	cran	FALSE
QRegVCM	14	cran	FALSE
Rarefy	14	cran	FALSE
Rata	14	cran	FALSE
readit	14	cran	FALSE
recom	14	cran	FALSE
regexPipes	14	cran	FALSE
rflashtext	14	cran	FALSE
RiverLoad	14	cran	FALSE
RRate	14	cran	FALSE
Rsconctdply	14	cran	FALSE
rsqliteadmin	14	cran	FALSE
RtD3	14	cran	FALSE
saeHB_gpois	14	cran	FALSE
saturnin	14	cran	FALSE
scSorter	14	cran	FALSE
SDALGCP	14	cran	FALSE
SDDE	14	cran	FALSE
sdpdth	14	cran	FALSE
SeerMapperWest	14	cran	FALSE
semverutils	14	cran	FALSE
SetRank	14	cran	FALSE
shock	14	cran	FALSE
SimHaz	14	cran	FALSE
sismonr	14	cran	FALSE
SMCRM	14	cran	FALSE
SobolSequence	14	cran	FALSE
splashr	14	cran	FALSE
spnet	14	cran	FALSE
sporm	14	cran	FALSE
spotGUI	14	cran	FALSE
sprintr	14	cran	FALSE
spsh	14	cran	FALSE
sspline	14	cran	FALSE
STMedianPolish	14	cran	FALSE
stringb	14	cran	FALSE
subcopem2D	14	cran	FALSE
SubpathwayLNCE	14	cran	FALSE
tcensReg	14	cran	FALSE
ThankYouStars	14	cran	FALSE
tidygenomics	14	cran	FALSE
timeless	14	cran	FALSE
TInPosition	14	cran	FALSE
TractorTsbox	14	cran	FALSE
triplot	14	cran	FALSE
tuple	14	cran	FALSE
twfy	14	cran	FALSE
UPMASK	14	cran	FALSE
valection	14	cran	FALSE
vprr	14	cran	FALSE
aaSEA	13	cran	FALSE
AllPossibleSpellings	13	cran	FALSE
APAtree	13	cran	FALSE
arena2r	13	cran	FALSE
armada	13	cran	FALSE
AtmRay	13	cran	FALSE
BayesComm	13	cran	FALSE
BayesSAE	13	cran	FALSE
BBRecapture	13	cran	FALSE
binaryMM	13	cran	FALSE
binaryTimeSeries	13	cran	FALSE
BinQuasi	13	cran	FALSE
birp	13	cran	FALSE
BlockFeST	13	cran	FALSE
BMRV	13	cran	FALSE
Bodi	13	cran	FALSE
capn	13	cran	FALSE
ccdrAlgorithm	13	cran	FALSE
ceg	13	cran	FALSE
chickn	13	cran	FALSE
childhoodmortality	13	cran	FALSE
CircSpaceTime	13	cran	FALSE
clere	13	cran	FALSE
cmce	13	cran	FALSE
Compack	13	cran	FALSE
concom	13	cran	FALSE
ConfIntVariance	13	cran	FALSE
coopProductGame	13	cran	FALSE
CPAT	13	cran	FALSE
CSFA	13	cran	FALSE
dapr	13	cran	FALSE
datamart	13	cran	FALSE
DBGSA	13	cran	FALSE
DDoutlier	13	cran	FALSE
DeducerText	13	cran	FALSE
define	13	cran	FALSE
demu	13	cran	FALSE
denoiseR	13	cran	FALSE
deseasonalize	13	cran	FALSE
dhh	13	cran	FALSE
diffman	13	cran	FALSE
DiffusionRgqd	13	cran	FALSE
dkDNA	13	cran	FALSE
DMLLZU	13	cran	FALSE
doex	13	cran	FALSE
DSSP	13	cran	FALSE
dyn_log	13	cran	FALSE
easyDifferentialGeneCoexpression	13	cran	FALSE
EDA	13	cran	FALSE
ELMR	13	cran	FALSE
ElstonStewart	13	cran	FALSE
empiricalFDR_DESeq2	13	cran	FALSE
engsoccerdata	13	cran	FALSE
episcan	13	cran	FALSE
estout	13	cran	FALSE
evanverse	13	cran	FALSE
EventDetectGUI	13	cran	FALSE
featuretoolsR	13	cran	FALSE
flifo	13	cran	FALSE
FMCCSD	13	cran	FALSE
folderfun	13	cran	FALSE
ForecastTB	13	cran	FALSE
frmpd	13	cran	FALSE
FSMUMI	13	cran	FALSE
ftsspec	13	cran	FALSE
gazepath	13	cran	FALSE
gdalUtils	13	cran	FALSE
geneNetBP	13	cran	FALSE
genero	13	cran	FALSE
genius	13	cran	FALSE
GeomComb	13	cran	FALSE
gghdr	13	cran	FALSE
gglogo	13	cran	FALSE
glancedata	13	cran	FALSE
GOLDprice	13	cran	FALSE
good	13	cran	FALSE
GRTo	13	cran	FALSE
HKprocess	13	cran	FALSE
hmgm	13	cran	FALSE
holdem	13	cran	FALSE
icesVMS	13	cran	FALSE
IntLIM	13	cran	FALSE
jlme	13	cran	FALSE
KERE	13	cran	FALSE
keyToEnglish	13	cran	FALSE
KFKSDS	13	cran	FALSE
lazyNumbers	13	cran	FALSE
lmeNB	13	cran	FALSE
lodr	13	cran	FALSE
lookupTable	13	cran	FALSE
LPS	13	cran	FALSE
lsdbc	13	cran	FALSE
MatrixLDA	13	cran	FALSE
MCMC_OTU	13	cran	FALSE
MetGen	13	cran	FALSE
MinBAR	13	cran	FALSE
mixlink	13	cran	FALSE
mleap	13	cran	FALSE
msaFACE	13	cran	FALSE
msltrend	13	cran	FALSE
MSRDT	13	cran	FALSE
mtconnectR	13	cran	FALSE
multiviewtest	13	cran	FALSE
NAIR	13	cran	FALSE
nestedmodels	13	cran	FALSE
netjack	13	cran	FALSE
OligoSpecificitySystem	13	cran	FALSE
OmnibusFisher	13	cran	FALSE
openmeteo	13	cran	FALSE
ORMDR	13	cran	FALSE
paleoMAS	13	cran	FALSE
pcalls	13	cran	FALSE
PersianStemmer	13	cran	FALSE
Petersen	13	cran	FALSE
phiDelta	13	cran	FALSE
phyloland	13	cran	FALSE
PKreport	13	cran	FALSE
pnmtrem	13	cran	FALSE
PoA	13	cran	FALSE
posterdown	13	cran	FALSE
PowerNormal	13	cran	FALSE
predkmeans	13	cran	FALSE
prisonbrief	13	cran	FALSE
prLogistic	13	cran	FALSE
psychtm	13	cran	FALSE
pubtatordb	13	cran	FALSE
pulseTD	13	cran	FALSE
qkerntool	13	cran	FALSE
qsort	13	cran	FALSE
QuantumClone	13	cran	FALSE
quickmapr	13	cran	FALSE
rawr	13	cran	FALSE
rbenvo	13	cran	FALSE
RClone	13	cran	FALSE
RcmdrPlugin_EcoVirtual	13	cran	FALSE
RcmdrPlugin_pointG	13	cran	FALSE
rDNAse	13	cran	FALSE
RevEcoR	13	cran	FALSE
rgoogleslides	13	cran	FALSE
rIP	13	cran	FALSE
rivervis	13	cran	FALSE
rmdshower	13	cran	FALSE
RNCBIEUtilsLibs	13	cran	FALSE
rootWishart	13	cran	FALSE
rRAP	13	cran	FALSE
rsgeo	13	cran	FALSE
RStorm	13	cran	FALSE
rwt	13	cran	FALSE
SACOBRA	13	cran	FALSE
satscanMapper	13	cran	FALSE
SBMSplitMerge	13	cran	FALSE
ScorePlus	13	cran	FALSE
scPOP	13	cran	FALSE
SeedMatchR	13	cran	FALSE
seeds	13	cran	FALSE
SeqAlloc	13	cran	FALSE
shiny_info	13	cran	FALSE
SkeweDF	13	cran	FALSE
SLIDE	13	cran	FALSE
slopeOP	13	cran	FALSE
smog	13	cran	FALSE
smoothAPC	13	cran	FALSE
smpic	13	cran	FALSE
SnakesAndLaddersAnalysis	13	cran	FALSE
sparktf	13	cran	FALSE
SparseFactorAnalysis	13	cran	FALSE
SpatialfdaR	13	cran	FALSE
speccalt	13	cran	FALSE
spemd	13	cran	FALSE
SPIGA	13	cran	FALSE
SQB	13	cran	FALSE
SSrat	13	cran	FALSE
sssc	13	cran	FALSE
STGS	13	cran	FALSE
SummaryLasso	13	cran	FALSE
supcluster	13	cran	FALSE
TEAM	13	cran	FALSE
TimeWarp	13	cran	FALSE
TPCselect	13	cran	FALSE
treelet	13	cran	FALSE
TSsdmx	13	cran	FALSE
UtilityFrailtyPH12	13	cran	FALSE
vennLasso	13	cran	FALSE
VHDClassification	13	cran	FALSE
visit	13	cran	FALSE
VUROCS	13	cran	FALSE
wgeesel	13	cran	FALSE
wiad	13	cran	FALSE
wPerm	13	cran	FALSE
write_snns	13	cran	FALSE
XRPython	13	cran	FALSE
ACDC	12	cran	FALSE
ACSSpack	12	cran	FALSE
aif360	12	cran	FALSE
AIG	12	cran	FALSE
amber	12	cran	FALSE
analyz	12	cran	FALSE
ANTs	12	cran	FALSE
ArchaeoChron	12	cran	FALSE
ASPBay	12	cran	FALSE
AssotesteR	12	cran	FALSE
BaBooN	12	cran	FALSE
BayesMRA	12	cran	FALSE
bdclean	12	cran	FALSE
bioassays	12	cran	FALSE
Biocomb	12	cran	FALSE
bioOED	12	cran	FALSE
bite	12	cran	FALSE
bmd	12	cran	FALSE
brr	12	cran	FALSE
ChargeTransport	12	cran	FALSE
chromatographR	12	cran	FALSE
CompLognormal	12	cran	FALSE
conics	12	cran	FALSE
CovSelHigh	12	cran	FALSE
coxphMIC	12	cran	FALSE
cumstats	12	cran	FALSE
cwm	12	cran	FALSE
DataEntry	12	cran	FALSE
dblr	12	cran	FALSE
demcon	12	cran	FALSE
denpro	12	cran	FALSE
DetSel	12	cran	FALSE
dielectric	12	cran	FALSE
diffeRenTES	12	cran	FALSE
DiffusionRimp	12	cran	FALSE
Disequilibrium	12	cran	FALSE
DMRMark	12	cran	FALSE
dmt	12	cran	FALSE
dpmr	12	cran	FALSE
dress_graph	12	cran	FALSE
DrInsight	12	cran	FALSE
dual_spls	12	cran	FALSE
DWLasso	12	cran	FALSE
EntropyMCMC	12	cran	FALSE
epistasis	12	cran	FALSE
etma	12	cran	FALSE
eulerian	12	cran	FALSE
Euronext	12	cran	FALSE
FarmSelect	12	cran	FALSE
fgpt	12	cran	FALSE
figuRes2	12	cran	FALSE
fitDRC	12	cran	FALSE
fitode	12	cran	FALSE
fmerPack	12	cran	FALSE
foodingraph	12	cran	FALSE
functClust	12	cran	FALSE
gamblers_ruin_gameplay	12	cran	FALSE
GameTheoryAllocation	12	cran	FALSE
gamlss_countKinf	12	cran	FALSE
GenoScan	12	cran	FALSE
geosed	12	cran	FALSE
ggESDA	12	cran	FALSE
ggplotlyExtra	12	cran	FALSE
GMZTests	12	cran	FALSE
GOsummaries	12	cran	TRUE
GrimR	12	cran	FALSE
GSAfisherCombined	12	cran	FALSE
happytime	12	cran	FALSE
hellmer	12	cran	FALSE
hmma	12	cran	FALSE
homtest	12	cran	FALSE
hypsoLoop	12	cran	FALSE
incadata	12	cran	FALSE
informR	12	cran	FALSE
infraFDTD_assist	12	cran	FALSE
interpolation	12	cran	FALSE
ipcwswitch	12	cran	FALSE
IsoCheck	12	cran	FALSE
isoreader	12	cran	FALSE
ivdesign	12	cran	FALSE
ivprobit	12	cran	FALSE
KENDL	12	cran	FALSE
knitLatex	12	cran	FALSE
kwb_hantush	12	cran	FALSE
kzft	12	cran	FALSE
lazyraster	12	cran	FALSE
LCF	12	cran	FALSE
lmeNBBayes	12	cran	FALSE
ltbayes	12	cran	FALSE
lvmcomp	12	cran	FALSE
LW1949	12	cran	FALSE
meaRtools	12	cran	FALSE
MetaPath	12	cran	FALSE
MetProc	12	cran	FALSE
modchart	12	cran	FALSE
MoMPCA	12	cran	FALSE
MonoInc	12	cran	FALSE
msaeRB	12	cran	FALSE
msgpackR	12	cran	FALSE
multiRDPG	12	cran	FALSE
na_tools	12	cran	FALSE
ndvtest	12	cran	FALSE
NetComp	12	cran	FALSE
nlshelper	12	cran	FALSE
NORMA	12	cran	FALSE
npcopTest	12	cran	FALSE
npsr	12	cran	FALSE
obliqueRF	12	cran	FALSE
ocomposition	12	cran	FALSE
odns	12	cran	FALSE
osmgeosample	12	cran	FALSE
ospsuite_utils	12	cran	FALSE
partialAR	12	cran	FALSE
partialCI	12	cran	FALSE
plde	12	cran	FALSE
podcleaner	12	cran	FALSE
pollimetry	12	cran	FALSE
pqantimalarials	12	cran	FALSE
PROBShiny	12	cran	FALSE
processR	12	cran	FALSE
Qardl	12	cran	FALSE
ratioOfQsprays	12	cran	FALSE
rcosmo	12	cran	FALSE
Rdsm	12	cran	FALSE
rehydratoR	12	cran	FALSE
riskR	12	cran	FALSE
rJython	12	cran	FALSE
rmi	12	cran	FALSE
robustsae	12	cran	FALSE
ROI_plugin_clp	12	cran	FALSE
rTensor2	12	cran	FALSE
rusda	12	cran	FALSE
sbioPN	12	cran	FALSE
scaffolder	12	cran	FALSE
sdStaf	12	cran	FALSE
seasonalclumped	12	cran	FALSE
seroincidence	12	cran	FALSE
sgat	12	cran	FALSE
shinypanels	12	cran	FALSE
shopifyr	12	cran	FALSE
SinIW	12	cran	FALSE
SitesInterest	12	cran	FALSE
sivirep	12	cran	FALSE
SpaCCr	12	cran	FALSE
sparselu	12	cran	FALSE
SpaTimeClus	12	cran	FALSE
SPCDAnalyze	12	cran	FALSE
specmine_datasets	12	cran	FALSE
spfrontier	12	cran	FALSE
SPIAssay	12	cran	FALSE
spiR	12	cran	FALSE
stabreg	12	cran	FALSE
starticles	12	cran	FALSE
STRMPS	12	cran	FALSE
stubthat	12	cran	FALSE
survJamda	12	cran	FALSE
SynthCast	12	cran	FALSE
tfse	12	cran	FALSE
tidyDisasters	12	cran	FALSE
timelineS	12	cran	FALSE
TippingPoint	12	cran	FALSE
treeducken	12	cran	FALSE
uFTIR	12	cran	FALSE
vanquish	12	cran	FALSE
VARMER	12	cran	FALSE
varrank	12	cran	FALSE
viewshed3d	12	cran	FALSE
vlda	12	cran	FALSE
volleystat	12	cran	FALSE
weatherr	12	cran	FALSE
xlink	12	cran	FALSE
xtermStyle	12	cran	FALSE
xtune	12	cran	FALSE
yaps	12	cran	FALSE
YRmisc	12	cran	FALSE
zerotradeflow	12	cran	FALSE
abf2	11	cran	FALSE
ACD	11	cran	FALSE
BASIX	11	cran	FALSE
bastah	11	cran	FALSE
BBMV	11	cran	FALSE
BCellMA	11	cran	FALSE
bdchecks	11	cran	FALSE
betalink	11	cran	FALSE
binomlogit	11	cran	FALSE
biogeo	11	cran	FALSE
BKPC	11	cran	FALSE
bmmix	11	cran	FALSE
calcWOI	11	cran	FALSE
carx	11	cran	FALSE
casen	11	cran	FALSE
ccdf	11	cran	FALSE
CDLasso	11	cran	FALSE
censys	11	cran	FALSE
cleanerR	11	cran	FALSE
clpm	11	cran	FALSE
CNOGpro	11	cran	FALSE
colortools	11	cran	FALSE
condmixt	11	cran	FALSE
CovCombR	11	cran	FALSE
crn	11	cran	FALSE
CrypticIBDcheck	11	cran	FALSE
dashCoreComponents	11	cran	FALSE
DBERlibR	11	cran	FALSE
DCD	11	cran	FALSE
DiffusionRjgqd	11	cran	FALSE
dprint	11	cran	FALSE
draw	11	cran	FALSE
ensembleR	11	cran	FALSE
enviPick	11	cran	FALSE
EnviroStat	11	cran	FALSE
eudata	11	cran	FALSE
europeanaR	11	cran	FALSE
ezsim	11	cran	FALSE
FacPad	11	cran	FALSE
FACT	11	cran	FALSE
factset_analyticsapi_engines	11	cran	FALSE
fasthplus	11	cran	FALSE
fastpseudo	11	cran	FALSE
FastSF	11	cran	FALSE
fCertificates	11	cran	FALSE
feamiR	11	cran	FALSE
FinAsym	11	cran	FALSE
FluMoDL	11	cran	FALSE
frm	11	cran	FALSE
FuzzyDBScan	11	cran	FALSE
GAabbreviate	11	cran	FALSE
ganalytics	11	cran	FALSE
geonet	11	cran	FALSE
GiNA	11	cran	FALSE
gorpiper	11	cran	FALSE
graphscan	11	cran	FALSE
HARModel	11	cran	FALSE
HDDesign	11	cran	FALSE
hexFinder	11	cran	FALSE
hilldiv	11	cran	FALSE
hkclustering	11	cran	FALSE
horseshoe	11	cran	FALSE
HWEBayes	11	cran	FALSE
icsw	11	cran	FALSE
IMEC	11	cran	FALSE
imptree	11	cran	FALSE
imputeYn	11	cran	FALSE
independence	11	cran	FALSE
insectDisease	11	cran	FALSE
intePareto	11	cran	FALSE
interventionalDBN	11	cran	FALSE
isqg	11	cran	FALSE
ITRLearn	11	cran	FALSE
labourR	11	cran	FALSE
lar	11	cran	FALSE
lazygreedy	11	cran	FALSE
LEAPFrOG	11	cran	FALSE
libstableR	11	cran	FALSE
LightningR	11	cran	FALSE
linconGaussR	11	cran	FALSE
linea	11	cran	FALSE
lllcrc	11	cran	FALSE
loose_rock	11	cran	FALSE
lsplsGlm	11	cran	FALSE
lymphclon	11	cran	FALSE
MadanText	11	cran	FALSE
makeProject	11	cran	FALSE
MDBED	11	cran	FALSE
mdsdt	11	cran	FALSE
MedSurvey	11	cran	FALSE
metabolighteR	11	cran	FALSE
metScanR	11	cran	FALSE
miRada	11	cran	FALSE
MIWilson	11	cran	FALSE
mlbstatsR	11	cran	FALSE
modelplotr	11	cran	FALSE
MPAgenomics	11	cran	FALSE
MrSGUIDE	11	cran	FALSE
MSGLasso	11	cran	FALSE
MultiRR	11	cran	FALSE
neariso	11	cran	FALSE
nhlscrape	11	cran	FALSE
NonpModelCheck	11	cran	FALSE
NORMT3	11	cran	FALSE
observer	11	cran	FALSE
occUncertain	11	cran	FALSE
oops	11	cran	FALSE
openadds	11	cran	FALSE
OpenMPController	11	cran	FALSE
optimr	11	cran	FALSE
packClassic	11	cran	FALSE
PACLasso	11	cran	FALSE
pairedCI	11	cran	FALSE
Peacock_test	11	cran	FALSE
PerseusR	11	cran	FALSE
pinnacle_API	11	cran	FALSE
plantecowrap	11	cran	FALSE
PlasmaMutationDetector2	11	cran	FALSE
plotBart	11	cran	FALSE
poolABC	11	cran	FALSE
povcalnetR	11	cran	FALSE
prob	11	cran	FALSE
proportion	11	cran	FALSE
pubchunks	11	cran	FALSE
qlcVisualize	11	cran	FALSE
quhomology	11	cran	FALSE
quicR	11	cran	FALSE
RAEN	11	cran	FALSE
ramlegacy	11	cran	FALSE
rbart	11	cran	FALSE
rdoc	11	cran	FALSE
relen	11	cran	FALSE
Replication	11	cran	FALSE
replicationInterval	11	cran	FALSE
rJPSGCS	11	cran	FALSE
RNaviCell	11	cran	FALSE
roprov	11	cran	FALSE
Rothermel	11	cran	FALSE
rrd	11	cran	FALSE
RTConnect	11	cran	FALSE
Runiversal	11	cran	FALSE
RVtests	11	cran	FALSE
sasMap	11	cran	FALSE
SDD	11	cran	FALSE
SeedCalc	11	cran	FALSE
session	11	cran	FALSE
setter	11	cran	FALSE
shinyreforms	11	cran	FALSE
signatureSurvival	11	cran	FALSE
SimPhe	11	cran	FALSE
SimSCRPiecewise	11	cran	FALSE
sknifedatar	11	cran	FALSE
someKfwer	11	cran	FALSE
SphericalK	11	cran	FALSE
SpNetPrep	11	cran	FALSE
SSDL	11	cran	FALSE
stopdetection	11	cran	FALSE
strm	11	cran	FALSE
SuperPCA	11	cran	FALSE
table1xls	11	cran	FALSE
TangPoemR	11	cran	FALSE
taRifx	11	cran	FALSE
tbart	11	cran	FALSE
TeachNet	11	cran	FALSE
teamr	11	cran	FALSE
textgRid	11	cran	FALSE
TiddlyWikiR	11	cran	FALSE
tmle_npvi	11	cran	FALSE
transcribeR	11	cran	FALSE
TrendSLR	11	cran	FALSE
TSTr	11	cran	FALSE
tumblR	11	cran	FALSE
uwo4419	11	cran	FALSE
valse	11	cran	FALSE
VBTree	11	cran	FALSE
vmsbase	11	cran	FALSE
WeibullR_shiny	11	cran	FALSE
WGScan	11	cran	FALSE
wingui	11	cran	FALSE
WLasso	11	cran	FALSE
aba	10	cran	FALSE
agsemisc	10	cran	FALSE
ahw	10	cran	FALSE
aRbs	10	cran	FALSE
argon2	10	cran	FALSE
aSPC	10	cran	FALSE
aucm	10	cran	FALSE
AWAPer	10	cran	FALSE
AWR_Athena	10	cran	FALSE
BALD	10	cran	FALSE
betaboost	10	cran	FALSE
bioset	10	cran	FALSE
BNPMIXcluster	10	cran	FALSE
bnpmr	10	cran	FALSE
BOG	10	cran	FALSE
bootsPLS	10	cran	FALSE
bsem	10	cran	FALSE
c2d4u_tools	10	cran	FALSE
CDROM	10	cran	FALSE
ClimDown	10	cran	FALSE
compareODM	10	cran	FALSE
conclust	10	cran	FALSE
convertGraph	10	cran	FALSE
CopyDetect	10	cran	FALSE
CorDiff	10	cran	FALSE
coreCollection	10	cran	FALSE
couchDB	10	cran	FALSE
cptec	10	cran	FALSE
cqcr	10	cran	FALSE
Data2LD	10	cran	FALSE
DCODE	10	cran	FALSE
devtoolbox	10	cran	FALSE
dief	10	cran	FALSE
DnE	10	cran	FALSE
DNLC	10	cran	FALSE
DoTC	10	cran	FALSE
dvqcc	10	cran	FALSE
ElectionsLATAM	10	cran	FALSE
eqs2lavaan	10	cran	FALSE
EstHer	10	cran	FALSE
exceedProb	10	cran	FALSE
expert	10	cran	FALSE
Fiscore	10	cran	FALSE
fishflux	10	cran	FALSE
FlywayNet	10	cran	FALSE
forensIT	10	cran	FALSE
frmhet	10	cran	FALSE
FSAtools	10	cran	FALSE
GeneSelectR	10	cran	FALSE
ggcoverage	10	cran	FALSE
GGEBiplotGUI	10	cran	FALSE
gimmeTools	10	cran	FALSE
gitGPT	10	cran	FALSE
googleformr	10	cran	FALSE
graphseg	10	cran	FALSE
GseaVis	10	cran	FALSE
gtheory	10	cran	FALSE
GUIProfiler	10	cran	FALSE
HDJM	10	cran	FALSE
HDtest	10	cran	FALSE
HETOP	10	cran	FALSE
hhcartr	10	cran	FALSE
HSDiC	10	cran	FALSE
hzar	10	cran	FALSE
ibeemd	10	cran	FALSE
iCiteR	10	cran	FALSE
interplex	10	cran	FALSE
intubate	10	cran	FALSE
ionr	10	cran	FALSE
IRCcheck	10	cran	FALSE
IsoCorr	10	cran	FALSE
isopat	10	cran	FALSE
JGEE	10	cran	FALSE
Johnson	10	cran	FALSE
jvnVaR	10	cran	FALSE
kcirt	10	cran	FALSE
kdetrees	10	cran	FALSE
kzfs	10	cran	FALSE
landsat8	10	cran	FALSE
Lavash	10	cran	FALSE
LCAvarsel	10	cran	FALSE
lclGWAS	10	cran	FALSE
LEANR	10	cran	FALSE
leerSIECyL	10	cran	FALSE
legco	10	cran	FALSE
lift	10	cran	FALSE
linearQ	10	cran	FALSE
loadshaper	10	cran	FALSE
LongMemoryTS	10	cran	FALSE
lrmest	10	cran	FALSE
lsnstat	10	cran	FALSE
macc	10	cran	FALSE
mapReasy	10	cran	FALSE
MARX	10	cran	FALSE
maxnodf	10	cran	FALSE
meditate	10	cran	FALSE
metaRMST	10	cran	FALSE
MEtest	10	cran	FALSE
MiDA	10	cran	FALSE
minimapR	10	cran	FALSE
mise	10	cran	FALSE
MMVBVS	10	cran	FALSE
mobirep	10	cran	FALSE
modygliani	10	cran	FALSE
Morphoscape	10	cran	FALSE
mosaic_find	10	cran	FALSE
MPLikelihoodWB	10	cran	FALSE
MultAlloc	10	cran	FALSE
MultiGHQuad	10	cran	FALSE
MultiSV	10	cran	FALSE
MWLasso	10	cran	FALSE
NBBttest	10	cran	FALSE
nCopula	10	cran	FALSE
networkGen	10	cran	FALSE
networksis	10	cran	FALSE
neurocInstall	10	cran	FALSE
NGSSEML	10	cran	FALSE
NLRoot	10	cran	FALSE
nmm	10	cran	FALSE
numbersBR	10	cran	FALSE
oesr	10	cran	FALSE
okmesonet	10	cran	FALSE
onlineVAR	10	cran	FALSE
osmose	10	cran	FALSE
ot	10	cran	FALSE
PabonLasso	10	cran	FALSE
persiandictionary	10	cran	FALSE
petitr	10	cran	FALSE
Phxnlme	10	cran	FALSE
PIGShift	10	cran	FALSE
piRF	10	cran	FALSE
placer	10	cran	FALSE
places	10	cran	FALSE
plusser	10	cran	FALSE
poissonMT	10	cran	FALSE
PoissonSeq	10	cran	FALSE
polyfreqs	10	cran	FALSE
powerHaDeX	10	cran	FALSE
randNames	10	cran	FALSE
rasterly	10	cran	FALSE
Rbgs	10	cran	FALSE
rCAT	10	cran	FALSE
readysignal	10	cran	FALSE
rHL7	10	cran	FALSE
ridittools	10	cran	FALSE
rIntervalTree	10	cran	FALSE
rMisbeta	10	cran	FALSE
robFitConGraph	10	cran	FALSE
rpatrec	10	cran	FALSE
RSAlgaeR	10	cran	FALSE
RSauceLabs	10	cran	FALSE
rSQM	10	cran	FALSE
ruin	10	cran	FALSE
Rwclust	10	cran	FALSE
saeHB_hnb	10	cran	FALSE
saeHB_zinb	10	cran	FALSE
samplingEstimates	10	cran	FALSE
SAMURAI	10	cran	FALSE
sdtoolkit	10	cran	FALSE
SecKW	10	cran	FALSE
SelvarMix	10	cran	FALSE
shiny_worker	10	cran	FALSE
siconfir	10	cran	FALSE
simMP	10	cran	FALSE
SimpleTable	10	cran	FALSE
SLmetrics	10	cran	FALSE
SocialPosition	10	cran	FALSE
solaR2	10	cran	FALSE
space	10	cran	FALSE
spacey	10	cran	FALSE
sparseGAM	10	cran	FALSE
SpatialFloor	10	cran	FALSE
spe	10	cran	FALSE
SpotSampling	10	cran	FALSE
spruce	10	cran	FALSE
streamConnect	10	cran	FALSE
Sunder	10	cran	FALSE
survtmle	10	cran	FALSE
svdvisual	10	cran	FALSE
swmmr	10	cran	FALSE
tabulizer	10	cran	FALSE
tbma	10	cran	FALSE
tensorr	10	cran	FALSE
tern_rbmi	10	cran	FALSE
Thinknum	10	cran	FALSE
TileManager	10	cran	FALSE
timelineR	10	cran	FALSE
truncgof	10	cran	FALSE
TScompare	10	cran	FALSE
TwitterAutomatedTrading	10	cran	FALSE
unine	10	cran	FALSE
UpSetVP	10	cran	FALSE
wellknown	10	cran	FALSE
x12GUI	10	cran	FALSE
xtreg2way	10	cran	FALSE
yarr	10	cran	FALSE
youtubecaption	10	cran	FALSE
zooaRch	10	cran	FALSE
acmeR	9	cran	FALSE
adcontabil	9	cran	FALSE
aPEAR	9	cran	FALSE
AquaBPsim	9	cran	FALSE
arcos	9	cran	FALSE
assemblerr	9	cran	FALSE
ATE	9	cran	FALSE
atsd	9	cran	FALSE
aurin	9	cran	FALSE
baseballDBR	9	cran	FALSE
bdpopt	9	cran	FALSE
bdynsys	9	cran	FALSE
bigdist	9	cran	FALSE
bitsqueezr	9	cran	FALSE
bmeta	9	cran	FALSE
bnClustOmics	9	cran	FALSE
BNN	9	cran	FALSE
bootspecdens	9	cran	FALSE
BPmodel	9	cran	FALSE
CARS	9	cran	FALSE
CATkit	9	cran	FALSE
cbar	9	cran	FALSE
ccChooser	9	cran	FALSE
ced	9	cran	FALSE
cellularautomata	9	cran	FALSE
CensRegMod	9	cran	FALSE
censusGeography	9	cran	FALSE
cghRA	9	cran	FALSE
cheb	9	cran	FALSE
CHFF	9	cran	FALSE
CIFsmry	9	cran	FALSE
citccmst	9	cran	FALSE
clrng	9	cran	FALSE
clustsig	9	cran	FALSE
collectArgs	9	cran	FALSE
composits	9	cran	FALSE
Compounding	9	cran	FALSE
compstatr	9	cran	FALSE
comradesOO	9	cran	FALSE
CoronaNetR	9	cran	FALSE
coxinterval	9	cran	FALSE
crtests	9	cran	FALSE
DAP	9	cran	FALSE
delaunay	9	cran	FALSE
DEMOVA	9	cran	FALSE
desire	9	cran	FALSE
dhlabR	9	cran	FALSE
DICEM	9	cran	FALSE
distance_sample_size	9	cran	FALSE
downscaledl	9	cran	FALSE
DrugClust	9	cran	FALSE
dynfeature	9	cran	FALSE
eel	9	cran	FALSE
EILA	9	cran	FALSE
elec_strat	9	cran	FALSE
endoSwitch	9	cran	FALSE
epcc	9	cran	FALSE
EPGMr	9	cran	FALSE
erpR	9	cran	FALSE
eyetracking	9	cran	FALSE
fastmaRching	9	cran	FALSE
FDRSeg	9	cran	FALSE
FGSG	9	cran	FALSE
FindAllRoots	9	cran	FALSE
flars	9	cran	FALSE
flexOR	9	cran	FALSE
flightplanning	9	cran	FALSE
flowml	9	cran	FALSE
FPCA2D	9	cran	FALSE
FuzzyMCDM	9	cran	FALSE
GBcurves	9	cran	FALSE
geoidep	9	cran	FALSE
GeSciLiVis	9	cran	FALSE
giphyr	9	cran	FALSE
glmdisc	9	cran	FALSE
golden	9	cran	FALSE
grplassocat	9	cran	FALSE
GTFSwizard	9	cran	FALSE
gwfa	9	cran	FALSE
hazus	9	cran	FALSE
HDMD	9	cran	FALSE
HierO	9	cran	FALSE
HMVD	9	cran	FALSE
htmltidy	9	cran	FALSE
hypersampleplan	9	cran	FALSE
iFad	9	cran	FALSE
Inflect	9	cran	FALSE
INSPECTumours	9	cran	FALSE
intensity_analysis	9	cran	FALSE
iscoCrosswalks	9	cran	FALSE
iWISA	9	cran	FALSE
kdpee	9	cran	FALSE
kolmim	9	cran	FALSE
LadR	9	cran	FALSE
leaflet_opacity	9	cran	FALSE
learNN	9	cran	FALSE
libproj	9	cran	FALSE
libsoc	9	cran	FALSE
lifelogr	9	cran	FALSE
LIHKGr	9	cran	FALSE
livechatR	9	cran	FALSE
LotkasLaw	9	cran	FALSE
machina	9	cran	FALSE
MAclinical	9	cran	FALSE
MadanTextNetwork	9	cran	FALSE
mcBFtest	9	cran	FALSE
MCDM	9	cran	FALSE
mdapack	9	cran	FALSE
MetABEL	9	cran	FALSE
metabolomicsR	9	cran	FALSE
metaMix	9	cran	FALSE
MIDASwrappeR	9	cran	FALSE
MixtureInf	9	cran	FALSE
MLDAShiny2	9	cran	FALSE
mnj	9	cran	FALSE
momr	9	cran	FALSE
MorseGen	9	cran	FALSE
mpcmp	9	cran	FALSE
muStat	9	cran	FALSE
MVB	9	cran	FALSE
myepisodes	9	cran	FALSE
NetData	9	cran	FALSE
networkTomography	9	cran	FALSE
nomordR	9	cran	FALSE
normtest	9	cran	FALSE
NPC	9	cran	FALSE
OOS	9	cran	FALSE
optCluster	9	cran	FALSE
optinterv	9	cran	FALSE
oxcgrt	9	cran	FALSE
PakPC	9	cran	FALSE
pastis	9	cran	FALSE
patPRO	9	cran	FALSE
pbox	9	cran	FALSE
PBRF	9	cran	FALSE
pergola	9	cran	FALSE
pluralize	9	cran	FALSE
pnn	9	cran	FALSE
poisson	9	cran	FALSE
polyhedralCubature	9	cran	FALSE
PolyTrend	9	cran	FALSE
portsort	9	cran	FALSE
PP3	9	cran	FALSE
ppcong	9	cran	FALSE
precondition	9	cran	FALSE
ProfoundData	9	cran	FALSE
ProtE	9	cran	FALSE
psr	9	cran	FALSE
pssm	9	cran	FALSE
psyosphere	9	cran	FALSE
ptest	9	cran	FALSE
ptsuite	9	cran	FALSE
PWD	9	cran	FALSE
qha	9	cran	FALSE
qqr	9	cran	FALSE
qualypsoss	9	cran	FALSE
rAltmetric	9	cran	FALSE
ranlip	9	cran	FALSE
rcage	9	cran	FALSE
RcellData	9	cran	FALSE
rchess	9	cran	FALSE
RDSTK	9	cran	FALSE
refnr	9	cran	FALSE
regexTestR	9	cran	FALSE
remoter	9	cran	FALSE
ReorderCluster	9	cran	FALSE
RNRCS	9	cran	FALSE
royston	9	cran	FALSE
RPPairwiseDesign	9	cran	FALSE
rromeo	9	cran	FALSE
RSarules	9	cran	FALSE
rsbp	9	cran	FALSE
rties	9	cran	FALSE
ShapeRotator	9	cran	FALSE
SI	9	cran	FALSE
SIfEK	9	cran	FALSE
slga	9	cran	FALSE
smartR	9	cran	FALSE
snpStatsWriter	9	cran	FALSE
SNscan	9	cran	FALSE
srlTS	9	cran	FALSE
subsamp	9	cran	FALSE
surf	9	cran	FALSE
suRtex	9	cran	FALSE
surveyoutliers	9	cran	FALSE
sybilccFBA	9	cran	FALSE
TanB	9	cran	FALSE
timsr	9	cran	FALSE
translated	9	cran	FALSE
tribe	9	cran	FALSE
udapi	9	cran	FALSE
UNCLES	9	cran	FALSE
utilities	9	cran	FALSE
validateRS	9	cran	FALSE
VIF	9	cran	FALSE
voteSim	9	cran	FALSE
vows	9	cran	FALSE
wqs	9	cran	FALSE
xtal	9	cran	FALSE
xyz	9	cran	FALSE
yowie	9	cran	FALSE
ZIBseq	9	cran	FALSE
adhoc	8	cran	FALSE
Apollonius	8	cran	FALSE
AUCRF	8	cran	FALSE
b6e6rl	8	cran	FALSE
babar	8	cran	FALSE
BBMM	8	cran	FALSE
binnednp	8	cran	FALSE
BioFTF	8	cran	FALSE
bmk	8	cran	FALSE
BNDataGenerator	8	cran	FALSE
bratteli	8	cran	FALSE
breakage	8	cran	FALSE
BRugs	8	cran	FALSE
BSGS	8	cran	FALSE
centralplot	8	cran	FALSE
circglmbayes	8	cran	FALSE
CISE	8	cran	FALSE
climenv	8	cran	FALSE
colorfulVennPlot	8	cran	FALSE
CombMSC	8	cran	FALSE
CondReg	8	cran	FALSE
ConfoundedMeta	8	cran	FALSE
confoundr	8	cran	FALSE
countyfloods	8	cran	FALSE
countytimezones	8	cran	FALSE
cpca	8	cran	FALSE
cyphid	8	cran	FALSE
CytobankAPIstats	8	cran	FALSE
dashHtmlComponents	8	cran	FALSE
dashTable	8	cran	FALSE
dataversionr	8	cran	FALSE
DBTCShiny	8	cran	FALSE
dcmodifydb	8	cran	FALSE
demic	8	cran	FALSE
Density_T_HoldOut	8	cran	FALSE
DependencyReviewer	8	cran	FALSE
depth	8	cran	FALSE
dfexplore	8	cran	FALSE
dhReg	8	cran	FALSE
dialvalidator	8	cran	FALSE
dils	8	cran	FALSE
diskImageR	8	cran	FALSE
DominoDataCapture	8	cran	FALSE
dplRCon	8	cran	FALSE
drmdel	8	cran	FALSE
DunnettTests	8	cran	FALSE
DWBmodelUN	8	cran	FALSE
DynamicDistribution	8	cran	FALSE
errorizer	8	cran	FALSE
expose	8	cran	FALSE
extWeibQuant	8	cran	FALSE
ezglm	8	cran	FALSE
fdcov	8	cran	FALSE
feedeR	8	cran	FALSE
FField	8	cran	FALSE
fgac	8	cran	FALSE
FitARMA	8	cran	FALSE
fontHind	8	cran	FALSE
gamm4_test	8	cran	FALSE
genotypeR	8	cran	FALSE
GeoBoxplot	8	cran	FALSE
geomedb	8	cran	FALSE
gibbs_met	8	cran	FALSE
GlobalFit	8	cran	FALSE
glrt	8	cran	FALSE
GPoM_FDLyapu	8	cran	FALSE
gren	8	cran	FALSE
grouped	8	cran	FALSE
GxM	8	cran	FALSE
HAPim	8	cran	FALSE
hbm	8	cran	FALSE
HCV	8	cran	FALSE
heritEWAS	8	cran	FALSE
HIV_LifeTables	8	cran	FALSE
homeR	8	cran	FALSE
HPO_db	8	cran	FALSE
htree	8	cran	FALSE
IBDLabels	8	cran	FALSE
IC2	8	cran	FALSE
ICAFF	8	cran	FALSE
IGP	8	cran	FALSE
ineptR	8	cran	FALSE
infutil	8	cran	FALSE
invLT	8	cran	FALSE
iriR	8	cran	FALSE
ISBF	8	cran	FALSE
ivregEX	8	cran	FALSE
JAGStree	8	cran	FALSE
JointModel	8	cran	FALSE
JointNets	8	cran	FALSE
JumpTest	8	cran	FALSE
KappaV	8	cran	FALSE
kulife	8	cran	FALSE
LEAP	8	cran	FALSE
learnstats	8	cran	FALSE
leri	8	cran	FALSE
LICORS	8	cran	FALSE
LIHNPSD	8	cran	FALSE
lle	8	cran	FALSE
LRcontrast	8	cran	FALSE
LSC	8	cran	FALSE
lxb	8	cran	FALSE
MAFDash	8	cran	FALSE
MargCond	8	cran	FALSE
MAVTgsa	8	cran	FALSE
maxEff	8	cran	FALSE
mbbe	8	cran	FALSE
mcll	8	cran	FALSE
mdthemes	8	cran	FALSE
metaplotr	8	cran	FALSE
miscor	8	cran	FALSE
mlms	8	cran	FALSE
mmm2	8	cran	FALSE
MobileTrigger	8	cran	FALSE
modeltime_gluonts	8	cran	FALSE
molic	8	cran	FALSE
mrgdp	8	cran	FALSE
mtk	8	cran	FALSE
mumm	8	cran	FALSE
needy	8	cran	FALSE
NEff	8	cran	FALSE
netcox	8	cran	FALSE
NominalLogisticBiplot	8	cran	FALSE
notifyR	8	cran	FALSE
npst	8	cran	FALSE
OLScurve	8	cran	FALSE
omixVizR	8	cran	FALSE
OutlierDM	8	cran	FALSE
OutrankingTools	8	cran	FALSE
packagetrackr	8	cran	FALSE
parallelML	8	cran	FALSE
partitionMap	8	cran	FALSE
PatternClass	8	cran	FALSE
PCA4TS	8	cran	FALSE
pco	8	cran	FALSE
perccal	8	cran	FALSE
pGMGM	8	cran	FALSE
pirate	8	cran	FALSE
plsr	8	cran	FALSE
powerAnalysis	8	cran	FALSE
PPtreeregViz	8	cran	FALSE
presser	8	cran	FALSE
QQperm	8	cran	FALSE
qrage	8	cran	FALSE
Rambo	8	cran	FALSE
ratlas	8	cran	FALSE
rAvis	8	cran	FALSE
rbundler	8	cran	FALSE
rchie	8	cran	FALSE
rClinicalCodes	8	cran	FALSE
RcmdrPlugin_cpd	8	cran	FALSE
rcrypt	8	cran	FALSE
rDppDiversity	8	cran	FALSE
readmnist	8	cran	FALSE
ReturnCurves	8	cran	FALSE
rforensicbatwing	8	cran	FALSE
RGeckoboard	8	cran	FALSE
rgovcan	8	cran	FALSE
rHealthDataGov	8	cran	FALSE
RidgeFusion	8	cran	FALSE
riot	8	cran	FALSE
rknn	8	cran	FALSE
rllama	8	cran	FALSE
rmaf	8	cran	FALSE
robets	8	cran	FALSE
RODM	8	cran	FALSE
rportfolios	8	cran	FALSE
Rpvt	8	cran	FALSE
RSwissMaps	8	cran	FALSE
rtext	8	cran	FALSE
RVFam	8	cran	FALSE
safeBinaryRegression	8	cran	FALSE
Sample_Size	8	cran	FALSE
SBCK	8	cran	FALSE
scpm	8	cran	FALSE
scriptests	8	cran	FALSE
semdiag	8	cran	FALSE
sephora	8	cran	FALSE
seqRFLP	8	cran	FALSE
SII	8	cran	FALSE
smds	8	cran	FALSE
snp_plotter	8	cran	FALSE
SNPmaxsel	8	cran	FALSE
SNPMClust	8	cran	FALSE
somplot	8	cran	FALSE
spatialnbda	8	cran	FALSE
splitFeas	8	cran	FALSE
SportsAnalytics	8	cran	FALSE
STI	8	cran	FALSE
SubCultCon	8	cran	FALSE
superMDS	8	cran	FALSE
svmplus	8	cran	FALSE
symbolicQspray	8	cran	FALSE
tabulizerjars	8	cran	FALSE
thickmatch	8	cran	FALSE
TickExec	8	cran	FALSE
tidyindex	8	cran	FALSE
ToxicR	8	cran	FALSE
treemisc	8	cran	FALSE
tsc	8	cran	FALSE
valueSetCompare	8	cran	FALSE
VBJM	8	cran	FALSE
VIFCP	8	cran	FALSE
vortexR	8	cran	FALSE
vsd	8	cran	FALSE
Watersheds	8	cran	FALSE
wavefunction	8	cran	FALSE
webtools	8	cran	FALSE
WikipediaR	8	cran	FALSE
wildrwolf	8	cran	FALSE
worldriskpollr	8	cran	FALSE
WPC	8	cran	FALSE
ACSNMineR	7	cran	FALSE
AMOEBA	7	cran	FALSE
analogueExtra	7	cran	FALSE
badgecreatr	7	cran	FALSE
BayesGESM	7	cran	FALSE
BlockMessage	7	cran	FALSE
blockRAR	7	cran	FALSE
bnormnlr	7	cran	FALSE
BRBVS	7	cran	FALSE
ccboost	7	cran	FALSE
cdb	7	cran	FALSE
censNID	7	cran	FALSE
changedetection	7	cran	FALSE
chessR	7	cran	FALSE
chi2x3way	7	cran	FALSE
clustDRM	7	cran	FALSE
ColorPalette	7	cran	FALSE
compicc	7	cran	FALSE
CosW	7	cran	FALSE
CropDetectR	7	cran	FALSE
cuml	7	cran	FALSE
dbEmpLikeNorm	7	cran	FALSE
DeducerSpatial	7	cran	FALSE
deGradInfer	7	cran	FALSE
dicionariosIBGE	7	cran	FALSE
discgolf	7	cran	FALSE
disco	7	cran	FALSE
doMIsaul	7	cran	FALSE
DSviaDRM	7	cran	FALSE
DTSR	7	cran	FALSE
entcn	7	cran	FALSE
epidemia	7	cran	FALSE
exptest	7	cran	FALSE
fastCorrDiff	7	cran	FALSE
FastLZeroSpikeInference	7	cran	FALSE
fdistr	7	cran	FALSE
fgof	7	cran	FALSE
fixedpointproperty	7	cran	FALSE
ForImp	7	cran	FALSE
fpca	7	cran	FALSE
frmqa	7	cran	FALSE
GaDiFPT	7	cran	FALSE
GeneClusterNet	7	cran	FALSE
genomeplot	7	cran	FALSE
geofabrik	7	cran	FALSE
ggtaxplot	7	cran	FALSE
Grouphmap	7	cran	FALSE
groupRemMap	7	cran	FALSE
gtop	7	cran	FALSE
GuessCompx	7	cran	FALSE
HiLMM	7	cran	FALSE
HyPhy	7	cran	FALSE
iilasso	7	cran	FALSE
Imap	7	cran	FALSE
IMFData	7	cran	FALSE
ITRSelect	7	cran	FALSE
japanmesh	7	cran	FALSE
kcopula	7	cran	FALSE
knnIndep	7	cran	FALSE
lmec	7	cran	FALSE
logcondens_mode	7	cran	FALSE
ltsbase	7	cran	FALSE
MACP	7	cran	FALSE
mail	7	cran	FALSE
matchbook	7	cran	FALSE
mbclusterwise	7	cran	FALSE
Metatron	7	cran	FALSE
MF	7	cran	FALSE
mGSZ	7	cran	FALSE
MIPHENO	7	cran	FALSE
mpbart	7	cran	FALSE
MRMR	7	cran	FALSE
MTAFT	7	cran	FALSE
muma	7	cran	FALSE
MWRidge	7	cran	FALSE
namespace	7	cran	FALSE
nCDunnett	7	cran	FALSE
networkreporting	7	cran	FALSE
NonlinearRDD	7	cran	FALSE
NormalGamma	7	cran	FALSE
NPMLEmix	7	cran	FALSE
OHCSpackage	7	cran	FALSE
OutlierDC	7	cran	FALSE
ouxy	7	cran	FALSE
packS4	7	cran	FALSE
pathmapping	7	cran	FALSE
permGPU	7	cran	FALSE
personograph	7	cran	FALSE
pheble	7	cran	FALSE
plus	7	cran	FALSE
probemod	7	cran	FALSE
profiplots	7	cran	FALSE
prognosticROC	7	cran	FALSE
pts2polys	7	cran	FALSE
pvsR	7	cran	FALSE
qualCI	7	cran	FALSE
R2019nCoV	7	cran	FALSE
r2dRue	7	cran	FALSE
radix	7	cran	FALSE
RaProR	7	cran	FALSE
RCassandra	7	cran	FALSE
RcppDL	7	cran	FALSE
RDataCanvas	7	cran	FALSE
rescue	7	cran	FALSE
rfinance	7	cran	FALSE
Rga4gh	7	cran	FALSE
rGammaGamma	7	cran	FALSE
rgeoboundaries	7	cran	FALSE
rjazz	7	cran	FALSE
Rphylip	7	cran	FALSE
RPS	7	cran	FALSE
RSeed	7	cran	FALSE
RTextureMetrics	7	cran	FALSE
rtsVis	7	cran	FALSE
RWebLogo	7	cran	FALSE
scImmuneGraph	7	cran	FALSE
seqR	7	cran	FALSE
sigmaNet	7	cran	FALSE
Sky	7	cran	FALSE
slopes	7	cran	FALSE
smcryptoR	7	cran	FALSE
soobench	7	cran	FALSE
SpatialEpiApp	7	cran	FALSE
SPIn	7	cran	FALSE
SPQR	7	cran	FALSE
spsi	7	cran	FALSE
stanette	7	cran	FALSE
StVAR	7	cran	FALSE
SVMMatch	7	cran	FALSE
switchnpreg	7	cran	FALSE
TFX	7	cran	FALSE
threeboost	7	cran	FALSE
TOmicsVis	7	cran	FALSE
touchard	7	cran	FALSE
translation_ko	7	cran	FALSE
truthiness	7	cran	FALSE
UnalR	7	cran	FALSE
vbsr	7	cran	FALSE
VdgRsm	7	cran	FALSE
VNM	7	cran	FALSE
vvshiny	7	cran	FALSE
wkNNMI	7	cran	FALSE
xlutils3	7	cran	FALSE
yonder	7	cran	FALSE
abcADM	6	cran	FALSE
AdapEnetClass	6	cran	FALSE
adoption	6	cran	FALSE
akmeans	6	cran	FALSE
AMAP_Seq	6	cran	FALSE
AMGET	6	cran	FALSE
aml	6	cran	FALSE
animalTrack	6	cran	FALSE
astrolibR	6	cran	FALSE
atmcmc	6	cran	FALSE
autohd	6	cran	FALSE
batchr	6	cran	FALSE
BayesianAnimalTracker	6	cran	FALSE
BaySIC	6	cran	FALSE
bbo	6	cran	FALSE
biasbetareg	6	cran	FALSE
bimixt	6	cran	FALSE
binomialcftp	6	cran	FALSE
bisect	6	cran	FALSE
boottol	6	cran	FALSE
cgalMeshes	6	cran	FALSE
CityPlot	6	cran	FALSE
CNull	6	cran	FALSE
coexist	6	cran	FALSE
coloredICA	6	cran	FALSE
CommT	6	cran	FALSE
ComparisonCR	6	cran	FALSE
ConfZIC	6	cran	FALSE
cooptrees	6	cran	FALSE
CORM	6	cran	FALSE
CoxPhLb	6	cran	FALSE
crimelinkage	6	cran	FALSE
csSAM	6	cran	FALSE
CVTuningCov	6	cran	FALSE
cytoDiv	6	cran	FALSE
decompDL	6	cran	FALSE
DeducerPlugInScaling	6	cran	FALSE
delt	6	cran	FALSE
DESnowball	6	cran	FALSE
dialectR	6	cran	FALSE
dimensionalAnalysis	6	cran	FALSE
displayHTS	6	cran	FALSE
EasyHTMLReport	6	cran	FALSE
edbuildr	6	cran	FALSE
edrGraphicalTools	6	cran	FALSE
epiGWAS	6	cran	FALSE
EstSimPDMP	6	cran	FALSE
exactmeta	6	cran	FALSE
exsic	6	cran	FALSE
extfunnel	6	cran	FALSE
extractox	6	cran	FALSE
FactMixtAnalysis	6	cran	FALSE
faisalconjoint	6	cran	FALSE
FAMILY	6	cran	FALSE
fasi	6	cran	FALSE
fasteraster	6	cran	FALSE
fastHICA	6	cran	FALSE
fcd	6	cran	FALSE
FcircSEC	6	cran	FALSE
fExpressCertificates	6	cran	FALSE
FisHiCal	6	cran	FALSE
ForwardSearch	6	cran	FALSE
g2f	6	cran	FALSE
gameofthrones	6	cran	FALSE
geneSignatureFinder	6	cran	FALSE
GeodesiCL	6	cran	FALSE
GeoLight	6	cran	FALSE
getMet	6	cran	FALSE
ggconf	6	cran	FALSE
GibbsACOV	6	cran	FALSE
GlobalDeviance	6	cran	FALSE
gPdtest	6	cran	FALSE
gradDescent	6	cran	FALSE
gset	6	cran	FALSE
GWG	6	cran	FALSE
GWmodelVis	6	cran	FALSE
HadoopStreaming	6	cran	FALSE
HIest	6	cran	FALSE
highD2pop	6	cran	FALSE
hkex_api	6	cran	FALSE
hrIPW	6	cran	FALSE
iBART	6	cran	FALSE
iDynoR	6	cran	FALSE
IGG	6	cran	FALSE
ImHD	6	cran	FALSE
imputeMDR	6	cran	FALSE
insiderTrades	6	cran	FALSE
Interact	6	cran	FALSE
iopspackage	6	cran	FALSE
IsoCI	6	cran	FALSE
ivpack	6	cran	FALSE
jsr223	6	cran	FALSE
KANT	6	cran	FALSE
kerasR	6	cran	FALSE
lass0	6	cran	FALSE
lassoscore	6	cran	FALSE
lbiassurv	6	cran	FALSE
LDPD	6	cran	FALSE
limitplot	6	cran	FALSE
LindleyR	6	cran	FALSE
loop	6	cran	FALSE
LRTH	6	cran	FALSE
lsdv	6	cran	FALSE
machQA	6	cran	FALSE
matie	6	cran	FALSE
matR	6	cran	FALSE
MetaClean	6	cran	FALSE
MetaDBparse	6	cran	FALSE
MetaheuristicFPA	6	cran	FALSE
MethylCapSig	6	cran	FALSE
MHTcop	6	cran	FALSE
mixtNB	6	cran	FALSE
mlica2	6	cran	FALSE
morgenstemning	6	cran	FALSE
ncg	6	cran	FALSE
netShiny	6	cran	FALSE
nisrarr	6	cran	FALSE
NITPicker	6	cran	FALSE
NoiseFiltersR	6	cran	FALSE
npm	6	cran	FALSE
nsdr	6	cran	FALSE
occTest	6	cran	FALSE
oldbailey	6	cran	FALSE
omopr	6	cran	FALSE
onepass	6	cran	FALSE
opentraj	6	cran	FALSE
orderbook	6	cran	FALSE
outsider	6	cran	FALSE
p2distance	6	cran	FALSE
pacbpred	6	cran	FALSE
Pandora	6	cran	FALSE
parboost	6	cran	FALSE
pauwels2014	6	cran	FALSE
PedCNV	6	cran	FALSE
phenability	6	cran	FALSE
PIPS	6	cran	FALSE
PLStests	6	cran	FALSE
pm4py	6	cran	FALSE
pmpp	6	cran	FALSE
poker	6	cran	FALSE
popKorn	6	cran	FALSE
popRF	6	cran	FALSE
probFDA	6	cran	FALSE
prof_tree	6	cran	FALSE
PropensitySub	6	cran	FALSE
QBAsyDist	6	cran	FALSE
R2DGC	6	cran	FALSE
rangemap	6	cran	FALSE
RBestMatch	6	cran	FALSE
RcmdrPlugin_sampling	6	cran	FALSE
RcmdrPlugin_SLC	6	cran	FALSE
rcoreoa	6	cran	FALSE
RDIDQ	6	cran	FALSE
readthat	6	cran	FALSE
regpro	6	cran	FALSE
reweight	6	cran	FALSE
RFGLS	6	cran	FALSE
RGISTools	6	cran	FALSE
RGoogleAnalytics	6	cran	FALSE
rgrassdoc	6	cran	FALSE
rhli	6	cran	FALSE
Rip46	6	cran	FALSE
rNMF	6	cran	FALSE
RobRSVD	6	cran	FALSE
robustgam	6	cran	FALSE
rpubs	6	cran	FALSE
RSIP	6	cran	FALSE
RWBP	6	cran	FALSE
Rwinsteps	6	cran	FALSE
Rwordseg	6	cran	FALSE
sabarsi	6	cran	FALSE
saccades	6	cran	FALSE
sBF	6	cran	FALSE
SCAT	6	cran	FALSE
scatteR	6	cran	FALSE
siftr	6	cran	FALSE
SK	6	cran	FALSE
SLC	6	cran	FALSE
SocialNetworks	6	cran	FALSE
SOUP	6	cran	FALSE
spp	6	cran	FALSE
SQDA	6	cran	FALSE
sqlutils	6	cran	FALSE
ssd	6	cran	FALSE
stlcsb	6	cran	FALSE
subtype	6	cran	FALSE
supportInt	6	cran	FALSE
SyNet	6	cran	FALSE
TDD	6	cran	FALSE
tensorFun	6	cran	FALSE
TimeProjection	6	cran	FALSE
tipom	6	cran	FALSE
toRvik	6	cran	FALSE
TouRnament	6	cran	FALSE
TREXr	6	cran	FALSE
tsgui	6	cran	FALSE
TSmisc	6	cran	FALSE
TSsql	6	cran	FALSE
ttwa	6	cran	FALSE
vanddraabe	6	cran	FALSE
vdra	6	cran	FALSE
vertexenum	6	cran	FALSE
vrcp	6	cran	FALSE
vwr	6	cran	FALSE
weco	6	cran	FALSE
xbreed	6	cran	FALSE
xpose_nlmixr	6	cran	FALSE
xspliner	6	cran	FALSE
AdjBQR	5	cran	FALSE
aGE	5	cran	FALSE
agroclim	5	cran	FALSE
alignfigR	5	cran	FALSE
aof	5	cran	FALSE
APSIMBatch	5	cran	FALSE
artemis	5	cran	FALSE
ATmet	5	cran	FALSE
aurelius	5	cran	FALSE
baggedcv	5	cran	FALSE
barplot3d	5	cran	FALSE
bayesmodels	5	cran	FALSE
BayesNI	5	cran	FALSE
BayHaz	5	cran	FALSE
bcTSNE	5	cran	FALSE
BGSIMD	5	cran	FALSE
BiOFI	5	cran	FALSE
biokNN	5	cran	FALSE
BIOM_utils	5	cran	FALSE
Biopeak	5	cran	FALSE
bivquant	5	cran	FALSE
bpcs	5	cran	FALSE
BullsEyeR	5	cran	FALSE
capwire	5	cran	FALSE
CateSelection	5	cran	FALSE
catSplit	5	cran	FALSE
CBDA	5	cran	FALSE
cblasr	5	cran	FALSE
cernn	5	cran	FALSE
CityWaterBalance	5	cran	FALSE
clusterGenomics	5	cran	FALSE
cns	5	cran	FALSE
codadiags	5	cran	FALSE
CombinePValue	5	cran	FALSE
CompMix	5	cran	FALSE
confidenceSim	5	cran	FALSE
covreg	5	cran	FALSE
CreditMetrics	5	cran	FALSE
CSUV	5	cran	FALSE
cuadramelo	5	cran	FALSE
cuml4r	5	cran	FALSE
CVarE	5	cran	FALSE
CVcalibration	5	cran	FALSE
CytobankBridgeR	5	cran	FALSE
DeducerSurvival	5	cran	FALSE
designGG	5	cran	FALSE
diffdepprop	5	cran	FALSE
discreteMTP	5	cran	FALSE
dissUtils	5	cran	FALSE
DMQ	5	cran	FALSE
DoE_multi_response	5	cran	FALSE
DySeq	5	cran	FALSE
EBASS	5	cran	FALSE
ebSNP	5	cran	FALSE
eddi	5	cran	FALSE
EffectsRelBaseline	5	cran	FALSE
elasticIsing	5	cran	FALSE
ElevDistr	5	cran	FALSE
EMC	5	cran	FALSE
EntropyExplorer	5	cran	FALSE
envlpaster	5	cran	FALSE
episplineDensity	5	cran	FALSE
erratum	5	cran	FALSE
ESEA	5	cran	FALSE
EvoRAG	5	cran	FALSE
extdplyr	5	cran	FALSE
flatness	5	cran	FALSE
foodweb	5	cran	FALSE
frambgrowth	5	cran	FALSE
frost	5	cran	FALSE
FuzzyToolkitUoN	5	cran	FALSE
GABi	5	cran	FALSE
GaMaBioMD	5	cran	FALSE
GCAI_bias	5	cran	FALSE
geotech	5	cran	FALSE
GRANCore	5	cran	FALSE
gremes	5	cran	FALSE
GRPtests	5	cran	FALSE
GSNA	5	cran	FALSE
gtcorr	5	cran	FALSE
gwdegree	5	cran	FALSE
HarmonicRegression	5	cran	FALSE
HBglm	5	cran	FALSE
hedgedrf	5	cran	FALSE
hiPOD	5	cran	FALSE
Holidays	5	cran	FALSE
hydrorecipes	5	cran	FALSE
IAbin	5	cran	FALSE
ICBayes	5	cran	FALSE
identity	5	cran	FALSE
IndianTaxCalc	5	cran	FALSE
InfDim	5	cran	FALSE
InteractiveIGraph	5	cran	FALSE
IntLik	5	cran	FALSE
intsurvbin	5	cran	FALSE
ionflows	5	cran	FALSE
irtProb	5	cran	FALSE
jtrans	5	cran	FALSE
kernelPSI	5	cran	FALSE
KMDA	5	cran	FALSE
KOBT	5	cran	FALSE
labelrank	5	cran	FALSE
LiblineaR_ACF	5	cran	FALSE
linear_tools	5	cran	FALSE
linLIR	5	cran	FALSE
LobsterCatch	5	cran	FALSE
LocFDRPois	5	cran	FALSE
lotterybr	5	cran	FALSE
LTAR	5	cran	FALSE
marl	5	cran	FALSE
MaXact	5	cran	FALSE
maxTPR	5	cran	FALSE
MConjoint	5	cran	FALSE
mefdind	5	cran	FALSE
MeshesTools	5	cran	FALSE
Methplot	5	cran	FALSE
MG1StationaryProbability	5	cran	FALSE
mgpd	5	cran	FALSE
migrbc	5	cran	FALSE
MinkowskiSum	5	cran	FALSE
mipred	5	cran	FALSE
mixRasch	5	cran	FALSE
modiscloud	5	cran	FALSE
MODISSnow	5	cran	FALSE
MOrder	5	cran	FALSE
mpe	5	cran	FALSE
MPkn	5	cran	FALSE
MPR_genotyping	5	cran	FALSE
MsdeParEst	5	cran	FALSE
mudens	5	cran	FALSE
multifluo	5	cran	FALSE
noisysbmGGM	5	cran	FALSE
nontargetData	5	cran	FALSE
nowcastDFM	5	cran	FALSE
NSUM	5	cran	FALSE
optAUC	5	cran	FALSE
ORDER2PARENT	5	cran	FALSE
orQA	5	cran	FALSE
otvPlots	5	cran	FALSE
PAGI	5	cran	FALSE
parcoords	5	cran	FALSE
PathSelectMP	5	cran	FALSE
pbdRPC	5	cran	FALSE
prinsimp	5	cran	FALSE
psymonitor	5	cran	FALSE
PurBayes	5	cran	FALSE
QCAfalsePositive	5	cran	FALSE
quickerstats	5	cran	FALSE
radmixture	5	cran	FALSE
randaes	5	cran	FALSE
rareGE	5	cran	FALSE
RBitmoji	5	cran	FALSE
rcane	5	cran	FALSE
rcitoid	5	cran	FALSE
rcol	5	cran	FALSE
rdaemon	5	cran	FALSE
Rdca	5	cran	FALSE
rdetools	5	cran	FALSE
relaxo	5	cran	FALSE
Reliability	5	cran	FALSE
REREFACT	5	cran	FALSE
restrictedMVN	5	cran	FALSE
rFDSN	5	cran	FALSE
rForest	5	cran	FALSE
rms_gof	5	cran	FALSE
ROP	5	cran	FALSE
RoughSetKnowledgeReduction	5	cran	FALSE
rscimark	5	cran	FALSE
RSPS	5	cran	FALSE
S2sls	5	cran	FALSE
sail	5	cran	FALSE
scfetch	5	cran	FALSE
SCPME	5	cran	FALSE
severity	5	cran	FALSE
shinyypr	5	cran	FALSE
simfinR	5	cran	FALSE
skda	5	cran	FALSE
SLICER	5	cran	FALSE
SpatialBall	5	cran	FALSE
spftir	5	cran	FALSE
spiders	5	cran	FALSE
sprm	5	cran	FALSE
ssdGSA	5	cran	FALSE
sstModel	5	cran	FALSE
ssvd	5	cran	FALSE
StandardizeText	5	cran	FALSE
Stem	5	cran	FALSE
SunterSampling	5	cran	FALSE
surveyeditor	5	cran	FALSE
survMS	5	cran	FALSE
synfd	5	cran	FALSE
tangles	5	cran	FALSE
TauP_R	5	cran	FALSE
TCPMOR	5	cran	FALSE
temper	5	cran	FALSE
tempoR	5	cran	FALSE
themetagenomics	5	cran	FALSE
tidyMicro	5	cran	FALSE
tobit1	5	cran	FALSE
treeperm	5	cran	FALSE
trioGxE	5	cran	FALSE
ucbthesis	5	cran	FALSE
UScancer	5	cran	FALSE
vbdm	5	cran	FALSE
vetools	5	cran	FALSE
WCQ	5	cran	FALSE
webTRISr	5	cran	FALSE
WLinfer	5	cran	FALSE
wmlf	5	cran	FALSE
worms	5	cran	FALSE
yakmoR	5	cran	FALSE
yap	5	cran	FALSE
advclust	4	cran	FALSE
AnimalAPD	4	cran	FALSE
AnnotLists	4	cran	FALSE
aptg	4	cran	FALSE
ASSOCShiny	4	cran	FALSE
audiolyzR	4	cran	FALSE
automultinomial	4	cran	FALSE
BaHZING	4	cran	FALSE
batchLLM	4	cran	FALSE
BayesianHybridDesign	4	cran	FALSE
bcpmeta	4	cran	FALSE
BEAMR	4	cran	FALSE
bimetallic	4	cran	FALSE
binomialMix	4	cran	FALSE
bjscrapeR	4	cran	FALSE
boostr	4	cran	FALSE
bPeaks	4	cran	FALSE
bvenn	4	cran	FALSE
caliver	4	cran	FALSE
CARE1	4	cran	FALSE
cartools	4	cran	FALSE
cbird	4	cran	FALSE
CepLDA	4	cran	FALSE
cgalPolygons	4	cran	FALSE
cheatR	4	cran	FALSE
clinUtiDNA	4	cran	FALSE
CMC	4	cran	FALSE
colr	4	cran	FALSE
CommunityCorrelogram	4	cran	FALSE
compactr	4	cran	FALSE
concordancer	4	cran	FALSE
concrete	4	cran	FALSE
coreTDT	4	cran	FALSE
corTools	4	cran	FALSE
Covid19Wastewater	4	cran	FALSE
cpp11tesseract	4	cran	FALSE
crossReg	4	cran	FALSE
csabounds	4	cran	FALSE
cstar	4	cran	FALSE
cutoffR	4	cran	FALSE
cuttlefish_model	4	cran	FALSE
cycleTrendR	4	cran	FALSE
dash	4	cran	FALSE
dashboard	4	cran	FALSE
dcv	4	cran	FALSE
DengueRT	4	cran	FALSE
distribglm	4	cran	FALSE
dtree	4	cran	FALSE
edeR	4	cran	FALSE
EDFIR	4	cran	FALSE
eflm	4	cran	FALSE
eigeninv	4	cran	FALSE
eigenprcomp	4	cran	FALSE
epitopR	4	cran	FALSE
Eplot	4	cran	FALSE
eventr	4	cran	FALSE
EW	4	cran	FALSE
fakeR	4	cran	FALSE
fam2r	4	cran	FALSE
fastAdaboost	4	cran	FALSE
FCGR	4	cran	FALSE
FDRreg	4	cran	FALSE
ffmetadata	4	cran	FALSE
fipe	4	cran	FALSE
fishboot	4	cran	FALSE
flair	4	cran	FALSE
flowfield	4	cran	FALSE
fontMPlus	4	cran	FALSE
forestdynR	4	cran	FALSE
fugeR	4	cran	FALSE
garchmodels	4	cran	FALSE
gdalBindings	4	cran	FALSE
gdmp	4	cran	FALSE
geckor	4	cran	FALSE
genasis	4	cran	FALSE
geneListPie	4	cran	FALSE
genular	4	cran	FALSE
GeoDE	4	cran	FALSE
GESTr	4	cran	FALSE
getlandsat	4	cran	FALSE
GetR	4	cran	FALSE
gfmR	4	cran	FALSE
ggloop	4	cran	FALSE
ggpacman	4	cran	FALSE
ggROC	4	cran	FALSE
ghee	4	cran	FALSE
GOGANPA	4	cran	FALSE
goldi	4	cran	FALSE
googlePrintr	4	cran	FALSE
greyzoneSurv	4	cran	FALSE
gsdensity	4	cran	FALSE
gwerAM	4	cran	FALSE
hcc	4	cran	FALSE
healthforum	4	cran	FALSE
hillmakeR	4	cran	FALSE
hmlasso	4	cran	FALSE
HMMCont	4	cran	FALSE
HPbayes	4	cran	FALSE
hsicCCA	4	cran	FALSE
hsm	4	cran	FALSE
HW_pval	4	cran	FALSE
hydroApps	4	cran	FALSE
HYRISK	4	cran	FALSE
Iboot	4	cran	FALSE
icapca	4	cran	FALSE
ideq	4	cran	FALSE
igapfill	4	cran	FALSE
ilc	4	cran	FALSE
ImaginR	4	cran	FALSE
INCATome	4	cran	FALSE
IUPS	4	cran	FALSE
ivfixed	4	cran	FALSE
ivpanel	4	cran	FALSE
JirAgileR	4	cran	FALSE
jjAnno	4	cran	FALSE
kineticF	4	cran	FALSE
kmcudaR	4	cran	FALSE
LANDD	4	cran	FALSE
LARGB	4	cran	FALSE
LCox	4	cran	FALSE
linkim	4	cran	FALSE
LLIC	4	cran	FALSE
lpbrim	4	cran	FALSE
lpmodeler	4	cran	FALSE
LPTime	4	cran	FALSE
maboost	4	cran	FALSE
majesticR	4	cran	FALSE
MATTOOLS	4	cran	FALSE
MBCluster_Seq	4	cran	FALSE
MC2toPath	4	cran	FALSE
mcc	4	cran	FALSE
mcGlobaloptim	4	cran	FALSE
mcheatmaps	4	cran	FALSE
medmod	4	cran	FALSE
MeshesOperations	4	cran	FALSE
MFHD	4	cran	FALSE
MGRASTer	4	cran	FALSE
MHMM	4	cran	FALSE
MImix	4	cran	FALSE
Miney	4	cran	FALSE
minimist	4	cran	FALSE
MInt	4	cran	FALSE
minxent	4	cran	FALSE
mixEMM	4	cran	FALSE
modelfactory	4	cran	FALSE
modelROC	4	cran	FALSE
moezipfR	4	cran	FALSE
mopsocd	4	cran	FALSE
mozzie	4	cran	FALSE
mpcv	4	cran	FALSE
MPINet	4	cran	FALSE
mppa	4	cran	FALSE
mQTL	4	cran	FALSE
MRsurv	4	cran	FALSE
msaeOB	4	cran	FALSE
multdyn	4	cran	FALSE
multiband	4	cran	FALSE
MultiCNVDetect	4	cran	FALSE
multinbmod	4	cran	FALSE
mvcluster	4	cran	FALSE
mvrtn	4	cran	FALSE
Myrrixjars	4	cran	FALSE
mztwinreg	4	cran	FALSE
nFCA	4	cran	FALSE
nitrcbot	4	cran	FALSE
nlirms	4	cran	FALSE
normwhn_test	4	cran	FALSE
NPS	4	cran	FALSE
NRAHDLTP	4	cran	FALSE
nsapi	4	cran	FALSE
nsgp	4	cran	FALSE
OData	4	cran	FALSE
omd	4	cran	FALSE
OptInterim	4	cran	FALSE
optrees	4	cran	FALSE
ORCI	4	cran	FALSE
ORdensity	4	cran	FALSE
Paneldata	4	cran	FALSE
papayar	4	cran	FALSE
parviol	4	cran	FALSE
pcaBootPlot	4	cran	FALSE
pds3	4	cran	FALSE
peakPick	4	cran	FALSE
PEMM	4	cran	FALSE
penDvine	4	cran	FALSE
ph2rand	4	cran	FALSE
PharmPow	4	cran	FALSE
PhyInsight	4	cran	FALSE
phytotools	4	cran	FALSE
PKPDmodels	4	cran	FALSE
PlotRegionHighlighter	4	cran	FALSE
plRasch	4	cran	FALSE
pmcgd	4	cran	FALSE
PO_EN	4	cran	FALSE
pom	4	cran	FALSE
POPdemog	4	cran	FALSE
predmixcor	4	cran	FALSE
proteomicdesign	4	cran	FALSE
proteomics	4	cran	FALSE
PSIMEX	4	cran	FALSE
PsumtSim	4	cran	FALSE
qLearn	4	cran	FALSE
qmix	4	cran	FALSE
qoma_smuggler	4	cran	FALSE
QualInt	4	cran	FALSE
quantable	4	cran	FALSE
quokar	4	cran	FALSE
R330	4	cran	FALSE
r511	4	cran	FALSE
RAD	4	cran	FALSE
RAhrefs	4	cran	FALSE
RandomCoefficients	4	cran	FALSE
RAPIDR	4	cran	FALSE
rattle_data	4	cran	FALSE
RcmdrPlugin_plotByGroup	4	cran	FALSE
RcmdrPlugin_sutteForecastR	4	cran	FALSE
RDFTensor	4	cran	FALSE
Rdtq	4	cran	FALSE
RegClust	4	cran	FALSE
REST	4	cran	FALSE
resultant	4	cran	FALSE
retractcheck	4	cran	FALSE
RFCCA	4	cran	FALSE
rHpcc	4	cran	FALSE
RHT	4	cran	FALSE
ri	4	cran	FALSE
RIIM	4	cran	FALSE
rld	4	cran	FALSE
RNAstructureModuleMiner	4	cran	FALSE
rpicosat	4	cran	FALSE
rsurfer	4	cran	FALSE
RVideoPoker	4	cran	FALSE
rvTDT	4	cran	FALSE
ryouready	4	cran	FALSE
SCRIP	4	cran	FALSE
ScRNAIMM	4	cran	FALSE
scTEP	4	cran	FALSE
sdat	4	cran	FALSE
sdcTarget	4	cran	FALSE
SEchart	4	cran	FALSE
selfea	4	cran	FALSE
selfmade	4	cran	FALSE
SEMrushR	4	cran	FALSE
ShinyImage	4	cran	FALSE
snappier	4	cran	FALSE
snpar	4	cran	FALSE
somebm	4	cran	FALSE
sphereTessellation	4	cran	FALSE
spots	4	cran	FALSE
sprsmdl	4	cran	FALSE
sqlserverconnect	4	cran	FALSE
StatMeasures	4	cran	FALSE
sublime	4	cran	FALSE
SubpathwayGMir	4	cran	FALSE
SUE	4	cran	FALSE
supreme	4	cran	FALSE
surveynnet	4	cran	FALSE
swissMrP	4	cran	FALSE
symbols	4	cran	FALSE
synRNASeqNet	4	cran	FALSE
TDAmapper	4	cran	FALSE
TERAplusB	4	cran	FALSE
thsls	4	cran	FALSE
timeline	4	cran	FALSE
timetree	4	cran	FALSE
tlmec	4	cran	FALSE
toxtestD	4	cran	FALSE
translateR	4	cran	FALSE
trimTrees	4	cran	FALSE
tropicalSparse	4	cran	FALSE
trueskill	4	cran	FALSE
ts_extend	4	cran	FALSE
TSMining	4	cran	FALSE
Tsphere	4	cran	FALSE
TTmoment	4	cran	FALSE
turfR	4	cran	FALSE
TwoCop	4	cran	FALSE
uniftest	4	cran	FALSE
uniswappeR	4	cran	FALSE
UScensus2000cdp	4	cran	FALSE
UScensus2000tract	4	cran	FALSE
validatedb	4	cran	FALSE
weibull4	4	cran	FALSE
WilcoxCV	4	cran	FALSE
winRatioAnalysis	4	cran	FALSE
XPolaris	4	cran	FALSE
Yamm	4	cran	FALSE
ycinterextra	4	cran	FALSE
yummlyr	4	cran	FALSE
ZIBBSeqDiscovery	4	cran	FALSE
asVPC	3	cran	FALSE
avfintools	3	cran	FALSE
BAEssd	3	cran	FALSE
BaPreStoPro	3	cran	FALSE
bayespref	3	cran	FALSE
BiGGR	3	cran	TRUE
bisg	3	cran	FALSE
BivarP	3	cran	FALSE
blastar	3	cran	FALSE
blin	3	cran	FALSE
CARLIT	3	cran	FALSE
CCpop	3	cran	FALSE
CfEstimateQuantiles	3	cran	FALSE
CLSOCP	3	cran	FALSE
COUSCOus	3	cran	FALSE
covLCA	3	cran	FALSE
CRAC	3	cran	FALSE
crrp	3	cran	FALSE
csrplus	3	cran	FALSE
customsteps	3	cran	FALSE
datadigest	3	cran	FALSE
dcminfo	3	cran	FALSE
deamer	3	cran	FALSE
DEEPR	3	cran	FALSE
DistributionFitR	3	cran	FALSE
DivInsight	3	cran	FALSE
dmacs	3	cran	FALSE
documair	3	cran	FALSE
dotdot	3	cran	FALSE
dsld	3	cran	FALSE
dynatopmodel	3	cran	FALSE
dynia	3	cran	FALSE
ecdata	3	cran	FALSE
endogMNP	3	cran	FALSE
epi2me2r	3	cran	FALSE
epitopeR	3	cran	FALSE
exp2flux	3	cran	FALSE
extraBinomial	3	cran	FALSE
fdars	3	cran	FALSE
fellov	3	cran	FALSE
fitTetra	3	cran	FALSE
flower	3	cran	FALSE
fm_index	3	cran	FALSE
forensic	3	cran	FALSE
gencve	3	cran	FALSE
GeneBook	3	cran	FALSE
GenForImp	3	cran	FALSE
gethr	3	cran	FALSE
getpublist	3	cran	FALSE
ggbraid	3	cran	FALSE
ggguitar	3	cran	FALSE
globalGSA	3	cran	FALSE
gRapfa	3	cran	FALSE
GSAgm	3	cran	FALSE
happybiRthday	3	cran	FALSE
HARtools	3	cran	FALSE
hcp	3	cran	FALSE
HiCociety	3	cran	FALSE
hierband	3	cran	FALSE
HierPorfolios	3	cran	FALSE
hiertest	3	cran	FALSE
hypothesestest	3	cran	FALSE
idbg	3	cran	FALSE
inference	3	cran	FALSE
infra	3	cran	FALSE
intdag	3	cran	FALSE
interferenceCI	3	cran	FALSE
intsel	3	cran	FALSE
ipptoolbox	3	cran	FALSE
IRATER	3	cran	FALSE
iRF	3	cran	FALSE
isaeditor	3	cran	FALSE
iva	3	cran	FALSE
JASPAR	3	cran	FALSE
joineRmeta	3	cran	FALSE
jsontools	3	cran	FALSE
kmlShape	3	cran	FALSE
KMT	3	cran	FALSE
LDOD	3	cran	FALSE
LOGICOIL	3	cran	FALSE
LogrankA	3	cran	FALSE
lshorth	3	cran	FALSE
MALDIcellassay	3	cran	FALSE
maple	3	cran	FALSE
MaskJointDensity	3	cran	FALSE
MatManlyMix	3	cran	FALSE
maxadjAUC	3	cran	FALSE
MBI	3	cran	FALSE
MCTM	3	cran	FALSE
MedOr	3	cran	FALSE
meteogRam	3	cran	FALSE
Meth27QC	3	cran	FALSE
MetNorm	3	cran	FALSE
microclustr	3	cran	FALSE
MILC	3	cran	FALSE
miraculix	3	cran	FALSE
MiST	3	cran	FALSE
MLDAShiny	3	cran	FALSE
mlgt	3	cran	FALSE
mnmer	3	cran	FALSE
mousetrack	3	cran	FALSE
mptools	3	cran	FALSE
mut	3	cran	FALSE
mvprpb	3	cran	FALSE
Myrrix	3	cran	FALSE
NB	3	cran	FALSE
nlsrk	3	cran	FALSE
nnetpredint	3	cran	FALSE
ntwk	3	cran	FALSE
oncomodel	3	cran	FALSE
outqrf	3	cran	FALSE
paf	3	cran	FALSE
pairheatmap	3	cran	FALSE
PANDA	3	cran	FALSE
partialOR	3	cran	FALSE
pathlibr	3	cran	FALSE
plmm	3	cran	FALSE
podr	3	cran	FALSE
PopGenKit	3	cran	FALSE
praktikum	3	cran	FALSE
PriorCD	3	cran	FALSE
protoclass	3	cran	FALSE
PubBias	3	cran	FALSE
QPmin	3	cran	FALSE
quad	3	cran	FALSE
rccdates	3	cran	FALSE
rccmisc	3	cran	FALSE
RcppLbfgsBlaze	3	cran	FALSE
RelValAnalysis	3	cran	FALSE
reptiledbr	3	cran	FALSE
retrocombinator	3	cran	FALSE
Ridit	3	cran	FALSE
rijkspalette	3	cran	FALSE
RM2	3	cran	FALSE
RmixmodCombi	3	cran	FALSE
rModeling	3	cran	FALSE
Robocoap	3	cran	FALSE
rpcdsearch	3	cran	FALSE
rWBclimate	3	cran	FALSE
RYoudaoTranslate	3	cran	FALSE
salbm	3	cran	FALSE
SASPECT	3	cran	FALSE
SATS	3	cran	FALSE
SBRect	3	cran	FALSE
scenario	3	cran	FALSE
ScoreGGUM	3	cran	FALSE
SEAA	3	cran	FALSE
SEAsic	3	cran	FALSE
sequence	3	cran	FALSE
SETPath	3	cran	FALSE
shinyrecap	3	cran	FALSE
shutterstock	3	cran	FALSE
signmedian_test	3	cran	FALSE
smco	3	cran	FALSE
SMFI5	3	cran	FALSE
sobir	3	cran	FALSE
SoftRandomForest	3	cran	FALSE
SOLOMON	3	cran	FALSE
SolveRationalMatrixEquation	3	cran	FALSE
spanel	3	cran	FALSE
SPAr	3	cran	FALSE
sqp	3	cran	FALSE
SQUIRE	3	cran	FALSE
ssh_utils	3	cran	FALSE
stickr	3	cran	FALSE
survRatio	3	cran	FALSE
sutteForecastR	3	cran	FALSE
TargomoR	3	cran	FALSE
Thermistor	3	cran	FALSE
ti	3	cran	FALSE
tidylab	3	cran	FALSE
timesboot	3	cran	FALSE
tlsh	3	cran	FALSE
translate	3	cran	FALSE
tvd	3	cran	FALSE
ucsfindustrydocs	3	cran	FALSE
usethat	3	cran	FALSE
VarBundle	3	cran	FALSE
VariantScan	3	cran	FALSE
VARsignR	3	cran	FALSE
vascr	3	cran	FALSE
vmd	3	cran	FALSE
waccR	3	cran	FALSE
wBoot	3	cran	FALSE
WEE	3	cran	FALSE
WMDB	3	cran	FALSE
wordgraph	3	cran	FALSE
wordmatch	3	cran	FALSE
wvtool	3	cran	FALSE
ykmeans	3	cran	FALSE
zbank	3	cran	FALSE
zGPS_AO	3	cran	FALSE
ZipRadius	3	cran	FALSE
allhomes	2	cran	FALSE
AlphaVantageClient	2	cran	FALSE
AnDE	2	cran	FALSE
annotaR	2	cran	FALSE
apricom	2	cran	FALSE
BayesValidate	2	cran	FALSE
betafam	2	cran	FALSE
blockcpd	2	cran	FALSE
CDSeq	2	cran	FALSE
crantastic	2	cran	FALSE
datamap	2	cran	FALSE
DBIsqldf	2	cran	FALSE
deltar	2	cran	FALSE
DominoPredictionLogging	2	cran	FALSE
dpa	2	cran	FALSE
easySimData	2	cran	FALSE
efts	2	cran	FALSE
emma	2	cran	FALSE
ensemblQueryR	2	cran	FALSE
ExprNet	2	cran	FALSE
factorQR	2	cran	FALSE
factualR	2	cran	FALSE
fidap	2	cran	FALSE
FieldSim	2	cran	FALSE
FREG	2	cran	FALSE
fuzzyFDR	2	cran	FALSE
glacierSMBM	2	cran	FALSE
greta_censored	2	cran	FALSE
horserule	2	cran	FALSE
HybridMC	2	cran	FALSE
IMAGE	2	cran	FALSE
ISR3	2	cran	FALSE
kmscv	2	cran	FALSE
konya	2	cran	FALSE
LBC	2	cran	FALSE
lmem_qtler	2	cran	FALSE
LogitNet	2	cran	FALSE
lpjmlkit	2	cran	FALSE
mdir	2	cran	FALSE
MetaboLouise	2	cran	FALSE
mixOofA	2	cran	FALSE
MLPA	2	cran	FALSE
MLRShiny	2	cran	FALSE
MLRShiny2	2	cran	FALSE
mpa	2	cran	FALSE
mssqlR	2	cran	FALSE
noegletalR	2	cran	FALSE
nutrientr	2	cran	FALSE
obs_agree	2	cran	FALSE
OmicInt	2	cran	FALSE
ora	2	cran	FALSE
panelAR	2	cran	FALSE
pfocal	2	cran	FALSE
physx	2	cran	FALSE
Plasmode	2	cran	FALSE
ProgModule	2	cran	FALSE
PROTOLIDAR	2	cran	FALSE
randomsearch	2	cran	FALSE
RcmdrPlugin_FuzzyClust	2	cran	FALSE
rdddr	2	cran	FALSE
rDotNet	2	cran	FALSE
regcensus	2	cran	FALSE
RichR	2	cran	FALSE
ropenmeteo	2	cran	FALSE
Rpcop	2	cran	FALSE
samesies	2	cran	FALSE
SCIntRuler	2	cran	FALSE
SCORER2	2	cran	FALSE
seedwater	2	cran	FALSE
SEMModComp	2	cran	FALSE
sidra	2	cran	FALSE
Simpsons	2	cran	FALSE
SMC	2	cran	FALSE
smiles	2	cran	FALSE
static	2	cran	FALSE
SurfaceReconstruction	2	cran	FALSE
SurvivalPath	2	cran	FALSE
survxai	2	cran	FALSE
tarchives	2	cran	FALSE
TensorTools	2	cran	FALSE
TLBC	2	cran	FALSE
tosls	2	cran	FALSE
twfeivdecomp	2	cran	FALSE
uplift	2	cran	FALSE
usaidplot	2	cran	FALSE
valuer	2	cran	FALSE
VarSwapPrice	2	cran	FALSE
viopoints	2	cran	FALSE
viruslearner	2	cran	FALSE
vyos	2	cran	FALSE
wahc	2	cran	FALSE
wklsr	2	cran	FALSE
XHWE	2	cran	FALSE
xlsimple	2	cran	FALSE
BigTSP	1	cran	FALSE
cin	1	cran	FALSE
darts	1	cran	FALSE
DStree	1	cran	FALSE
EMTscore	1	cran	FALSE
facilitation	1	cran	FALSE
fisheyeR	1	cran	FALSE
fitdc	1	cran	FALSE
fpmoutliers	1	cran	FALSE
greta_gam	1	cran	FALSE
guf	1	cran	FALSE
imputePSF	1	cran	FALSE
IRSF	1	cran	FALSE
KernelICA	1	cran	FALSE
KnowGRRF	1	cran	FALSE
lisp	1	cran	FALSE
MAPLES	1	cran	FALSE
mcsm	1	cran	FALSE
met	1	cran	FALSE
modcmfitr	1	cran	FALSE
NPMVCP	1	cran	FALSE
PMA2	1	cran	FALSE
pragma	1	cran	FALSE
RadTran	1	cran	FALSE
RGS	1	cran	FALSE
RPCLR	1	cran	FALSE
SafeMapper	1	cran	FALSE
saps	1	cran	TRUE
scPipeline	1	cran	FALSE
Survgini	1	cran	FALSE
SurvGSD	1	cran	FALSE
thectar	1	cran	FALSE
uplifteval	1	cran	FALSE
usethis2	1	cran	FALSE
WES	1	cran	FALSE
wSVM	1	cran	FALSE
ABAData	0		FALSE
ABAEnrichment	0		TRUE
adductData	0		FALSE
adductomicsR	0		TRUE
adme16cod_db	0		FALSE
AffyCompatible	0		TRUE
affycompData	0		FALSE
affydata	0		FALSE
AffyExpress	0		TRUE
Affyhgu133A2Expr	0		FALSE
Affyhgu133aExpr	0		FALSE
Affyhgu133Plus2Expr	0		FALSE
AffymetrixDataTestFiles	0		FALSE
Affymoe4302Expr	0		FALSE
affyPara	0		TRUE
affyQCReport	0		TRUE
AffyTiling	0		TRUE
ag_db	0		FALSE
agcdf	0		FALSE
agprobe	0		FALSE
AHCytoBands	0		FALSE
AHEnsDbs	0		FALSE
AHLRBaseDbs	0		FALSE
AHMeSHDbs	0		FALSE
AHPathbankDbs	0		FALSE
AHPubMedDbs	0		FALSE
AHWikipathwaysDbs	0		FALSE
airway	0		FALSE
ALL	0		FALSE
ALLMLL	0		FALSE
AlphaMissense_v2023_hg19	0		FALSE
AlphaMissense_v2023_hg38	0		FALSE
alpineData	0		FALSE
alsace	0		TRUE
alternativeSplicingEvents_hg19	0		FALSE
alternativeSplicingEvents_hg38	0		FALSE
AmpAffyExample	0		FALSE
ampliQueso	0		TRUE
AneuFinder	0		TRUE
AneuFinderData	0		FALSE
anopheles_db0	0		FALSE
antiProfilesData	0		FALSE
arabidopsis_db0	0		FALSE
aracne_networks	0		FALSE
ArrayExpressHTS	0		TRUE
ArrayTools	0		TRUE
ARRmData	0		FALSE
AshkenazimSonChr21	0		FALSE
ASICSdata	0		FALSE
ASpediaFI	0		TRUE
AssessORFData	0		FALSE
ath1121501_db	0		FALSE
ath1121501cdf	0		FALSE
ath1121501frmavecs	0		FALSE
ath1121501probe	0		FALSE
AtlasRDF	0		TRUE
AWAggregatorData	0		FALSE
BAGS	0		TRUE
barcodetrackR	0		TRUE
barley1cdf	0		FALSE
barley1probe	0		FALSE
BatChef	0		TRUE
bcellViper	0		FALSE
beachmat_tiledb	0		TRUE
beadarrayExampleData	0		FALSE
BeadArrayUseCases	0		FALSE
BeadSorted_Saliva_EPIC	0		FALSE
benchmarkfdrData2019	0		FALSE
beta7	0		FALSE
betr	0		TRUE
BGmix	0		TRUE
bgx	0		TRUE
BiocInstaller	0		TRUE
biodbChebi	0		TRUE
biodbHmdb	0		TRUE
biodbNcbi	0		TRUE
biodbNci	0		TRUE
biodbUniprot	0		TRUE
BioImageDbs	0		FALSE
BioMartGOGeneSets	0		FALSE
BioPlex	0		FALSE
biotmle	0		TRUE
biotmleData	0		FALSE
BiRewire	0		TRUE
birta	0		TRUE
birte	0		TRUE
biscuiteerData	0		FALSE
BitSeq	0		TRUE
bladderbatch	0		FALSE
blimaTestingData	0		FALSE
BloodCancerMultiOmics2017	0		FALSE
bodymapRat	0		FALSE
bovine_db	0		FALSE
bovine_db0	0		FALSE
bovinecdf	0		FALSE
bovineprobe	0		FALSE
BPRMeth	0		TRUE
brainImageRdata	0		FALSE
breakpointRdata	0		FALSE
breastCancerMAINZ	0		FALSE
breastCancerNKI	0		FALSE
breastCancerTRANSBIG	0		FALSE
breastCancerUNT	0		FALSE
breastCancerUPP	0		FALSE
breastCancerVDX	0		FALSE
brgedata	0		FALSE
bridge	0		TRUE
bronchialIL13	0		FALSE
BrowserVizDemo	0		TRUE
BSgenome_Alyrata_JGI_v1	0		FALSE
BSgenome_Amellifera_BeeBase_assembly4	0		FALSE
BSgenome_Amellifera_NCBI_AmelHAv3_1	0		FALSE
BSgenome_Amellifera_UCSC_apiMel2	0		FALSE
BSgenome_Amellifera_UCSC_apiMel2_masked	0		FALSE
BSgenome_Aofficinalis_NCBI_V1	0		FALSE
BSgenome_Athaliana_TAIR_04232008	0		FALSE
BSgenome_Athaliana_TAIR_TAIR9	0		FALSE
BSgenome_Btaurus_UCSC_bosTau3	0		FALSE
BSgenome_Btaurus_UCSC_bosTau3_masked	0		FALSE
BSgenome_Btaurus_UCSC_bosTau4	0		FALSE
BSgenome_Btaurus_UCSC_bosTau4_masked	0		FALSE
BSgenome_Btaurus_UCSC_bosTau6	0		FALSE
BSgenome_Btaurus_UCSC_bosTau6_masked	0		FALSE
BSgenome_Btaurus_UCSC_bosTau8	0		FALSE
BSgenome_Btaurus_UCSC_bosTau9	0		FALSE
BSgenome_Btaurus_UCSC_bosTau9_masked	0		FALSE
BSgenome_Carietinum_NCBI_v1	0		FALSE
BSgenome_Celegans_UCSC_ce10	0		FALSE
BSgenome_Celegans_UCSC_ce11	0		FALSE
BSgenome_Celegans_UCSC_ce2	0		FALSE
BSgenome_Celegans_UCSC_ce6	0		FALSE
BSgenome_Cfamiliaris_UCSC_canFam2	0		FALSE
BSgenome_Cfamiliaris_UCSC_canFam2_masked	0		FALSE
BSgenome_Cfamiliaris_UCSC_canFam3	0		FALSE
BSgenome_Cfamiliaris_UCSC_canFam3_masked	0		FALSE
BSgenome_Cjacchus_UCSC_calJac3	0		FALSE
BSgenome_Cjacchus_UCSC_calJac4	0		FALSE
BSgenome_CneoformansVarGrubiiKN99_NCBI_ASM221672v1	0		FALSE
BSgenome_Creinhardtii_JGI_v5_6	0		FALSE
BSgenome_Dmelanogaster_UCSC_dm2	0		FALSE
BSgenome_Dmelanogaster_UCSC_dm2_masked	0		FALSE
BSgenome_Dmelanogaster_UCSC_dm3	0		FALSE
BSgenome_Dmelanogaster_UCSC_dm3_masked	0		FALSE
BSgenome_Dmelanogaster_UCSC_dm6	0		FALSE
BSgenome_Drerio_UCSC_danRer10	0		FALSE
BSgenome_Drerio_UCSC_danRer11	0		FALSE
BSgenome_Drerio_UCSC_danRer5	0		FALSE
BSgenome_Drerio_UCSC_danRer5_masked	0		FALSE
BSgenome_Drerio_UCSC_danRer6	0		FALSE
BSgenome_Drerio_UCSC_danRer6_masked	0		FALSE
BSgenome_Drerio_UCSC_danRer7	0		FALSE
BSgenome_Drerio_UCSC_danRer7_masked	0		FALSE
BSgenome_Dvirilis_Ensembl_dvircaf1	0		FALSE
BSgenome_Ecoli_NCBI_20080805	0		FALSE
BSgenome_Gaculeatus_UCSC_gasAcu1	0		FALSE
BSgenome_Gaculeatus_UCSC_gasAcu1_masked	0		FALSE
BSgenome_Ggallus_UCSC_galGal3	0		FALSE
BSgenome_Ggallus_UCSC_galGal3_masked	0		FALSE
BSgenome_Ggallus_UCSC_galGal4	0		FALSE
BSgenome_Ggallus_UCSC_galGal4_masked	0		FALSE
BSgenome_Ggallus_UCSC_galGal5	0		FALSE
BSgenome_Ggallus_UCSC_galGal6	0		FALSE
BSgenome_Gmax_NCBI_Gmv40	0		FALSE
BSgenome_Hsapiens_1000genomes_hs37d5	0		FALSE
BSgenome_Hsapiens_NCBI_GRCh38	0		FALSE
BSgenome_Hsapiens_NCBI_T2T_CHM13v2_0	0		FALSE
BSgenome_Hsapiens_UCSC_hg17	0		FALSE
BSgenome_Hsapiens_UCSC_hg17_masked	0		FALSE
BSgenome_Hsapiens_UCSC_hg18	0		FALSE
BSgenome_Hsapiens_UCSC_hg18_masked	0		FALSE
BSgenome_Hsapiens_UCSC_hg19	0		FALSE
BSgenome_Hsapiens_UCSC_hg19_masked	0		FALSE
BSgenome_Hsapiens_UCSC_hg38	0		FALSE
BSgenome_Hsapiens_UCSC_hg38_dbSNP151_major	0		FALSE
BSgenome_Hsapiens_UCSC_hg38_dbSNP151_minor	0		FALSE
BSgenome_Hsapiens_UCSC_hg38_masked	0		FALSE
BSgenome_Hsapiens_UCSC_hs1	0		FALSE
BSgenome_Mdomestica_UCSC_monDom5	0		FALSE
BSgenome_Mfascicularis_NCBI_5_0	0		FALSE
BSgenome_Mfascicularis_NCBI_6_0	0		FALSE
BSgenome_Mfuro_UCSC_musFur1	0		FALSE
BSgenome_Mmulatta_UCSC_rheMac10	0		FALSE
BSgenome_Mmulatta_UCSC_rheMac2	0		FALSE
BSgenome_Mmulatta_UCSC_rheMac2_masked	0		FALSE
BSgenome_Mmulatta_UCSC_rheMac3	0		FALSE
BSgenome_Mmulatta_UCSC_rheMac3_masked	0		FALSE
BSgenome_Mmulatta_UCSC_rheMac8	0		FALSE
BSgenome_Mmusculus_UCSC_mm10	0		FALSE
BSgenome_Mmusculus_UCSC_mm10_masked	0		FALSE
BSgenome_Mmusculus_UCSC_mm39	0		FALSE
BSgenome_Mmusculus_UCSC_mm8	0		FALSE
BSgenome_Mmusculus_UCSC_mm8_masked	0		FALSE
BSgenome_Mmusculus_UCSC_mm9	0		FALSE
BSgenome_Mmusculus_UCSC_mm9_masked	0		FALSE
BSgenome_Osativa_MSU_MSU7	0		FALSE
BSgenome_Ppaniscus_UCSC_panPan1	0		FALSE
BSgenome_Ppaniscus_UCSC_panPan2	0		FALSE
BSgenome_Ptroglodytes_UCSC_panTro2	0		FALSE
BSgenome_Ptroglodytes_UCSC_panTro2_masked	0		FALSE
BSgenome_Ptroglodytes_UCSC_panTro3	0		FALSE
BSgenome_Ptroglodytes_UCSC_panTro3_masked	0		FALSE
BSgenome_Ptroglodytes_UCSC_panTro5	0		FALSE
BSgenome_Ptroglodytes_UCSC_panTro6	0		FALSE
BSgenome_Rnorvegicus_UCSC_rn4	0		FALSE
BSgenome_Rnorvegicus_UCSC_rn4_masked	0		FALSE
BSgenome_Rnorvegicus_UCSC_rn5	0		FALSE
BSgenome_Rnorvegicus_UCSC_rn5_masked	0		FALSE
BSgenome_Rnorvegicus_UCSC_rn6	0		FALSE
BSgenome_Rnorvegicus_UCSC_rn7	0		FALSE
BSgenome_Scerevisiae_UCSC_sacCer1	0		FALSE
BSgenome_Scerevisiae_UCSC_sacCer2	0		FALSE
BSgenome_Scerevisiae_UCSC_sacCer3	0		FALSE
BSgenome_Sscrofa_UCSC_susScr11	0		FALSE
BSgenome_Sscrofa_UCSC_susScr3	0		FALSE
BSgenome_Sscrofa_UCSC_susScr3_masked	0		FALSE
BSgenome_Tgondii_ToxoDB_7_0	0		FALSE
BSgenome_Tguttata_UCSC_taeGut1	0		FALSE
BSgenome_Tguttata_UCSC_taeGut1_masked	0		FALSE
BSgenome_Tguttata_UCSC_taeGut2	0		FALSE
BSgenome_Vvinifera_URGI_IGGP12Xv0	0		FALSE
BSgenome_Vvinifera_URGI_IGGP12Xv2	0		FALSE
BSgenome_Vvinifera_URGI_IGGP8X	0		FALSE
bsseqData	0		FALSE
bsubtiliscdf	0		FALSE
bsubtilisprobe	0		FALSE
BubbleTree	0		TRUE
bugphyzz	0		FALSE
BulkSignalR	0		TRUE
cadd_v1_6_hg19	0		FALSE
cadd_v1_6_hg38	0		FALSE
cancerdata	0		FALSE
CancerInSilico	0		TRUE
CancerMutationAnalysis	0		TRUE
canine_db	0		FALSE
canine_db0	0		FALSE
canine2_db	0		FALSE
canine2cdf	0		FALSE
canine2probe	0		FALSE
caninecdf	0		FALSE
canineprobe	0		FALSE
CardinalWorkflows	0		FALSE
CBEA	0		TRUE
ccdata	0		FALSE
CCl4	0		FALSE
ccmap	0		TRUE
ccTutorial	0		FALSE
celarefData	0		FALSE
celegans_db	0		FALSE
celeganscdf	0		FALSE
celegansprobe	0		FALSE
celldex	0		FALSE
cellHTS2	0		TRUE
CellMapperData	0		FALSE
CellScore	0		TRUE
CENTREannotation	0		FALSE
CENTREprecomputed	0		FALSE
ceu1kg	0		FALSE
ceu1kgv	0		FALSE
ceuhm3	0		FALSE
cfToolsData	0		FALSE
cgdv17	0		FALSE
ChAMPdata	0		FALSE
charm	0		TRUE
charmData	0		FALSE
ChemmineDrugs	0		FALSE
cheung2010	0		FALSE
ChIC	0		TRUE
ChIC_data	0		FALSE
chicken_db	0		FALSE
chicken_db0	0		FALSE
chickencdf	0		FALSE
chickenprobe	0		FALSE
chimera	0		TRUE
chimp_db0	0		FALSE
ChimpHumanBrainData	0		FALSE
ChIPComp	0		TRUE
ChIPDBData	0		FALSE
chipenrich_data	0		FALSE
ChIPexoQualExample	0		FALSE
chipseqDBData	0		FALSE
ChIPXpressData	0		FALSE
chroGPS	0		TRUE
chromhmmData	0		FALSE
chromstaR	0		TRUE
chromstaRData	0		FALSE
CINdex	0		TRUE
cisPath	0		TRUE
citruscdf	0		FALSE
citrusprobe	0		FALSE
clariomdhumanprobeset_db	0		FALSE
clariomdhumantranscriptcluster_db	0		FALSE
clariomshumanhttranscriptcluster_db	0		FALSE
clariomshumantranscriptcluster_db	0		FALSE
clariomsmousehttranscriptcluster_db	0		FALSE
clariomsmousetranscriptcluster_db	0		FALSE
clariomsrathttranscriptcluster_db	0		FALSE
clariomsrattranscriptcluster_db	0		FALSE
CLL	0		FALSE
CLLmethylation	0		FALSE
CluMSIDdata	0		FALSE
clustifyrdatahub	0		FALSE
cMAP	0		FALSE
cMap2data	0		FALSE
cn_farms	0		TRUE
CNPBayes	0		TRUE
cnvGSAdata	0		FALSE
CNVtools	0		TRUE
cobindR	0		TRUE
COHCAP	0		TRUE
COHCAPanno	0		FALSE
colonCA	0		FALSE
coMET	0		TRUE
commons-math	0		FALSE
COMPASS	0		TRUE
CONFESS	0		TRUE
CONFESSdata	0		FALSE
ConnectivityMap	0		FALSE
consensusDE	0		TRUE
COPDSexualDimorphism_data	0		FALSE
CopyhelpeR	0		FALSE
CopyNeutralIMA	0		FALSE
copynumber	0		TRUE
CopyNumber450k	0		TRUE
CopyNumber450kData	0		FALSE
coRNAi	0		TRUE
CoSIAdata	0		FALSE
COSMIC_67	0		FALSE
cottoncdf	0		FALSE
cottonprobe	0		FALSE
CRCL18	0		FALSE
crisprScoreData	0		FALSE
CTCF	0		FALSE
CTexploreR	0		TRUE
cummeRbund	0		TRUE
curatedAdipoArray	0		FALSE
curatedAdipoChIP	0		FALSE
curatedAdipoRNA	0		FALSE
curatedBladderData	0		FALSE
curatedBreastData	0		FALSE
curatedCRCData	0		FALSE
curatedMetagenomicData	0		FALSE
curatedOvarianData	0		FALSE
curatedPCaData	0		FALSE
curatedTBData	0		FALSE
curatedTCGAData	0		FALSE
cycleRtools	0		FALSE
cyp450cdf	0		FALSE
CytoMethIC	0		FALSE
CytoTree	0		TRUE
DAPARdata	0		FALSE
dasper	0		TRUE
davidTiling	0		FALSE
DBChIP	0		TRUE
dce	0		TRUE
DChIPRep	0		TRUE
ddgraph	0		TRUE
debCAM	0		TRUE
DeconRNASeq	0		TRUE
DeepBlueR	0		TRUE
DEP	0		TRUE
depmap	0		FALSE
derfinderData	0		FALSE
DESeq	0		TRUE
DeSousa2013	0		FALSE
DExMAdata	0		FALSE
diffloopdata	0		FALSE
diggitdata	0		FALSE
Director	0		TRUE
DLBCL	0		FALSE
DmelSGI	0		FALSE
dmGsea	0		TRUE
DMRcatedata	0		FALSE
DMRsegaldata	0		FALSE
DNAZooData	0		FALSE
DO_db	0		FALSE
dominatRData	0		FALSE
DonaPLLP2013	0		FALSE
DOQTL	0		TRUE
DoReMiTra	0		FALSE
dorothea	0		FALSE
DREAM4	0		FALSE
dressCheck	0		FALSE
DropletTestFiles	0		FALSE
drosgenome1_db	0		FALSE
drosgenome1cdf	0		FALSE
drosgenome1probe	0		FALSE
drosophila2_db	0		FALSE
drosophila2cdf	0		FALSE
drosophila2probe	0		FALSE
DrugVsDiseasedata	0		FALSE
dsQTL	0		FALSE
DuoClustering2018	0		FALSE
DvDdata	0		FALSE
dyebiasexamples	0		FALSE
easierData	0		FALSE
EasyqpcR	0		TRUE
EatonEtAlChIPseq	0		FALSE
ecoli2_db	0		FALSE
ecoli2cdf	0		FALSE
ecoli2probe	0		FALSE
ecoliasv2cdf	0		FALSE
ecoliasv2probe	0		FALSE
ecolicdf	0		FALSE
ecoliK12_db0	0		FALSE
ecoliLeucine	0		FALSE
ecoliprobe	0		FALSE
ecoliSakai_db0	0		FALSE
EDDA	0		TRUE
EGSEAdata	0		FALSE
ELMER_data	0		FALSE
emtdata	0		FALSE
EMTscoreData	0		FALSE
ENCODExplorerData	0		FALSE
encoDnaseI	0		FALSE
EnMCB	0		TRUE
EnsDb_Hsapiens_v75	0		FALSE
EnsDb_Hsapiens_v79	0		FALSE
EnsDb_Hsapiens_v86	0		FALSE
EnsDb_Mmusculus_v75	0		FALSE
EnsDb_Mmusculus_v79	0		FALSE
EnsDb_Rnorvegicus_v75	0		FALSE
EnsDb_Rnorvegicus_v79	0		FALSE
eoPredData	0		FALSE
EPICv2manifest	0		FALSE
epihet	0		TRUE
EpiMix_data	0		FALSE
epimutacionsData	0		FALSE
EpipwR_data	0		FALSE
EpiTxDb_Hs_hg38	0		FALSE
EpiTxDb_Mm_mm10	0		FALSE
EpiTxDb_Sc_sacCer3	0		FALSE
erma	0		TRUE
estrogen	0		FALSE
etec16s	0		FALSE
EuPathDB	0		FALSE
ewceData	0		FALSE
excluderanges	0		FALSE
exomeCopy	0		TRUE
explorase	0		TRUE
faahKO	0		FALSE
fabiaData	0		FALSE
facopy	0		TRUE
facopy_annot	0		FALSE
facsDorit	0		FALSE
FANTOM3and4CAGE	0		FALSE
fAsianOptions	0		FALSE
FDb_FANTOM4_promoters_hg19	0		FALSE
FDb_InfiniumMethylation_hg18	0		FALSE
FDb_InfiniumMethylation_hg19	0		FALSE
FDb_UCSC_snp135common_hg19	0		FALSE
FDb_UCSC_snp137common_hg19	0		FALSE
FDb_UCSC_tRNAs	0		FALSE
FEM	0		TRUE
ffpeExampleData	0		FALSE
fibroEset	0		FALSE
FieldEffectCrc	0		FALSE
FindMyFriends	0		TRUE
FIs	0		FALSE
fission	0		FALSE
fitCons_UCSC_hg19	0		FALSE
Fletcher2013a	0		FALSE
Fletcher2013b	0		FALSE
flipflop	0		TRUE
flowCL	0		TRUE
flowFit	0		TRUE
flowFitExampleData	0		FALSE
flowPloidyData	0		FALSE
flowQ	0		TRUE
FlowSorted_Blood_450k	0		FALSE
FlowSorted_Blood_EPIC	0		FALSE
FlowSorted_CordBlood_450k	0		FALSE
FlowSorted_CordBloodCombined_450k	0		FALSE
FlowSorted_CordBloodNorway_450k	0		FALSE
FlowSorted_DLPFC_450k	0		FALSE
flowUtils	0		TRUE
flowWorkspaceData	0		FALSE
fly_db0	0		FALSE
focalCall	0		TRUE
fOptions	0		FALSE
FourCSeq	0		TRUE
fourDNData	0		FALSE
fraq	0		TRUE
frmaExampleData	0		FALSE
FunciSNP	0		TRUE
FunciSNP_data	0		FALSE
furrowSeg	0		FALSE
gageData	0		FALSE
gaggle	0		TRUE
gahgu133a_db	0		FALSE
gahgu133acdf	0		FALSE
gahgu133aprobe	0		FALSE
gahgu133b_db	0		FALSE
gahgu133bcdf	0		FALSE
gahgu133bprobe	0		FALSE
gahgu133plus2_db	0		FALSE
gahgu133plus2cdf	0		FALSE
gahgu133plus2probe	0		FALSE
gahgu95av2_db	0		FALSE
gahgu95av2cdf	0		FALSE
gahgu95av2probe	0		FALSE
gahgu95b_db	0		FALSE
gahgu95bcdf	0		FALSE
gahgu95bprobe	0		FALSE
gahgu95c_db	0		FALSE
gahgu95ccdf	0		FALSE
gahgu95cprobe	0		FALSE
gahgu95d_db	0		FALSE
gahgu95dcdf	0		FALSE
gahgu95dprobe	0		FALSE
gahgu95e_db	0		FALSE
gahgu95ecdf	0		FALSE
gahgu95eprobe	0		FALSE
GAPGOM	0		TRUE
gaschYHS	0		FALSE
gatingMLData	0		FALSE
gaucho	0		TRUE
gCMAP	0		TRUE
gCMAPWeb	0		TRUE
GCSConnection	0		TRUE
gcspikelite	0		FALSE
gDNAinRNAseqData	0		FALSE
gDRtestData	0		FALSE
geecc	0		TRUE
genbankr	0		TRUE
GeneGeneInteR	0		TRUE
geneLenDataBase	0		FALSE
geneplast_data	0		FALSE
geneplast_data_string_v91	0		FALSE
GeneSelector	0		TRUE
GeneSummary	0		FALSE
geneXtendeR	0		TRUE
genoCN	0		TRUE
genomationData	0		FALSE
GenomeGraphs	0		TRUE
GenomeInfoDbData	0		FALSE
genomewidesnp5Crlmm	0		FALSE
genomewidesnp6Crlmm	0		FALSE
GenomicDistributionsData	0		FALSE
GenomicState	0		FALSE
Genominator	0		TRUE
genoset	0		TRUE
GenoView	0		TRUE
GEOexplorer	0		TRUE
gep2pep	0		TRUE
gespeR	0		TRUE
GeuvadisTranscriptExpr	0		FALSE
geuvPack	0		FALSE
geuvStore	0		FALSE
GGBase	0		TRUE
GGdata	0		FALSE
GGHumanMethCancerPanelv1_db	0		FALSE
GGtools	0		TRUE
ggtut	0		FALSE
GIGSEAdata	0		FALSE
girafe	0		TRUE
GO_db	0		FALSE
GOfuncR	0		TRUE
golubEsets	0		FALSE
gp53cdf	0		FALSE
gpaExample	0		FALSE
gpart	0		TRUE
gprege	0		TRUE
gpuMagic	0		TRUE
gQTLBase	0		TRUE
gQTLstats	0		TRUE
granulator	0		TRUE
GraphPAC	0		TRUE
grasp2db	0		FALSE
greengenes13_5MgDb	0		FALSE
grndata	0		FALSE
GSBenchMark	0		FALSE
GSE103322	0		FALSE
GSE13015	0		FALSE
GSE159526	0		FALSE
GSE62944	0		FALSE
gskb	0		FALSE
GSVAdata	0		FALSE
gwascatData	0		FALSE
GWASdata	0		FALSE
h10kcod_db	0		FALSE
h20kcod_db	0		FALSE
h5vcData	0		FALSE
hapmap100khind	0		FALSE
hapmap100kxba	0		FALSE
hapmap370k	0		FALSE
hapmap500knsp	0		FALSE
hapmap500ksty	0		FALSE
hapmapsnp5	0		FALSE
hapmapsnp6	0		FALSE
harbChIP	0		FALSE
HarmanData	0		FALSE
HarmonizedTCGAData	0		FALSE
Harshlight	0		TRUE
hca	0		TRUE
HCAData	0		FALSE
HCATonsilData	0		FALSE
hcg110_db	0		FALSE
hcg110cdf	0		FALSE
hcg110probe	0		FALSE
HCsnip	0		TRUE
HD2013SGI	0		FALSE
HDCytoData	0		FALSE
HDO_db	0		FALSE
healthyControlsPresenceChecker	0		FALSE
healthyFlowData	0		FALSE
HEEBOdata	0		FALSE
HelloRangesData	0		FALSE
hgfocus_db	0		FALSE
hgfocuscdf	0		FALSE
hgfocusprobe	0		FALSE
hgu133a_db	0		FALSE
hgu133a2_db	0		FALSE
hgu133a2cdf	0		FALSE
hgu133a2frmavecs	0		FALSE
hgu133a2probe	0		FALSE
hgu133abarcodevecs	0		FALSE
hgu133acdf	0		FALSE
hgu133afrmavecs	0		FALSE
hgu133aprobe	0		FALSE
hgu133atagcdf	0		FALSE
hgu133atagprobe	0		FALSE
hgu133b_db	0		FALSE
hgu133bcdf	0		FALSE
hgu133bprobe	0		FALSE
hgu133plus2_db	0		FALSE
hgu133plus2barcodevecs	0		FALSE
hgu133plus2cdf	0		FALSE
hgu133plus2CellScore	0		FALSE
hgu133plus2frmavecs	0		FALSE
hgu133plus2probe	0		FALSE
hgu219_db	0		FALSE
hgu219cdf	0		FALSE
hgu219probe	0		FALSE
hgu2beta7	0		FALSE
hgu95a_db	0		FALSE
hgu95acdf	0		FALSE
hgu95aprobe	0		FALSE
hgu95av2	0		FALSE
hgu95av2_db	0		FALSE
hgu95av2cdf	0		FALSE
hgu95av2probe	0		FALSE
hgu95b_db	0		FALSE
hgu95bcdf	0		FALSE
hgu95bprobe	0		FALSE
hgu95c_db	0		FALSE
hgu95ccdf	0		FALSE
hgu95cprobe	0		FALSE
hgu95d_db	0		FALSE
hgu95dcdf	0		FALSE
hgu95dprobe	0		FALSE
hgu95e_db	0		FALSE
hgu95ecdf	0		FALSE
hgu95eprobe	0		FALSE
hguatlas13k_db	0		FALSE
hgubeta7_db	0		FALSE
hguDKFZ31_db	0		FALSE
hgug4100a_db	0		FALSE
hgug4101a_db	0		FALSE
hgug4110b_db	0		FALSE
hgug4111a_db	0		FALSE
hgug4112a_db	0		FALSE
hgug4845a_db	0		FALSE
hguqiagenv3_db	0		FALSE
hi16cod_db	0		FALSE
hiAnnotator	0		TRUE
HiBED	0		FALSE
HiCDataHumanIMR90	0		FALSE
HiCDataLymphoblast	0		FALSE
HiContactsData	0		FALSE
HighlyReplicatedRNASeq	0		FALSE
Hiiragi2013	0		FALSE
hiReadsProcessor	0		TRUE
HiSpaR	0		TRUE
HIVcDNAvantWout03	0		FALSE
hivprtplus2cdf	0		FALSE
HMP16SData	0		FALSE
HMP2Data	0		FALSE
hmyriB36	0		FALSE
hom_At_inp_db	0		FALSE
hom_Ce_inp_db	0		FALSE
hom_Dm_inp_db	0		FALSE
hom_Dr_inp_db	0		FALSE
hom_Hs_inp_db	0		FALSE
hom_Mm_inp_db	0		FALSE
hom_Rn_inp_db	0		FALSE
hom_Sc_inp_db	0		FALSE
Homo_sapiens	0		FALSE
homosapienDEE2CellScore	0		FALSE
hpAnnot	0		FALSE
hpar	0		TRUE
HRM_curve	0		FALSE
hs25kresogen_db	0		FALSE
Hs6UG171_db	0		FALSE
HsAgilentDesign026652_db	0		FALSE
HSMMSingleCell	0		FALSE
Hspec	0		FALSE
hspeccdf	0		FALSE
hta20probeset_db	0		FALSE
hta20stprobeset_db	0		FALSE
hta20sttranscriptcluster_db	0		FALSE
hta20transcriptcluster_db	0		FALSE
hthgu133a_db	0		FALSE
hthgu133acdf	0		FALSE
hthgu133afrmavecs	0		FALSE
hthgu133aprobe	0		FALSE
hthgu133b_db	0		FALSE
hthgu133bcdf	0		FALSE
hthgu133bprobe	0		FALSE
hthgu133plusa_db	0		FALSE
hthgu133plusb_db	0		FALSE
hthgu133pluspm_db	0		FALSE
hthgu133pluspmcdf	0		FALSE
hthgu133pluspmprobe	0		FALSE
htmg430a_db	0		FALSE
htmg430acdf	0		FALSE
htmg430aprobe	0		FALSE
htmg430b_db	0		FALSE
htmg430bcdf	0		FALSE
htmg430bprobe	0		FALSE
htmg430pm_db	0		FALSE
htmg430pmcdf	0		FALSE
htmg430pmprobe	0		FALSE
htrat230pm_db	0		FALSE
htrat230pmcdf	0		FALSE
htrat230pmprobe	0		FALSE
htratfocus_db	0		FALSE
htratfocuscdf	0		FALSE
htratfocusprobe	0		FALSE
HTSanalyzeR	0		TRUE
hu35ksuba_db	0		FALSE
hu35ksubacdf	0		FALSE
hu35ksubaprobe	0		FALSE
hu35ksubb_db	0		FALSE
hu35ksubbcdf	0		FALSE
hu35ksubbprobe	0		FALSE
hu35ksubc_db	0		FALSE
hu35ksubccdf	0		FALSE
hu35ksubcprobe	0		FALSE
hu35ksubd_db	0		FALSE
hu35ksubdcdf	0		FALSE
hu35ksubdprobe	0		FALSE
hu6800_db	0		FALSE
hu6800cdf	0		FALSE
hu6800probe	0		FALSE
hu6800subacdf	0		FALSE
hu6800subbcdf	0		FALSE
hu6800subccdf	0		FALSE
hu6800subdcdf	0		FALSE
huex_1_0_st_v2frmavecs	0		FALSE
huex10stprobeset_db	0		FALSE
huex10sttranscriptcluster_db	0		FALSE
HuExExonProbesetLocation	0		FALSE
HuExExonProbesetLocationHg18	0		FALSE
HuExExonProbesetLocationHg19	0		FALSE
hugene_1_0_st_v1frmavecs	0		FALSE
hugene10stprobeset_db	0		FALSE
hugene10sttranscriptcluster_db	0		FALSE
hugene10stv1cdf	0		FALSE
hugene10stv1probe	0		FALSE
hugene11stprobeset_db	0		FALSE
hugene11sttranscriptcluster_db	0		FALSE
hugene20stprobeset_db	0		FALSE
hugene20sttranscriptcluster_db	0		FALSE
hugene21stprobeset_db	0		FALSE
hugene21sttranscriptcluster_db	0		FALSE
human_db0	0		FALSE
human1mduov3bCrlmm	0		FALSE
human1mv1cCrlmm	0		FALSE
human370quadv3cCrlmm	0		FALSE
human370v1cCrlmm	0		FALSE
human550v3bCrlmm	0		FALSE
human610quadv1bCrlmm	0		FALSE
human650v3aCrlmm	0		FALSE
human660quadv1aCrlmm	0		FALSE
HumanAffyData	0		FALSE
humanCHRLOC	0		FALSE
humancytosnp12v2p1hCrlmm	0		FALSE
humanHippocampus2024	0		FALSE
humanomni1quadv1bCrlmm	0		FALSE
humanomni25quadv1bCrlmm	0		FALSE
humanomni5quadv1bCrlmm	0		FALSE
humanomniexpress12v1bCrlmm	0		FALSE
HumanRetinaLRSData	0		FALSE
humanStemCell	0		FALSE
HuO22_db	0		FALSE
hwgcod_db	0		FALSE
iBBiG	0		TRUE
IdMappingRetrieval	0		TRUE
igblastr	0		TRUE
IHWpaper	0		FALSE
Illumina450ProbeVariants_db	0		FALSE
IlluminaDataTestFiles	0		FALSE
IlluminaHumanMethylation27k_db	0		FALSE
IlluminaHumanMethylation27kanno_ilmn12_hg19	0		FALSE
IlluminaHumanMethylation27kmanifest	0		FALSE
IlluminaHumanMethylation450k_db	0		FALSE
IlluminaHumanMethylation450kanno_ilmn12_hg19	0		FALSE
IlluminaHumanMethylation450kmanifest	0		FALSE
IlluminaHumanMethylation450kprobe	0		FALSE
IlluminaHumanMethylationEPICanno_ilm10b2_hg19	0		FALSE
IlluminaHumanMethylationEPICanno_ilm10b3_hg19	0		FALSE
IlluminaHumanMethylationEPICanno_ilm10b4_hg19	0		FALSE
IlluminaHumanMethylationEPICmanifest	0		FALSE
IlluminaHumanMethylationEPICv2anno_20a1_hg38	0		FALSE
IlluminaHumanMethylationEPICv2manifest	0		FALSE
IlluminaHumanMethylationMSAanno_ilm10a1_hg38	0		FALSE
IlluminaHumanMethylationMSAmanifest	0		FALSE
illuminaHumanv1_db	0		FALSE
illuminaHumanv2_db	0		FALSE
illuminaHumanv2BeadID_db	0		FALSE
illuminaHumanv3_db	0		FALSE
illuminaHumanv4_db	0		FALSE
illuminaHumanWGDASLv3_db	0		FALSE
illuminaHumanWGDASLv4_db	0		FALSE
illuminaMousev1_db	0		FALSE
illuminaMousev1p1_db	0		FALSE
illuminaMousev2_db	0		FALSE
illuminaRatv1_db	0		FALSE
imageHTS	0		TRUE
IMAS	0		TRUE
imcdatasets	0		FALSE
Imetagene	0		TRUE
iModMixData	0		FALSE
ind1KG	0		FALSE
indac_db	0		FALSE
infinityFlow	0		TRUE
inSilicoMerging	0		TRUE
interactiveDisplay	0		TRUE
interactiveDisplayBase	0		TRUE
iontreeData	0		FALSE
IPPD	0		TRUE
irtplay	0		FALSE
IsoGeneGUI	0		TRUE
ITALICSData	0		FALSE
Iyer517	0		FALSE
JASPAR2014	0		FALSE
JASPAR2016	0		FALSE
JASPAR2018	0		FALSE
JASPAR2020	0		FALSE
JASPAR2022	0		FALSE
JASPAR2024	0		FALSE
JazaeriMetaData_db	0		FALSE
joda	0		TRUE
JohnsonKinaseData	0		FALSE
KEGG_db	0		FALSE
KEGGandMetacoreDzPathwaysGEO	0		FALSE
KEGGdzPathwaysGEO	0		FALSE
kidpack	0		FALSE
KOdata	0		FALSE
lapmix	0		TRUE
LAPOINTE_db	0		FALSE
leeBamViews	0		FALSE
LegATo	0		FALSE
leukemiasEset	0		FALSE
LiebermanAidenHiC2009	0		FALSE
linkSet	0		TRUE
LinTInd	0		TRUE
ListerEtAlBSseq	0		FALSE
LowMACA	0		TRUE
LowMACAAnnotation	0		FALSE
LRBase_Ath_eg_db	0		FALSE
LRBase_Bta_eg_db	0		FALSE
LRBase_Cel_eg_db	0		FALSE
LRBase_Dme_eg_db	0		FALSE
LRBase_Dre_eg_db	0		FALSE
LRBase_Gga_eg_db	0		FALSE
LRBase_Hsa_eg_db	0		FALSE
LRBase_Mmu_eg_db	0		FALSE
LRBase_Pab_eg_db	0		FALSE
LRBase_Rno_eg_db	0		FALSE
LRBase_Ssc_eg_db	0		FALSE
LRBase_Xtr_eg_db	0		FALSE
LRcellTypeMarkers	0		FALSE
lumiBarnes	0		FALSE
lumiHumanAll_db	0		FALSE
lumiHumanIDMapping	0		FALSE
lumiMouseAll_db	0		FALSE
lumiMouseIDMapping	0		FALSE
lumiRatAll_db	0		FALSE
lumiRatIDMapping	0		FALSE
LungCancerACvsSCCGEO	0		FALSE
LungCancerLines	0		FALSE
lungExpression	0		FALSE
lute	0		TRUE
LVSmiRNA	0		TRUE
lydata	0		FALSE
LymphoSeqDB	0		FALSE
m10kcod_db	0		FALSE
m20kcod_db	0		FALSE
M3DExampleData	0		FALSE
MACPET	0		TRUE
macrophage	0		FALSE
MACSdata	0		FALSE
MADSEQ	0		TRUE
MafDb_1Kgenomes_phase1_GRCh38	0		FALSE
MafDb_1Kgenomes_phase1_hs37d5	0		FALSE
MafDb_1Kgenomes_phase3_GRCh38	0		FALSE
MafDb_1Kgenomes_phase3_hs37d5	0		FALSE
MafDb_ALL_wgs_phase1_release_v3_20101123	0		FALSE
MafDb_ALL_wgs_phase3_release_v5a_20130502	0		FALSE
MafDb_ALL_wgs_phase3_release_v5b_20130502	0		FALSE
MafDb_ESP6500SI_V2_SSA137	0		FALSE
MafDb_ExAC_r0_3_sites	0		FALSE
MafDb_ExAC_r1_0_GRCh38	0		FALSE
MafDb_ExAC_r1_0_hs37d5	0		FALSE
MafDb_ExAC_r1_0_nonTCGA_GRCh38	0		FALSE
MafDb_ExAC_r1_0_nonTCGA_hs37d5	0		FALSE
MafDb_gnomAD_r2_1_GRCh38	0		FALSE
MafDb_gnomAD_r2_1_hs37d5	0		FALSE
MafDb_gnomAD_r3_0_GRCh38	0		FALSE
MafDb_gnomADex_r2_1_GRCh38	0		FALSE
MafDb_gnomADex_r2_1_hs37d5	0		FALSE
MafDb_TOPMed_freeze5_hg19	0		FALSE
MafDb_TOPMed_freeze5_hg38	0		FALSE
MafH5_gnomAD_r3_0_GRCh38	0		FALSE
MafH5_gnomAD_v3_1_1_GRCh38	0		FALSE
MafH5_gnomAD_v3_1_2_GRCh38	0		FALSE
MafH5_gnomAD_v4_0_GRCh38	0		FALSE
MAGeCKFlute	0		TRUE
maigesPack	0		TRUE
maizecdf	0		FALSE
maizeprobe	0		FALSE
malaria_db0	0		FALSE
mammaPrintData	0		FALSE
MAPFX	0		TRUE
mAPKL	0		TRUE
mAPKLData	0		FALSE
maqcExpression4plex	0		FALSE
MAQCsubset	0		FALSE
MAQCsubsetAFX	0		FALSE
MAQCsubsetILM	0		FALSE
marinerData	0		FALSE
mcaGUI	0		TRUE
mCSEAdata	0		FALSE
mcsurvdata	0		FALSE
MEALData	0		FALSE
medicagocdf	0		FALSE
medicagoprobe	0		FALSE
MEDIPSData	0		FALSE
MEEBOdata	0		FALSE
Melissa	0		TRUE
MerfishData	0		FALSE
MeSH_Aca_eg_db	0		FALSE
MeSH_Aga_PEST_eg_db	0		FALSE
MeSH_Ame_eg_db	0		FALSE
MeSH_Aml_eg_db	0		FALSE
MeSH_Ana_eg_db	0		FALSE
MeSH_Ani_FGSC_eg_db	0		FALSE
MeSH_AOR_db	0		FALSE
MeSH_Ath_eg_db	0		FALSE
MeSH_Bfl_eg_db	0		FALSE
MeSH_Bsu_168_eg_db	0		FALSE
MeSH_Bsu_TUB10_eg_db	0		FALSE
MeSH_Bta_eg_db	0		FALSE
MeSH_Cal_SC5314_eg_db	0		FALSE
MeSH_Cbr_eg_db	0		FALSE
MeSH_Cel_eg_db	0		FALSE
MeSH_Cfa_eg_db	0		FALSE
MeSH_Cin_eg_db	0		FALSE
MeSH_Cja_eg_db	0		FALSE
MeSH_Cpo_eg_db	0		FALSE
MeSH_Cre_eg_db	0		FALSE
MeSH_Dan_eg_db	0		FALSE
MeSH_db	0		FALSE
MeSH_Dda_3937_eg_db	0		FALSE
MeSH_Ddi_AX4_eg_db	0		FALSE
MeSH_Der_eg_db	0		FALSE
MeSH_Dgr_eg_db	0		FALSE
MeSH_Dme_eg_db	0		FALSE
MeSH_Dmo_eg_db	0		FALSE
MeSH_Dpe_eg_db	0		FALSE
MeSH_Dre_eg_db	0		FALSE
MeSH_Dse_eg_db	0		FALSE
MeSH_Dsi_eg_db	0		FALSE
MeSH_Dvi_eg_db	0		FALSE
MeSH_Dya_eg_db	0		FALSE
MeSH_Eca_eg_db	0		FALSE
MeSH_Eco_55989_eg_db	0		FALSE
MeSH_Eco_CFT073_eg_db	0		FALSE
MeSH_Eco_ED1a_eg_db	0		FALSE
MeSH_Eco_HS_eg_db	0		FALSE
MeSH_Eco_IAI1_eg_db	0		FALSE
MeSH_Eco_IAI39_eg_db	0		FALSE
MeSH_Eco_K12_DH10B_eg_db	0		FALSE
MeSH_Eco_K12_MG1655_eg_db	0		FALSE
MeSH_Eco_O127_H6_E2348_69_eg_db	0		FALSE
MeSH_Eco_O157_H7_EDL933_eg_db	0		FALSE
MeSH_Eco_O157_H7_Sakai_eg_db	0		FALSE
MeSH_Eco_S88_eg_db	0		FALSE
MeSH_Eco_UMN026_eg_db	0		FALSE
MeSH_Eqc_eg_db	0		FALSE
MeSH_Gga_eg_db	0		FALSE
MeSH_Gma_eg_db	0		FALSE
MeSH_Hsa_eg_db	0		FALSE
MeSH_Laf_eg_db	0		FALSE
MeSH_Lma_eg_db	0		FALSE
MeSH_Mdo_eg_db	0		FALSE
MeSH_Mes_eg_db	0		FALSE
MeSH_Mga_eg_db	0		FALSE
MeSH_Miy_eg_db	0		FALSE
MeSH_Mml_eg_db	0		FALSE
MeSH_Mmu_eg_db	0		FALSE
MeSH_Mtr_eg_db	0		FALSE
MeSH_Nle_eg_db	0		FALSE
MeSH_Oan_eg_db	0		FALSE
MeSH_Ocu_eg_db	0		FALSE
MeSH_Oni_eg_db	0		FALSE
MeSH_Osa_eg_db	0		FALSE
MeSH_Pab_eg_db	0		FALSE
MeSH_Pae_PAO1_eg_db	0		FALSE
MeSH_PCR_db	0		FALSE
MeSH_Pfa_3D7_eg_db	0		FALSE
MeSH_Pto_eg_db	0		FALSE
MeSH_Ptr_eg_db	0		FALSE
MeSH_Rno_eg_db	0		FALSE
MeSH_Sau_USA300TCH1516_eg_db	0		FALSE
MeSH_Sce_S288c_eg_db	0		FALSE
MeSH_Sco_A32_eg_db	0		FALSE
MeSH_Sil_eg_db	0		FALSE
MeSH_Spo_972h_eg_db	0		FALSE
MeSH_Spu_eg_db	0		FALSE
MeSH_Ssc_eg_db	0		FALSE
MeSH_Syn_eg_db	0		FALSE
MeSH_Tbr_9274_eg_db	0		FALSE
MeSH_Tgo_ME49_eg_db	0		FALSE
MeSH_Tgu_eg_db	0		FALSE
MeSH_Vvi_eg_db	0		FALSE
MeSH_Xla_eg_db	0		FALSE
MeSH_Xtr_eg_db	0		FALSE
MeSH_Zma_eg_db	0		FALSE
metaArray	0		TRUE
Metab	0		TRUE
metaboliteIDmapping	0		TRUE
metagene	0		TRUE
MetaGxBreast	0		FALSE
MetaGxOvarian	0		FALSE
MetaGxPancreas	0		FALSE
metaMSdata	0		FALSE
MetaNeighbor	0		TRUE
MetaScope	0		FALSE
metaseqR	0		TRUE
metaX	0		TRUE
methyAnalysis	0		TRUE
MethylAidData	0		FALSE
methylclockData	0		FALSE
MethylSeqData	0		FALSE
mfa	0		TRUE
mgu74a_db	0		FALSE
mgu74acdf	0		FALSE
mgu74aprobe	0		FALSE
mgu74av2_db	0		FALSE
mgu74av2cdf	0		FALSE
mgu74av2probe	0		FALSE
mgu74b_db	0		FALSE
mgu74bcdf	0		FALSE
mgu74bprobe	0		FALSE
mgu74bv2_db	0		FALSE
mgu74bv2cdf	0		FALSE
mgu74bv2probe	0		FALSE
mgu74c_db	0		FALSE
mgu74ccdf	0		FALSE
mgu74cprobe	0		FALSE
mgu74cv2_db	0		FALSE
mgu74cv2cdf	0		FALSE
mgu74cv2probe	0		FALSE
mguatlas5k_db	0		FALSE
mgug4104a_db	0		FALSE
mgug4120a_db	0		FALSE
mgug4121a_db	0		FALSE
mgug4122a_db	0		FALSE
mi16cod_db	0		FALSE
MicrobiomeBenchmarkData	0		FALSE
microbiomeDataSets	0		FALSE
microbiomeMarker	0		TRUE
MicrobiomeProfiler	0		TRUE
microRNAome	0		FALSE
MIGSAdata	0		FALSE
MIMOSA	0		TRUE
MineICA	0		TRUE
minfiData	0		FALSE
minfiDataEPIC	0		FALSE
minionSummaryData	0		FALSE
mirbase_db	0		FALSE
miRBaseVersions_db	0		FALSE
miRcompData	0		FALSE
mirna102xgaincdf	0		FALSE
mirna10cdf	0		FALSE
mirna10probe	0		FALSE
mirna20cdf	0		FALSE
miRNAtap_db	0		FALSE
miRNATarget	0		FALSE
mitoODE	0		TRUE
mitoODEdata	0		FALSE
mm24kresogen_db	0		FALSE
MmAgilentDesign026655_db	0		FALSE
MMAPPR2	0		TRUE
MMAPPR2data	0		FALSE
MMDiff	0		TRUE
MMDiffBamSubset	0		FALSE
mmnet	0		TRUE
MmPalateMiRNA	0		TRUE
moanin	0		TRUE
moe430a_db	0		FALSE
moe430acdf	0		FALSE
moe430aprobe	0		FALSE
moe430b_db	0		FALSE
moe430bcdf	0		FALSE
moe430bprobe	0		FALSE
moex10stprobeset_db	0		FALSE
moex10sttranscriptcluster_db	0		FALSE
MoExExonProbesetLocation	0		FALSE
MOFAdata	0		FALSE
mogene_1_0_st_v1frmavecs	0		FALSE
mogene10stprobeset_db	0		FALSE
mogene10sttranscriptcluster_db	0		FALSE
mogene10stv1cdf	0		FALSE
mogene10stv1probe	0		FALSE
mogene11stprobeset_db	0		FALSE
mogene11sttranscriptcluster_db	0		FALSE
mogene20stprobeset_db	0		FALSE
mogene20sttranscriptcluster_db	0		FALSE
mogene21stprobeset_db	0		FALSE
mogene21sttranscriptcluster_db	0		FALSE
Moonlight2R	0		TRUE
MoonlightR	0		TRUE
mosaicsExample	0		FALSE
mosbi	0		TRUE
motifbreakR	0		TRUE
MotIV	0		TRUE
mouse_db0	0		FALSE
mouse4302_db	0		FALSE
mouse4302barcodevecs	0		FALSE
mouse4302cdf	0		FALSE
mouse4302frmavecs	0		FALSE
mouse4302probe	0		FALSE
mouse430a2_db	0		FALSE
mouse430a2cdf	0		FALSE
mouse430a2frmavecs	0		FALSE
mouse430a2probe	0		FALSE
MouseAgingData	0		FALSE
mouseCHRLOC	0		FALSE
MouseGastrulationData	0		FALSE
MouseThymusAgeing	0		FALSE
mpedbarray_db	0		FALSE
MPO_db	0		FALSE
mQTL_NMR	0		TRUE
MSBdata	0		FALSE
msd16s	0		FALSE
msdata	0		FALSE
MSGFgui	0		TRUE
MSGFplus	0		TRUE
msigdb	0		FALSE
MSMB	0		FALSE
msPurityData	0		FALSE
msqc1	0		FALSE
MSstatsBioData	0		FALSE
MSstatsTMTPTM	0		TRUE
mta10probeset_db	0		FALSE
mta10stprobeset_db	0		FALSE
mta10sttranscriptcluster_db	0		FALSE
mta10transcriptcluster_db	0		FALSE
mtbls2	0		FALSE
mu11ksuba_db	0		FALSE
mu11ksubacdf	0		FALSE
mu11ksubaprobe	0		FALSE
mu11ksubb_db	0		FALSE
mu11ksubbcdf	0		FALSE
mu11ksubbprobe	0		FALSE
Mu15v1_db	0		FALSE
mu19ksuba_db	0		FALSE
mu19ksubacdf	0		FALSE
mu19ksubb_db	0		FALSE
mu19ksubbcdf	0		FALSE
mu19ksubc_db	0		FALSE
mu19ksubccdf	0		FALSE
Mu22v3_db	0		FALSE
mu6500subacdf	0		FALSE
mu6500subbcdf	0		FALSE
mu6500subccdf	0		FALSE
mu6500subdcdf	0		FALSE
MUGAExampleData	0		FALSE
Mulder2012	0		FALSE
muleaData	0		FALSE
multiGSEA	0		TRUE
multiSight	0		TRUE
multiWGCNAdata	0		FALSE
Mus_musculus	0		FALSE
muscData	0		FALSE
muSpaData	0		FALSE
MutSeqRData	0		FALSE
mvoutData	0		FALSE
mwgcod_db	0		FALSE
NanoporeRNASeq	0		FALSE
NanoStringQCPro	0		TRUE
nanotatoR	0		TRUE
nanotubes	0		FALSE
NBSplice	0		TRUE
NCIgraphData	0		FALSE
nearBynding	0		TRUE
nem	0		TRUE
NestLink	0		FALSE
NetActivityData	0		FALSE
netbenchmark	0		TRUE
netboost	0		TRUE
netOmics	0		TRUE
networkBMA	0		TRUE
netZooR	0		TRUE
Neve2006	0		FALSE
NewWave	0		TRUE
NGScopy	0		TRUE
NGScopyData	0		FALSE
nmrdata	0		FALSE
Norway981_db	0		FALSE
nugohs1a520180_db	0		FALSE
nugohs1a520180cdf	0		FALSE
nugohs1a520180probe	0		FALSE
nugomm1a520177_db	0		FALSE
nugomm1a520177cdf	0		FALSE
nugomm1a520177probe	0		FALSE
nullrangesData	0		FALSE
NxtIRFcore	0		TRUE
NxtIRFdata	0		FALSE
ObMiTi	0		FALSE
oct4	0		FALSE
octad_db	0		FALSE
ODER	0		TRUE
OGSA	0		TRUE
oligoData	0		FALSE
OmicsLonDA	0		TRUE
OmicsMarkeR	0		TRUE
OMICsPCAdata	0		FALSE
OnassisJavaLibs	0		FALSE
oneChannelGUI	0		TRUE
ontoProcData	0		FALSE
opentimsr	0		FALSE
OperonHumanV3_db	0		FALSE
oppti	0		TRUE
optimalFlowData	0		FALSE
org_Ag_eg_db	0		FALSE
org_At_tair_db	0		FALSE
org_Bt_eg_db	0		FALSE
org_Ce_eg_db	0		FALSE
org_Cf_eg_db	0		FALSE
org_Dm_eg_db	0		FALSE
org_Dr_eg_db	0		FALSE
org_EcK12_eg_db	0		FALSE
org_EcSakai_eg_db	0		FALSE
org_Gg_eg_db	0		FALSE
org_Hbacteriophora_eg_db	0		FALSE
org_Hs_eg_db	0		FALSE
org_Hs_ipi_db	0		FALSE
org_Mm_eg_db	0		FALSE
org_Mmu_eg_db	0		FALSE
org_Mxanthus_db	0		FALSE
org_Pf_plasmo_db	0		FALSE
org_Pt_eg_db	0		FALSE
org_Rn_eg_db	0		FALSE
org_Sc_sgd_db	0		FALSE
org_Sco_eg_db	0		FALSE
org_Ss_eg_db	0		FALSE
org_Tgondii_eg_db	0		FALSE
org_Xl_eg_db	0		FALSE
Organism_dplyr	0		TRUE
Orthology_eg_db	0		FALSE
orthosData	0		FALSE
paeg1acdf	0		FALSE
paeg1aprobe	0		FALSE
PANTHER_db	0		FALSE
PanVizGenerator	0		TRUE
parathyroidSE	0		FALSE
pareg	0		TRUE
PartheenMetaData_db	0		FALSE
pasilla	0		FALSE
pasillaBamSubset	0		FALSE
PasillaTranscriptExpr	0		FALSE
PathNetData	0		FALSE
Pbase	0		TRUE
pcaGoPromoter_Hs_hg19	0		FALSE
pcaGoPromoter_Mm_mm9	0		FALSE
pcaGoPromoter_Rn_rn4	0		FALSE
PCHiCdata	0		FALSE
PCpheno	0		TRUE
pcxnData	0		FALSE
pd_081229_hg18_promoter_medip_hx1	0		FALSE
pd_2006_07_18_hg18_refseq_promoter	0		FALSE
pd_2006_07_18_mm8_refseq_promoter	0		FALSE
pd_2006_10_31_rn34_refseq_promoter	0		FALSE
pd_ag	0		FALSE
pd_aragene_1_0_st	0		FALSE
pd_aragene_1_1_st	0		FALSE
pd_atdschip_tiling	0		FALSE
pd_ath1_121501	0		FALSE
pd_barley1	0		FALSE
pd_bovgene_1_0_st	0		FALSE
pd_bovgene_1_1_st	0		FALSE
pd_bovine	0		FALSE
pd_bsubtilis	0		FALSE
pd_cangene_1_0_st	0		FALSE
pd_cangene_1_1_st	0		FALSE
pd_canine	0		FALSE
pd_canine_2	0		FALSE
pd_celegans	0		FALSE
pd_charm_hg18_example	0		FALSE
pd_chicken	0		FALSE
pd_chigene_1_0_st	0		FALSE
pd_chigene_1_1_st	0		FALSE
pd_chogene_2_0_st	0		FALSE
pd_chogene_2_1_st	0		FALSE
pd_citrus	0		FALSE
pd_clariom_d_human	0		FALSE
pd_clariom_s_human	0		FALSE
pd_clariom_s_human_ht	0		FALSE
pd_clariom_s_mouse	0		FALSE
pd_clariom_s_mouse_ht	0		FALSE
pd_clariom_s_rat	0		FALSE
pd_clariom_s_rat_ht	0		FALSE
pd_cotton	0		FALSE
pd_cyngene_1_0_st	0		FALSE
pd_cyngene_1_1_st	0		FALSE
pd_cyrgene_1_0_st	0		FALSE
pd_cyrgene_1_1_st	0		FALSE
pd_cytogenetics_array	0		FALSE
pd_drogene_1_0_st	0		FALSE
pd_drogene_1_1_st	0		FALSE
pd_drosgenome1	0		FALSE
pd_drosophila_2	0		FALSE
pd_e_coli_2	0		FALSE
pd_ecoli	0		FALSE
pd_ecoli_asv2	0		FALSE
pd_elegene_1_0_st	0		FALSE
pd_elegene_1_1_st	0		FALSE
pd_equgene_1_0_st	0		FALSE
pd_equgene_1_1_st	0		FALSE
pd_feinberg_hg18_me_hx1	0		FALSE
pd_feinberg_mm8_me_hx1	0		FALSE
pd_felgene_1_0_st	0		FALSE
pd_felgene_1_1_st	0		FALSE
pd_fingene_1_0_st	0		FALSE
pd_fingene_1_1_st	0		FALSE
pd_genomewidesnp_5	0		FALSE
pd_genomewidesnp_6	0		FALSE
pd_guigene_1_0_st	0		FALSE
pd_guigene_1_1_st	0		FALSE
pd_hc_g110	0		FALSE
pd_hg_focus	0		FALSE
pd_hg_u133_plus_2	0		FALSE
pd_hg_u133a	0		FALSE
pd_hg_u133a_2	0		FALSE
pd_hg_u133a_tag	0		FALSE
pd_hg_u133b	0		FALSE
pd_hg_u219	0		FALSE
pd_hg_u95a	0		FALSE
pd_hg_u95av2	0		FALSE
pd_hg_u95b	0		FALSE
pd_hg_u95c	0		FALSE
pd_hg_u95d	0		FALSE
pd_hg_u95e	0		FALSE
pd_hg18_60mer_expr	0		FALSE
pd_ht_hg_u133_plus_pm	0		FALSE
pd_ht_hg_u133a	0		FALSE
pd_ht_mg_430a	0		FALSE
pd_hta_2_0	0		FALSE
pd_hu6800	0		FALSE
pd_huex_1_0_st_v2	0		FALSE
pd_hugene_1_0_st_v1	0		FALSE
pd_hugene_1_1_st_v1	0		FALSE
pd_hugene_2_0_st	0		FALSE
pd_hugene_2_1_st	0		FALSE
pd_maize	0		FALSE
pd_mapping250k_nsp	0		FALSE
pd_mapping250k_sty	0		FALSE
pd_mapping50k_hind240	0		FALSE
pd_mapping50k_xba240	0		FALSE
pd_margene_1_0_st	0		FALSE
pd_margene_1_1_st	0		FALSE
pd_medgene_1_0_st	0		FALSE
pd_medgene_1_1_st	0		FALSE
pd_medicago	0		FALSE
pd_mg_u74a	0		FALSE
pd_mg_u74av2	0		FALSE
pd_mg_u74b	0		FALSE
pd_mg_u74bv2	0		FALSE
pd_mg_u74c	0		FALSE
pd_mg_u74cv2	0		FALSE
pd_mirna_1_0	0		FALSE
pd_mirna_2_0	0		FALSE
pd_mirna_3_0	0		FALSE
pd_mirna_3_1	0		FALSE
pd_mirna_4_0	0		FALSE
pd_moe430a	0		FALSE
pd_moe430b	0		FALSE
pd_moex_1_0_st_v1	0		FALSE
pd_mogene_1_0_st_v1	0		FALSE
pd_mogene_1_1_st_v1	0		FALSE
pd_mogene_2_0_st	0		FALSE
pd_mogene_2_1_st	0		FALSE
pd_mouse430_2	0		FALSE
pd_mouse430a_2	0		FALSE
pd_mta_1_0	0		FALSE
pd_mu11ksuba	0		FALSE
pd_mu11ksubb	0		FALSE
pd_nugo_hs1a520180	0		FALSE
pd_nugo_mm1a520177	0		FALSE
pd_ovigene_1_0_st	0		FALSE
pd_ovigene_1_1_st	0		FALSE
pd_pae_g1a	0		FALSE
pd_plasmodium_anopheles	0		FALSE
pd_poplar	0		FALSE
pd_porcine	0		FALSE
pd_porgene_1_0_st	0		FALSE
pd_porgene_1_1_st	0		FALSE
pd_rabgene_1_0_st	0		FALSE
pd_rabgene_1_1_st	0		FALSE
pd_rae230a	0		FALSE
pd_rae230b	0		FALSE
pd_raex_1_0_st_v1	0		FALSE
pd_ragene_1_0_st_v1	0		FALSE
pd_ragene_1_1_st_v1	0		FALSE
pd_ragene_2_0_st	0		FALSE
pd_ragene_2_1_st	0		FALSE
pd_rat230_2	0		FALSE
pd_rcngene_1_0_st	0		FALSE
pd_rcngene_1_1_st	0		FALSE
pd_rg_u34a	0		FALSE
pd_rg_u34b	0		FALSE
pd_rg_u34c	0		FALSE
pd_rhegene_1_0_st	0		FALSE
pd_rhegene_1_1_st	0		FALSE
pd_rhesus	0		FALSE
pd_rice	0		FALSE
pd_rjpgene_1_0_st	0		FALSE
pd_rjpgene_1_1_st	0		FALSE
pd_rn_u34	0		FALSE
pd_rta_1_0	0		FALSE
pd_rusgene_1_0_st	0		FALSE
pd_rusgene_1_1_st	0		FALSE
pd_s_aureus	0		FALSE
pd_soybean	0		FALSE
pd_soygene_1_0_st	0		FALSE
pd_soygene_1_1_st	0		FALSE
pd_sugar_cane	0		FALSE
pd_tomato	0		FALSE
pd_u133_x3p	0		FALSE
pd_vitis_vinifera	0		FALSE
pd_wheat	0		FALSE
pd_x_laevis_2	0		FALSE
pd_x_tropicalis	0		FALSE
pd_xenopus_laevis	0		FALSE
pd_yeast_2	0		FALSE
pd_yg_s98	0		FALSE
pd_zebgene_1_0_st	0		FALSE
pd_zebgene_1_1_st	0		FALSE
pd_zebrafish	0		FALSE
pedbarrayv10_db	0		FALSE
pedbarrayv9_db	0		FALSE
pepDat	0		FALSE
PepsNMRData	0		FALSE
perturbatr	0		TRUE
PFAM_db	0		FALSE
PGA	0		TRUE
phastCons100way_UCSC_hg19	0		FALSE
phastCons100way_UCSC_hg38	0		FALSE
phastCons30way_UCSC_hg38	0		FALSE
phastCons35way_UCSC_mm39	0		FALSE
phastCons7way_UCSC_hg38	0		FALSE
phenoDist	0		TRUE
phenomis	0		TRUE
PhenStat	0		TRUE
phyloP35way_UCSC_mm39	0		FALSE
PhyloProfileData	0		FALSE
Pi	0		TRUE
PICS	0		TRUE
pig_db0	0		FALSE
PING	0		TRUE
pint	0		TRUE
plasFIA	0		FALSE
plasmodiumanophelescdf	0		FALSE
plasmodiumanophelesprobe	0		FALSE
plateCore	0		TRUE
plethy	0		TRUE
plotgardenerData	0		FALSE
plrs	0		TRUE
POCRCannotation_db	0		FALSE
polyester	0		TRUE
PolyPhen_Hsapiens_dbSNP131	0		FALSE
poplarcdf	0		FALSE
poplarprobe	0		FALSE
porcine_db	0		FALSE
porcinecdf	0		FALSE
porcineprobe	0		FALSE
ppiData	0		FALSE
ppiStats	0		TRUE
prebsdata	0		FALSE
preciseTADhub	0		FALSE
PrecisionTrialDrawer	0		TRUE
PREDAsampledata	0		FALSE
predictionet	0		TRUE
primeviewcdf	0		FALSE
primeviewprobe	0		FALSE
ProCoNA	0		TRUE
ProData	0		FALSE
profileplyr	0		TRUE
pRolocdata	0		FALSE
prostateCancerCamcap	0		FALSE
prostateCancerGrasso	0		FALSE
prostateCancerStockholm	0		FALSE
prostateCancerTaylor	0		FALSE
prostateCancerVarambally	0		FALSE
prot2D	0		TRUE
ProteinGymR	0		FALSE
ProteomicsAnnotationHubData	0		TRUE
proteoQC	0		TRUE
ptairData	0		FALSE
PtH2O2lipids	0		FALSE
pulsedSilac	0		TRUE
pumadata	0		FALSE
PWMEnrich_Dmelanogaster_background	0		FALSE
PWMEnrich_Hsapiens_background	0		FALSE
PWMEnrich_Mmusculus_background	0		FALSE
pwOmics	0		TRUE
pwrEWAS_data	0		FALSE
qckitfastq	0		TRUE
QDNAseq_hg19	0		FALSE
QDNAseq_mm10	0		FALSE
qPLEXdata	0		FALSE
qrqc	0		TRUE
QUALIFIER	0		TRUE
QuartPAC	0		TRUE
QUBICdata	0		FALSE
r_assert	0		FALSE
r10kcod_db	0		FALSE
rae230a_db	0		FALSE
rae230acdf	0		FALSE
rae230aprobe	0		FALSE
rae230b_db	0		FALSE
rae230bcdf	0		FALSE
rae230bprobe	0		FALSE
raerdata	0		FALSE
raex10stprobeset_db	0		FALSE
raex10sttranscriptcluster_db	0		FALSE
RaExExonProbesetLocation	0		FALSE
ragene10stprobeset_db	0		FALSE
ragene10sttranscriptcluster_db	0		FALSE
ragene10stv1cdf	0		FALSE
ragene10stv1probe	0		FALSE
ragene11stprobeset_db	0		FALSE
ragene11sttranscriptcluster_db	0		FALSE
ragene20stprobeset_db	0		FALSE
ragene20sttranscriptcluster_db	0		FALSE
ragene21stprobeset_db	0		FALSE
ragene21sttranscriptcluster_db	0		FALSE
rama	0		TRUE
RamiGO	0		TRUE
ramr	0		TRUE
RandomWalkRestartMH	0		TRUE
Rariant	0		TRUE
rat_db0	0		FALSE
rat2302_db	0		FALSE
rat2302cdf	0		FALSE
rat2302frmavecs	0		FALSE
rat2302probe	0		FALSE
ratCHRLOC	0		FALSE
rattoxfxcdf	0		FALSE
rattoxfxprobe	0		FALSE
Rattus_norvegicus	0		FALSE
RBioinf	0		TRUE
RbowtieCuda	0		TRUE
Rcade	0		TRUE
rcellminerData	0		FALSE
RcisTarget	0		TRUE
RcisTarget_hg19_motifDBs_cisbpOnly_500bp	0		FALSE
RCytoscape	0		TRUE
reactome_db	0		FALSE
ReactomeGSA_data	0		FALSE
receptLoss	0		TRUE
RefNet	0		TRUE
RegParallel	0		FALSE
Repitools	0		TRUE
ReQON	0		TRUE
restfulSEData	0		FALSE
RforProteomics	0		FALSE
rGADEM	0		TRUE
rGenomeTracksData	0		FALSE
Rgin	0		TRUE
RGMQL	0		TRUE
RGMQLlib	0		FALSE
RgnTX	0		TRUE
rgu34a_db	0		FALSE
rgu34acdf	0		FALSE
rgu34aprobe	0		FALSE
rgu34b_db	0		FALSE
rgu34bcdf	0		FALSE
rgu34bprobe	0		FALSE
rgu34c_db	0		FALSE
rgu34ccdf	0		FALSE
rgu34cprobe	0		FALSE
rguatlas4k_db	0		FALSE
rgug4105a_db	0		FALSE
rgug4130a_db	0		FALSE
rgug4131a_db	0		FALSE
rhesus_db0	0		FALSE
rhesuscdf	0		FALSE
rhesusprobe	0		FALSE
rheumaticConditionWOLLBOLD	0		FALSE
ri16cod_db	0		FALSE
RiboProfiling	0		TRUE
ribosomaldatabaseproject11_5MgDb	0		FALSE
ricecdf	0		FALSE
riceprobe	0		FALSE
Ringo	0		TRUE
RIPSeekerData	0		FALSE
Risa	0		TRUE
RITANdata	0		FALSE
RLHub	0		FALSE
RLSeq	0		TRUE
RMassBankData	0		FALSE
rMAT	0		TRUE
RmiR	0		TRUE
RmiR_Hs_miRNA	0		FALSE
RmiR_hsa	0		FALSE
RnAgilentDesign028282_db	0		FALSE
RNAinteract	0		TRUE
RNAinteractMAPK	0		FALSE
RNAither	0		TRUE
RNAmodR_Data	0		FALSE
RNAseqData_HNRNPC_bam_chr14	0		FALSE
rnaSeqMap	0		TRUE
RNASeqRData	0		FALSE
RnaSeqSampleSizeData	0		FALSE
RnaSeqTutorial	0		FALSE
RnBeads_hg19	0		FALSE
RnBeads_hg38	0		FALSE
RnBeads_mm10	0		FALSE
RnBeads_mm9	0		FALSE
RnBeads_rn5	0		FALSE
rnu34_db	0		FALSE
rnu34cdf	0		FALSE
rnu34probe	0		FALSE
Roberts2005Annotation_db	0		FALSE
Rolexa	0		TRUE
RpsiXML	0		TRUE
rqubic	0		TRUE
RRBSdata	0		FALSE
rRDP	0		TRUE
rRDPData	0		FALSE
rSFFreader	0		TRUE
rta10probeset_db	0		FALSE
rta10transcriptcluster_db	0		FALSE
rTANDEM	0		TRUE
RTCGA_clinical	0		FALSE
RTCGA_CNV	0		FALSE
RTCGA_methylation	0		FALSE
RTCGA_miRNASeq	0		FALSE
RTCGA_mRNA	0		FALSE
RTCGA_mutations	0		FALSE
RTCGA_PANCAN12	0		FALSE
RTCGA_rnaseq	0		FALSE
RTCGA_RPPA	0		FALSE
Rtreemix	0		TRUE
rtu34_db	0		FALSE
rtu34cdf	0		FALSE
rtu34probe	0		FALSE
runibic	0		TRUE
RUVnormalizeData	0		FALSE
RWebServices	0		TRUE
rwgcod_db	0		FALSE
sampleClassifierData	0		FALSE
sapFinder	0		TRUE
SARC	0		TRUE
saureuscdf	0		FALSE
saureusprobe	0		FALSE
SBGNview_data	0		FALSE
scaeData	0		FALSE
scanMiRData	0		FALSE
scAnnotatR_models	0		FALSE
scATAC_Explorer	0		FALSE
SCATE	0		TRUE
SCATEData	0		FALSE
ScISI	0		TRUE
SCLCBam	0		FALSE
scMultiome	0		FALSE
scpdata	0		FALSE
scRNAseq	0		FALSE
scTHI_data	0		FALSE
seq2pathway_data	0		FALSE
seqArchR	0		TRUE
seqArchRplus	0		TRUE
seqbias	0		TRUE
seqc	0		FALSE
seqCNA	0		TRUE
seqCNA_annot	0		FALSE
seqplots	0		TRUE
seqTools	0		TRUE
serumStimulation	0		FALSE
sesameData	0		FALSE
seventyGeneData	0		FALSE
SFEData	0		FALSE
SGCP	0		TRUE
SharedObject	0		TRUE
SHDZ_db	0		FALSE
shinyMethylData	0		FALSE
shinyTANDEM	0		TRUE
SIFT_Hsapiens_dbSNP132	0		FALSE
SIFT_Hsapiens_dbSNP137	0		FALSE
sigaR	0		TRUE
SigFuge	0		TRUE
signatureSearch	0		TRUE
signatureSearchData	0		FALSE
sigPathway	0		TRUE
silva128_1MgDb	0		FALSE
SimBenchData	0		FALSE
SimBindProfiles	0		TRUE
simpIntLists	0		FALSE
simpleaffy	0		TRUE
simulatorZ	0		TRUE
single	0		TRUE
Single_mTEC_Transcriptomes	0		FALSE
SingleCellMultiModal	0		FALSE
SingleCellSignalR	0		TRUE
SingleMoleculeFootprinting	0		TRUE
SingleMoleculeFootprintingData	0		FALSE
SJava	0		TRUE
SLGI	0		TRUE
smokingMouse	0		FALSE
SMTrackR	0		TRUE
SNAData	0		FALSE
SNAGEEdata	0		FALSE
snapCGH	0		TRUE
SNPhoodData	0		FALSE
SNPlocs_Hsapiens_dbSNP_20090506	0		FALSE
SNPlocs_Hsapiens_dbSNP_20100427	0		FALSE
SNPlocs_Hsapiens_dbSNP_20101109	0		FALSE
SNPlocs_Hsapiens_dbSNP_20110815	0		FALSE
SNPlocs_Hsapiens_dbSNP_20111119	0		FALSE
SNPlocs_Hsapiens_dbSNP_20120608	0		FALSE
SNPlocs_Hsapiens_dbSNP141_GRCh38	0		FALSE
SNPlocs_Hsapiens_dbSNP142_GRCh37	0		FALSE
SNPlocs_Hsapiens_dbSNP144_GRCh37	0		FALSE
SNPlocs_Hsapiens_dbSNP144_GRCh38	0		FALSE
SNPlocs_Hsapiens_dbSNP149_GRCh38	0		FALSE
SNPlocs_Hsapiens_dbSNP150_GRCh38	0		FALSE
SNPlocs_Hsapiens_dbSNP151_GRCh38	0		FALSE
SNPlocs_Hsapiens_dbSNP155_GRCh37	0		FALSE
SNPlocs_Hsapiens_dbSNP155_GRCh38	0		FALSE
soGGi	0		TRUE
sojourner	0		TRUE
SomaScan_db	0		FALSE
SomatiCAData	0		FALSE
SomaticCancerAlterations	0		FALSE
soybeancdf	0		FALSE
soybeanprobe	0		FALSE
SpaceMarkers	0		TRUE
spade	0		TRUE
SpatialDatasets	0		FALSE
spatialDmelxsim	0		FALSE
spatialLIBD	0		FALSE
spatzie	0		TRUE
SpectriPy	0		TRUE
SpikeIn	0		FALSE
SpikeInSubset	0		FALSE
spliceR	0		TRUE
spliceSites	0		TRUE
spqnData	0		FALSE
SQLDataFrame	0		TRUE
STAN	0		TRUE
staRank	0		TRUE
Starr	0		TRUE
STdeconvolve	0		TRUE
stemHypoxia	0		FALSE
stepwiseCM	0		TRUE
STexampleData	0		FALSE
stjudem	0		FALSE
Streamer	0		TRUE
SubcellularSpatialData	0		FALSE
sugarcanecdf	0		FALSE
sugarcaneprobe	0		FALSE
supraHex	0		TRUE
SVM2CRMdata	0		FALSE
SwimR	0		TRUE
synapter	0		TRUE
synapterdata	0		FALSE
synaptome_data	0		FALSE
synaptome_db	0		FALSE
systemPipeRdata	0		FALSE
TabulaMurisData	0		FALSE
TabulaMurisSenisData	0		FALSE
targetscan_Hs_eg_db	0		FALSE
targetscan_Mm_eg_db	0		FALSE
TargetScoreData	0		FALSE
TargetSearchData	0		FALSE
tartare	0		FALSE
TBX20BamSubset	0		FALSE
TCGAbiolinksGUI_data	0		FALSE
TCGAcrcmiRNA	0		FALSE
TCGAcrcmRNA	0		FALSE
TCGAMethylation450k	0		FALSE
tcgaWGBSData_hg19	0		FALSE
TCGAWorkflowData	0		FALSE
TDARACNE	0		TRUE
TENET_AnnotationHub	0		FALSE
TENET_ExperimentHub	0		FALSE
TENxBrainData	0		FALSE
TENxBUSData	0		FALSE
TENxPBMCData	0		FALSE
TENxVisiumData	0		FALSE
TENxXeniumData	0		FALSE
test1cdf	0		FALSE
test2cdf	0		FALSE
test3cdf	0		FALSE
test3probe	0		FALSE
tidytof	0		TRUE
TileDBArray	0		TRUE
timecoursedata	0		FALSE
TimerQuant	0		FALSE
tinesath1cdf	0		FALSE
tinesath1probe	0		FALSE
tissueTreg	0		FALSE
TitanCNA	0		TRUE
TMExplorer	0		FALSE
tofsims	0		TRUE
tofsimsData	0		FALSE
tomatocdf	0		FALSE
tomatoprobe	0		FALSE
ToPASeq	0		TRUE
topdownrdata	0		FALSE
TransOmicsData	0		FALSE
TransView	0		TRUE
TraRe	0		TRUE
Travel	0		TRUE
trigger	0		TRUE
tscR	0		TRUE
TSSi	0		TRUE
tuberculosis	0		FALSE
TumourMethData	0		FALSE
tweeDEseqCountData	0		FALSE
TxDb_Athaliana_BioMart_plantsmart22	0		FALSE
TxDb_Athaliana_BioMart_plantsmart25	0		FALSE
TxDb_Athaliana_BioMart_plantsmart28	0		FALSE
TxDb_Athaliana_BioMart_plantsmart51	0		FALSE
TxDb_Btaurus_UCSC_bosTau8_refGene	0		FALSE
TxDb_Btaurus_UCSC_bosTau9_refGene	0		FALSE
TxDb_Celegans_UCSC_ce11_ensGene	0		FALSE
TxDb_Celegans_UCSC_ce11_refGene	0		FALSE
TxDb_Celegans_UCSC_ce6_ensGene	0		FALSE
TxDb_Cfamiliaris_UCSC_canFam3_refGene	0		FALSE
TxDb_Cfamiliaris_UCSC_canFam4_refGene	0		FALSE
TxDb_Cfamiliaris_UCSC_canFam5_refGene	0		FALSE
TxDb_Cfamiliaris_UCSC_canFam6_refGene	0		FALSE
TxDb_Dmelanogaster_UCSC_dm3_ensGene	0		FALSE
TxDb_Dmelanogaster_UCSC_dm6_ensGene	0		FALSE
TxDb_Drerio_UCSC_danRer10_refGene	0		FALSE
TxDb_Drerio_UCSC_danRer11_refGene	0		FALSE
TxDb_Ggallus_UCSC_galGal4_refGene	0		FALSE
TxDb_Ggallus_UCSC_galGal5_refGene	0		FALSE
TxDb_Ggallus_UCSC_galGal6_refGene	0		FALSE
TxDb_Hsapiens_BioMart_igis	0		FALSE
TxDb_Hsapiens_UCSC_hg18_knownGene	0		FALSE
TxDb_Hsapiens_UCSC_hg19_knownGene	0		FALSE
TxDb_Hsapiens_UCSC_hg19_lincRNAsTranscripts	0		FALSE
TxDb_Hsapiens_UCSC_hg19_refGene	0		FALSE
TxDb_Hsapiens_UCSC_hg38_knownGene	0		FALSE
TxDb_Hsapiens_UCSC_hg38_refGene	0		FALSE
TxDb_Mmulatta_UCSC_rheMac10_refGene	0		FALSE
TxDb_Mmulatta_UCSC_rheMac3_refGene	0		FALSE
TxDb_Mmulatta_UCSC_rheMac8_refGene	0		FALSE
TxDb_Mmusculus_UCSC_mm10_ensGene	0		FALSE
TxDb_Mmusculus_UCSC_mm10_knownGene	0		FALSE
TxDb_Mmusculus_UCSC_mm39_knownGene	0		FALSE
TxDb_Mmusculus_UCSC_mm39_refGene	0		FALSE
TxDb_Mmusculus_UCSC_mm9_knownGene	0		FALSE
TxDb_Ptroglodytes_UCSC_panTro4_refGene	0		FALSE
TxDb_Ptroglodytes_UCSC_panTro5_refGene	0		FALSE
TxDb_Ptroglodytes_UCSC_panTro6_refGene	0		FALSE
TxDb_Rnorvegicus_BioMart_igis	0		FALSE
TxDb_Rnorvegicus_UCSC_rn4_ensGene	0		FALSE
TxDb_Rnorvegicus_UCSC_rn5_refGene	0		FALSE
TxDb_Rnorvegicus_UCSC_rn6_ncbiRefSeq	0		FALSE
TxDb_Rnorvegicus_UCSC_rn6_refGene	0		FALSE
TxDb_Rnorvegicus_UCSC_rn7_refGene	0		FALSE
TxDb_Scerevisiae_UCSC_sacCer2_sgdGene	0		FALSE
TxDb_Scerevisiae_UCSC_sacCer3_sgdGene	0		FALSE
TxDb_Sscrofa_UCSC_susScr11_refGene	0		FALSE
TxDb_Sscrofa_UCSC_susScr3_refGene	0		FALSE
tximportData	0		FALSE
u133aaofav2cdf	0		FALSE
u133x3p_db	0		FALSE
u133x3pcdf	0		FALSE
u133x3pprobe	0		FALSE
UCSCRepeatMasker	0		FALSE
UKB_COVID19	0		FALSE
Ularcirc	0		TRUE
UniProtKeywords	0		FALSE
usearchlite	0		FALSE
VariantToolsData	0		FALSE
VectraPolarisData	0		FALSE
vitisviniferacdf	0		FALSE
vitisviniferaprobe	0		FALSE
vulcandata	0		FALSE
waddR	0		TRUE
waveTiling	0		TRUE
waveTilingData	0		FALSE
WeberDivechaLCdata	0		FALSE
WES_1KG_WUGSC	0		FALSE
WGSmapp	0		FALSE
wheatcdf	0		FALSE
wheatprobe	0		FALSE
worm_db0	0		FALSE
xcoredata	0		FALSE
xenopus_db0	0		FALSE
xenopuslaeviscdf	0		FALSE
xenopuslaevisprobe	0		FALSE
XhybCasneuf	0		FALSE
xlaevis_db	0		FALSE
xlaevis2cdf	0		FALSE
xlaevis2probe	0		FALSE
XNAString	0		TRUE
xps	0		TRUE
XtraSNPlocs_Hsapiens_dbSNP141_GRCh38	0		FALSE
XtraSNPlocs_Hsapiens_dbSNP144_GRCh37	0		FALSE
XtraSNPlocs_Hsapiens_dbSNP144_GRCh38	0		FALSE
xtropicaliscdf	0		FALSE
xtropicalisprobe	0		FALSE
yaqcaffy	0		TRUE
ye6100subacdf	0		FALSE
ye6100subbcdf	0		FALSE
ye6100subccdf	0		FALSE
ye6100subdcdf	0		FALSE
yeast_db0	0		FALSE
yeast2_db	0		FALSE
yeast2cdf	0		FALSE
yeast2probe	0		FALSE
yeastCC	0		FALSE
yeastExpData	0		FALSE
yeastGSData	0		FALSE
yeastNagalakshmi	0		FALSE
yeastRNASeq	0		FALSE
ygs98_db	0		FALSE
ygs98cdf	0		FALSE
ygs98frmavecs	0		FALSE
ygs98probe	0		FALSE
yri1kgv	0		FALSE
zebrafish_db	0		FALSE
zebrafish_db0	0		FALSE
zebrafishcdf	0		FALSE
zebrafishprobe	0		FALSE
zebrafishRNASeq	0		FALSE
zlibbioc	0		TRUE
